{
  "results": [
    {
      "command": "warp",
      "mean": 0.24377854326,
      "stddev": 0.04740427931467564,
      "median": 0.24715558856,
      "user": 0.25500183,
      "system": 0.02946904,
      "min": 0.16533056856,
      "max": 0.46129685956000005,
      "times": [
        0.19238006856,
        0.17772160956000002,
        0.23861435956000002,
        0.25274315156,
        0.17227327656000002,
        0.25809973556,
        0.32010931856,
        0.24922556856,
        0.31578023456000004,
        0.20270656856000002,
        0.20682852656,
        0.17457415156,
        0.17337248456,
        0.16533056856,
        0.23012977656000003,
        0.31042640156,
        0.24027019256,
        0.25652140156000003,
        0.17283444356000002,
        0.20675781856,
        0.23487727656000001,
        0.26165623456000003,
        0.25721319356,
        0.26033715156000004,
        0.23351640156,
        0.28993048556,
        0.31950248556,
        0.23499652656,
        0.30514106856,
        0.23622036056,
        0.19777065156,
        0.28237836056000004,
        0.25653927656000003,
        0.25023660956,
        0.19968506856,
        0.25515286056,
        0.25880869356,
        0.25521523456,
        0.17134806856,
        0.28489927656,
        0.24747210956,
        0.33343481756000004,
        0.26469156856000003,
        0.26539635956,
        0.25265856856,
        0.24947669356000002,
        0.25343669256,
        0.23604177656000003,
        0.28267673456000003,
        0.23301269356,
        0.32957427656000005,
        0.23742898456,
        0.17916198456000001,
        0.27039244256,
        0.17906127656,
        0.17216690156,
        0.23486144356000002,
        0.24416131856,
        0.25762644256,
        0.24968506756000003,
        0.25925527656,
        0.26026869356000004,
        0.24566402656000003,
        0.31581115156,
        0.30845302656,
        0.24941111056000004,
        0.25359640156,
        0.19243969256000001,
        0.23254273456000002,
        0.19004460956000002,
        0.23068952656000002,
        0.20437044356,
        0.18156790156000002,
        0.23801173556000002,
        0.23925452656,
        0.17187227656,
        0.25087644356,
        0.25228698556,
        0.23519265156000002,
        0.23785348456000002,
        0.33565844356,
        0.24683906756000001,
        0.46129685956000005,
        0.19309819356000002,
        0.24769810956,
        0.20470390156,
        0.20037273556000001,
        0.25714081856000004,
        0.27280327656000003,
        0.23930098456,
        0.27001752656,
        0.23124260956,
        0.23420231756,
        0.18061027656,
        0.29028777656000004,
        0.29104298556,
        0.30432202656,
        0.17556010956,
        0.26470115156,
        0.19294936056
      ],
      "exit_codes": [
        0,
        0,
        0,
        0,
        0,
        0,
        0,
        0,
        0,
        0,
        0,
        0,
        0,
        0,
        0,
        0,
        0,
        0,
        0,
        0,
        0,
        0,
        0,
        0,
        0,
        0,
        0,
        0,
        0,
        0,
        0,
        0,
        0,
        0,
        0,
        0,
        0,
        0,
        0,
        0,
        0,
        0,
        0,
        0,
        0,
        0,
        0,
        0,
        0,
        0,
        0,
        0,
        0,
        0,
        0,
        0,
        0,
        0,
        0,
        0,
        0,
        0,
        0,
        0,
        0,
        0,
        0,
        0,
        0,
        0,
        0,
        0,
        0,
        0,
        0,
        0,
        0,
        0,
        0,
        0,
        0,
        0,
        0,
        0,
        0,
        0,
        0,
        0,
        0,
        0,
        0,
        0,
        0,
        0,
        0,
        0,
        0,
        0,
        0,
        0
      ]
    },
    {
      "command": "cargo",
      "mean": 0.26208704956,
      "stddev": 0.01550683306748368,
      "median": 0.25603777656000004,
      "user": 0.12158398999999998,
      "system": 0.12139706000000001,
      "min": 0.24250277656000002,
      "max": 0.31619119356000003,
      "times": [
        0.25063269356,
        0.26586848456,
        0.26801269356,
        0.25882898456000003,
        0.25437094356,
        0.24991873556,
        0.25723873456,
        0.26096131856,
        0.24636565156,
        0.24998827656,
        0.24745810956000003,
        0.24984627656000002,
        0.24703473456000002,
        0.24543565156000002,
        0.24250277656000002,
        0.27354081856,
        0.27708140156,
        0.30538456856,
        0.30163561056000004,
        0.29044002656,
        0.29635615156,
        0.31585531856000004,
        0.28213911056,
        0.29079669356000004,
        0.30402677656000004,
        0.30248744356,
        0.28827898456,
        0.28342811056,
        0.28734135956,
        0.28365565156,
        0.27311856856,
        0.31619119356000003,
        0.26398115156,
        0.26028265156,
        0.25725961056,
        0.26274244356000004,
        0.26723069256000004,
        0.26292090156000003,
        0.25432531856,
        0.26080052656,
        0.25296531856000004,
        0.25131498456,
        0.26659798556000003,
        0.25327306856000004,
        0.25241644356000004,
        0.25799327656000004,
        0.26302819256000004,
        0.26047648456,
        0.25103527656,
        0.25599119356,
        0.25275948556,
        0.25290040156,
        0.25666790156,
        0.25439827656,
        0.25366390156,
        0.25854865156,
        0.25335719356,
        0.26083598456,
        0.25700110956,
        0.25398265156,
        0.25529431856,
        0.25525002656,
        0.26231377656,
        0.25568381856,
        0.25388873456,
        0.26316256856000003,
        0.25504273456000004,
        0.26172402656,
        0.25408460956,
        0.25425586056,
        0.25508152656,
        0.25266777656,
        0.25646535956,
        0.25370386056,
        0.25447498456,
        0.25468719356,
        0.25950802656,
        0.25388406856,
        0.25648681856,
        0.25635415156,
        0.25310986056,
        0.25361723456,
        0.25690369356000003,
        0.25608435956000003,
        0.25585606756,
        0.25342615156000003,
        0.25983810956000003,
        0.25302785956,
        0.25766619356000003,
        0.25078411056,
        0.25345356856,
        0.25388156856,
        0.25572011056,
        0.25247836056,
        0.25598152656,
        0.25366035956,
        0.25307110956,
        0.25521198456,
        0.26021952656,
        0.26572602656
      ],
      "exit_codes": [
        0,
        0,
        0,
        0,
        0,
        0,
        0,
        0,
        0,
        0,
        0,
        0,
        0,
        0,
        0,
        0,
        0,
        0,
        0,
        0,
        0,
        0,
        0,
        0,
        0,
        0,
        0,
        0,
        0,
        0,
        0,
        0,
        0,
        0,
        0,
        0,
        0,
        0,
        0,
        0,
        0,
        0,
        0,
        0,
        0,
        0,
        0,
        0,
        0,
        0,
        0,
        0,
        0,
        0,
        0,
        0,
        0,
        0,
        0,
        0,
        0,
        0,
        0,
        0,
        0,
        0,
        0,
        0,
        0,
        0,
        0,
        0,
        0,
        0,
        0,
        0,
        0,
        0,
        0,
        0,
        0,
        0,
        0,
        0,
        0,
        0,
        0,
        0,
        0,
        0,
        0,
        0,
        0,
        0,
        0,
        0,
        0,
        0,
        0,
        0
      ]
    }
  ]
}
