{
  "results": [
    {
      "command": "warp",
      "mean": 0.20138010345000001,
      "stddev": 0.004024828737491289,
      "median": 0.20049134924,
      "user": 0.21130321999999999,
      "system": 0.02730713,
      "min": 0.19290624474,
      "max": 0.21959082874000002,
      "times": [
        0.19928941174000003,
        0.19882895274000004,
        0.20064845374000004,
        0.20726524574000002,
        0.19777007774000002,
        0.19644066174000002,
        0.20498103674,
        0.20049816174,
        0.20483561974000003,
        0.20017132874000002,
        0.21959082874000002,
        0.20029982874000002,
        0.20187516174000003,
        0.19820211974000002,
        0.19850795374000002,
        0.20528832774000003,
        0.19935770374000003,
        0.19695899574000003,
        0.19847291174000004,
        0.19867749474000002,
        0.20005845274000003,
        0.20397657774000003,
        0.19546786974000002,
        0.20210082874000002,
        0.20272503674000003,
        0.20460687074000003,
        0.20092295374000002,
        0.19422203674000002,
        0.20618899474000002,
        0.20333216174000002,
        0.20095499474000003,
        0.19713432874000003,
        0.19932399474000004,
        0.19964086974000003,
        0.20969774474000002,
        0.19290624474,
        0.19975432874000001,
        0.20072011974000004,
        0.19983524574000003,
        0.19577207874000002,
        0.20181962074,
        0.20058870274,
        0.20303549574000002,
        0.19531403674000003,
        0.20720807774000002,
        0.20339737074000003,
        0.19649857874,
        0.20380228674000003,
        0.20060057874000004,
        0.20460841174000002,
        0.20042120374000003,
        0.20149728674000003,
        0.20048453674000002,
        0.20241111974000003,
        0.20184212074000002,
        0.20495824474000002,
        0.19659453674000002,
        0.20326541174,
        0.20236070374000004,
        0.19781503674000003,
        0.19874478674,
        0.20008857874000002,
        0.20206857774000003,
        0.19907049474000002,
        0.20410461974000002,
        0.20144174574,
        0.20520628674000002,
        0.20800791174000002,
        0.20889832874000003,
        0.20819403674000003,
        0.19915124474,
        0.20028420374000003,
        0.21201111974000003,
        0.19901636974000003,
        0.20228132874000002,
        0.19752003674000002,
        0.19973291174000002,
        0.19633853674,
        0.20374753674,
        0.21004486974000003,
        0.19871466174000002,
        0.19953053674000001,
        0.20482124574000002,
        0.20018570374000003,
        0.20417224574000004,
        0.19802595374000004,
        0.20491599474000002,
        0.19632278674000003,
        0.20042732874000002,
        0.20296657874000001,
        0.19729053674000002,
        0.20035703674000002,
        0.19779749574000002,
        0.20545582874,
        0.20018091174000002,
        0.19994891174,
        0.20199787074000003,
        0.20010757874000001,
        0.20003961974000004,
        0.20297261974000003
      ],
      "exit_codes": [
        0,
        0,
        0,
        0,
        0,
        0,
        0,
        0,
        0,
        0,
        0,
        0,
        0,
        0,
        0,
        0,
        0,
        0,
        0,
        0,
        0,
        0,
        0,
        0,
        0,
        0,
        0,
        0,
        0,
        0,
        0,
        0,
        0,
        0,
        0,
        0,
        0,
        0,
        0,
        0,
        0,
        0,
        0,
        0,
        0,
        0,
        0,
        0,
        0,
        0,
        0,
        0,
        0,
        0,
        0,
        0,
        0,
        0,
        0,
        0,
        0,
        0,
        0,
        0,
        0,
        0,
        0,
        0,
        0,
        0,
        0,
        0,
        0,
        0,
        0,
        0,
        0,
        0,
        0,
        0,
        0,
        0,
        0,
        0,
        0,
        0,
        0,
        0,
        0,
        0,
        0,
        0,
        0,
        0,
        0,
        0,
        0,
        0,
        0,
        0
      ]
    },
    {
      "command": "cargo",
      "mean": 0.22274028135,
      "stddev": 0.006107005614905926,
      "median": 0.22201399524000004,
      "user": 0.11356087000000004,
      "system": 0.08911920999999996,
      "min": 0.21196203674000003,
      "max": 0.24789428674000002,
      "times": [
        0.21549749474000002,
        0.22247941174000002,
        0.22257991174000002,
        0.21993991174000002,
        0.21986224474000002,
        0.22337499474000003,
        0.21892503674000002,
        0.21888137074000003,
        0.21913836974000003,
        0.21558286974000002,
        0.21603132874000003,
        0.21822811974000003,
        0.22038262074000003,
        0.21756378674000001,
        0.21972253674000003,
        0.22098949474000001,
        0.21797486974000002,
        0.21912436974000002,
        0.21803766174000003,
        0.22828595374000002,
        0.22518845374000002,
        0.22478853674000002,
        0.21711336974000003,
        0.21855149574000002,
        0.22385324574,
        0.22897882874000003,
        0.22311666174000003,
        0.23161991174000002,
        0.22876616174000003,
        0.21978845374000003,
        0.21915916174000002,
        0.22261387074000002,
        0.23285211974000003,
        0.22597766174000003,
        0.23141266174000003,
        0.23825107874000004,
        0.22421666174000002,
        0.22014753674000004,
        0.21941491174000002,
        0.21196203674000003,
        0.21604307774000003,
        0.21605078674000003,
        0.21819678674000004,
        0.22330707874000003,
        0.22763386974000002,
        0.22619532874000003,
        0.22397311974000003,
        0.21928203674000002,
        0.22011928674000003,
        0.22676361974000003,
        0.22863682874000002,
        0.24657524574,
        0.23007757874000004,
        0.22250149574000003,
        0.21752578674000003,
        0.22247295374000003,
        0.22510416174000003,
        0.22647228674000003,
        0.23049491174000003,
        0.22523741174000003,
        0.24789428674000002,
        0.22368191174000002,
        0.22334991174000002,
        0.21921291174000002,
        0.22459153674000001,
        0.22105466174000002,
        0.22710457874000003,
        0.21787720374000002,
        0.22741253674000003,
        0.21994182774,
        0.21482670274000001,
        0.21863474574000002,
        0.22095695274000002,
        0.21984249574000003,
        0.21675282774000001,
        0.22034961974000003,
        0.22210637074000003,
        0.22738020374000004,
        0.23014949474000002,
        0.23534866174000002,
        0.22415074574000002,
        0.22698611974000002,
        0.22120786974000003,
        0.21527520374000003,
        0.21633528674000002,
        0.22654653674000003,
        0.22796545374000002,
        0.21914166174000002,
        0.21585786974,
        0.22501845374,
        0.21550257874000003,
        0.21825982874000002,
        0.22351036974000002,
        0.22257178674000003,
        0.21441586974000001,
        0.22192161974000002,
        0.23026945374000002,
        0.22270907774000004,
        0.21668241174000002,
        0.21819166174000001
      ],