{
  "results": [
    {
      "command": "warp",
      "mean": 0.21192088722999994,
      "stddev": 0.005969439284824626,
      "median": 0.2106604848,
      "user": 0.2199229699999999,
      "system": 0.028542660000000004,
      "min": 0.2014798798,
      "max": 0.2302697548,
      "times": [
        0.2079486718,
        0.2016058798,
        0.2198811298,
        0.2029564218,
        0.2064202968,
        0.2104013378,
        0.2092261308,
        0.2050533388,
        0.20457937980000002,
        0.2014798798,
        0.2249377128,
        0.2090816298,
        0.2116644218,
        0.2064928798,
        0.2116720048,
        0.2175039638,
        0.22731850480000002,
        0.2041134218,
        0.2089918798,
        0.2075226718,
        0.2031147548,
        0.2143868798,
        0.2061205048,
        0.2102746298,
        0.2141571298,
        0.20921954680000002,
        0.2166990888,
        0.2030471308,
        0.2142368798,
        0.2072699638,
        0.2049046718,
        0.2104516298,
        0.2217819638,
        0.2076719218,
        0.2168836718,
        0.20967446380000002,
        0.2025090048,
        0.2108521298,
        0.20440504680000002,
        0.2192027138,
        0.2080585468,
        0.2072498808,
        0.2107292968,
        0.2083227138,
        0.2119344638,
        0.2230277968,
        0.20680892180000002,
        0.2090043798,
        0.2092740468,
        0.2136902138,
        0.2208691298,
        0.2053904638,
        0.2117420058,
        0.2078283388,
        0.2099300468,
        0.2091018808,
        0.2107887968,
        0.2094760048,
        0.2084987558,
        0.2169247558,
        0.2126989638,
        0.20858787980000001,
        0.2099652968,
        0.2082186308,
        0.2148927968,
        0.21389763080000002,
        0.21052354680000002,
        0.2080055058,
        0.2074754218,
        0.2187400058,
        0.2233572968,
        0.2166841718,
        0.2093717128,
        0.2171482968,
        0.2138337548,
        0.2118132968,
        0.2231587968,
        0.2131947138,
        0.2157261298,
        0.20901837980000001,
        0.2121308808,
        0.2103143798,
        0.2126207558,
        0.2199905888,
        0.2108766718,
        0.22768150480000002,
        0.2100871718,
        0.2171656298,
        0.2125869628,
        0.2129644218,
        0.2133350048,
        0.2074781298,
        0.2166843798,
        0.2230917968,
        0.21288829680000002,
        0.2110442968,
        0.2188791718,
        0.2302697548,
        0.2106427558,
        0.2106782138
      ],
      "exit_codes": [
        0,
        0,
        0,
        0,
        0,
        0,
        0,
        0,
        0,
        0,
        0,
        0,
        0,
        0,
        0,
        0,
        0,
        0,
        0,
        0,
        0,
        0,
        0,
        0,
        0,
        0,
        0,
        0,
        0,
        0,
        0,
        0,
        0,
        0,
        0,
        0,
        0,
        0,
        0,
        0,
        0,
        0,
        0,
        0,
        0,
        0,
        0,
        0,
        0,
        0,
        0,
        0,
        0,
        0,
        0,
        0,
        0,
        0,
        0,
        0,
        0,
        0,
        0,
        0,
        0,
        0,
        0,
        0,
        0,
        0,
        0,
        0,
        0,
        0,
        0,
        0,
        0,
        0,
        0,
        0,
        0,
        0,
        0,
        0,
        0,
        0,
        0,
        0,
        0,
        0,
        0,
        0,
        0,
        0,
        0,
        0,
        0,
        0,
        0,
        0
      ]
    },
    {
      "command": "cargo",
      "mean": 8.042949741409998,
      "stddev": 0.2673382589890854,
      "median": 7.974346775800001,
      "user": 9.686394379999998,
      "system": 3.70889592,
      "min": 7.7833141718,
      "max": 9.8882605048,
      "times": [
        7.9799213388000005,
        8.258937421799999,
        7.8649512138,
        7.8445257968,
        8.0084137968,
        7.8606457968,
        7.868058046800001,
        7.9548875058,
        7.8081600468,
        7.7949904628,
        7.8722388388,
        7.9984047548,
        8.2289927128,
        7.9219770468,
        7.9253791718,
        7.8491507548,
        7.8880152968,
        8.0093642558,
        7.8302435058,
        7.9869581718000004,
        7.8724937138,
        7.9940242138,
        7.8321529628,
        8.4509428388,
        8.2791465888,
        8.309208546799999,
        7.958221962800001,
        7.869851504800001,
        7.8791187968,
        7.841050629800001,
        7.829089129800001,
        8.3562768798,
        8.3108743388,
        8.0921890468,
        8.1363095888,
        8.1138055468,
        8.0530197138,
        7.9092422548000005,
        7.8461574628,
        7.8683220468,
        7.8513723388,
        8.356557755799999,
        8.1518672138,
        7.9171970468,
        8.0132874218,
        7.9355793798,
        7.9734802138,
        7.8388331298,
        8.0189645888,
        8.0275015048,
        8.1853277558,
        7.880238379800001,
        7.7833141718,
        7.9692403808000005,
        7.9939260888,
        7.9490150468000005,
        8.1285936718,
        8.1283135468,
        8.2914543378,
        8.3675902138,
        8.1887015048,
        7.8987370048,
        7.997881088800001,
        8.1869977548,
        7.9326549218,
        8.0647104638,
        7.9035059218,
        7.9355104218,
        8.277607546799999,
        8.070883712799999,
        8.1676159218,
        7.8255057138,
        7.8984290468000005,
        8.253519254799999,
        8.0162706308,
        7.8186615468000005,
        7.8496266298,
        8.3862532968,
        8.112681838799999,
        8.0183382138,
        7.9552260468,
        7.9189537548,
        9.8882605048,
        8.0050230888,
        7.8931967138,
        7.9128162548,
        7.9472749218,
        8.0967438798,
        7.860769046800001,
        8.5074519638,
        7.9752133378000005,
        8.0668499638,
        7.8816690048,
        8.430386213799999,
        7.8357655888,
        7.9848468388,
        7.876266004800001,
        7.8775497558000005,
        8.743932963799999,
        8.5153179638
      ],
      "exit_codes": [
        0,
        0,
        0,
        0,
        0,
        0,
        0,
        0,
        0,
        0,
        0,
        0,
        0,
        0,
        0,
        0,
        0,
        0,
        0,
        0,
        0,
        0,
        0,
        0,
        0,
        0,
        0,
        0,
        0,
        0,
        0,
        0,
        0,
        0,
        0,
        0,
        0,
        0,
        0,
        0,
        0,
        0,
        0,
        0,
        0,
        0,
        0,
        0,
        0,
        0,
        0,
        0,
        0,
        0,
        0,
        0,
        0,
        0,
        0,
        0,
        0,
        0,
        0,
        0,
        0,
        0,
        0,
        0,
        0,
        0,
        0,
        0,
        0,
        0,
        0,
        0,
        0,
        0,
        0,
        0,
        0,
        0,
        0,
        0,
        0,
        0,
        0,
        0,
        0,
        0,
        0,
        0,
        0,
        0,
        0,
        0,
        0,
        0,
        0,
        0
      ]
    }
  ]
}
