{
  "results": [
    {
      "command": "warp",
      "mean": 0.18745051873000004,
      "stddev": 0.0059927180871976946,
      "median": 0.18591920696,
      "user": 0.19440268,
      "system": 0.02742193999999998,
      "min": 0.17733508196,
      "max": 0.20560083196,
      "times": [
        0.18359133196,
        0.18007362296,
        0.18134683196,
        0.19863912396,
        0.17960012296,
        0.18185270696,
        0.18545270696,
        0.18308616496,
        0.19539458096,
        0.18293512296,
        0.18576533196,
        0.18849970696,
        0.18326149896,
        0.19884387296,
        0.18702658196,
        0.20560083196,
        0.18084962296,
        0.19374074896,
        0.18571299796,
        0.17940999796,
        0.18903574796,
        0.18685349896,
        0.18553824796,
        0.18881474796,
        0.18277312396,
        0.18751095696,
        0.18241887396,
        0.18593803996,
        0.18312708196,
        0.18135924796,
        0.18000141496,
        0.18573928996,
        0.18532653996,
        0.18784916496,
        0.18327620696,
        0.18365116496,
        0.18475483196,
        0.17789828996,
        0.18497933196,
        0.18589641496,
        0.18125987296,
        0.18729887396,
        0.18888258196,
        0.18948816496,
        0.18630008196,
        0.18449649796,
        0.19303799896,
        0.18577978996,
        0.19417891496,
        0.20358899896,
        0.18944220596,
        0.19672870696,
        0.17733508196,
        0.18880074796,
        0.20015520596,
        0.18264533196,
        0.20140008096,
        0.18333308196,
        0.18144774796,
        0.18866024896,
        0.18358699796,
        0.18387299796,
        0.18511316496,
        0.18590037396,
        0.18597178996,
        0.18414678996,
        0.19231416496,
        0.19161812296,
        0.17804016496,
        0.19325616496,
        0.19215562296,
        0.18305508096,
        0.18357037296,
        0.20509241496,
        0.18156699896,
        0.19595537296,
        0.18771420696,
        0.19013578996,
        0.18428370696,
        0.18534983196,
        0.18675287296,
        0.18219774796,
        0.19035558196,
        0.18723241496,
        0.18158812296,
        0.18530228996,
        0.18920620596,
        0.18980949896,
        0.18450499796,
        0.18666224796,
        0.18367512296,
        0.18819349796,
        0.19263420696,
        0.19172587296,
        0.18985483096,
        0.20132862296,
        0.18851278996,
        0.19572270596,
        0.19241708196,
        0.18698908196
      ],
      "exit_codes": [
        0,
        0,
        0,
        0,
        0,
        0,
        0,
        0,
        0,
        0,
        0,
        0,
        0,
        0,
        0,
        0,
        0,
        0,
        0,
        0,
        0,
        0,
        0,
        0,
        0,
        0,
        0,
        0,
        0,
        0,
        0,
        0,
        0,
        0,
        0,
        0,
        0,
        0,
        0,
        0,
        0,
        0,
        0,
        0,
        0,
        0,
        0,
        0,
        0,
        0,
        0,
        0,
        0,
        0,
        0,
        0,
        0,
        0,
        0,
        0,
        0,
        0,
        0,
        0,
        0,
        0,
        0,
        0,
        0,
        0,
        0,
        0,
        0,
        0,
        0,
        0,
        0,
        0,
        0,
        0,
        0,
        0,
        0,
        0,
        0,
        0,
        0,
        0,
        0,
        0,
        0,
        0,
        0,
        0,
        0,
        0,
        0,
        0,
        0,
        0
      ]
    },
    {
      "command": "cargo",
      "mean": 8.050001652879997,
      "stddev": 0.3109619954417613,
      "median": 7.91921806046,
      "user": 9.675139669999998,
      "system": 3.693025970000001,
      "min": 7.79225874896,
      "max": 9.81374383196,
      "times": [
        8.09481491496,
        7.93028628996,
        7.99916133196,
        8.06310866496,
        8.18736703996,
        7.95333533096,
        8.08108141496,
        7.95589303996,
        7.87570099896,
        7.79706728996,
        7.86467366496,
        7.87228891496,
        7.88924358196,
        8.47792016496,
        7.8871054569600005,
        7.84036949796,
        7.88592712296,
        7.80964712296,
        7.89427637296,
        8.02657083096,
        8.01440866496,
        8.38365220696,
        8.92050703996,
        7.89511299896,
        7.8628862899600005,
        7.89185483096,
        8.27558320696,
        7.83167466496,
        8.43701199896,
        7.91727583196,
        7.84762624896,
        8.35029441496,
        7.91917378996,
        7.86328070696,
        7.80681503996,
        7.86341528996,
        7.86263733196,
        7.89161628996,
        7.98302428996,
        8.23886233096,
        7.80210733196,
        8.96118812296,
        8.50998366496,
        7.89506770696,
        7.97868620696,
        7.98492403996,
        7.96129220696,
        8.14904037296,
        7.998625456959999,
        7.999015289960001,
        8.08548653996,
        7.807595789960001,
        7.88934545696,
        8.24417749896,
        7.87284741496,
        7.88172599796,
        7.89975895696,
        7.81904503996,
        7.9499790399600005,
        8.05126549796,
        7.9552875399600005,
        7.90059020596,
        8.28937870596,
        7.88157970696,
        8.29942624896,
        7.83051853996,
        8.00629920696,
        7.9192623309600005,
        7.89330212296,
        7.85596899796,
        8.00191999796,
        8.16852078996,
        7.90946599796,
        7.86350941496,
        7.87717403996,
        8.65934049796,
        9.81374383196,
        8.54919045696,
        8.61254683096,
        7.92592533196,
        8.28031499796,
        7.88261774796,
        7.87810716496,
        7.86106770596,
        8.23451466496,
        7.85304545596,
        7.97008628996,
        7.88303012396,
        8.71273274896,
        7.8829121229600005,
        8.68125324796,
        8.09279128996,
        7.8462119149600005,
        7.8944768319600005,
        7.84141128996,
        7.84858658096,
        7.85344858196,
        8.34317116496,
        7.97146566496,
        7.79225874896
      ],
      "exit_codes": [
        0,
        0,
        0,
        0,
        0,
        0,
        0,
        0,
        0,
        0,
        0,
        0,
        0,
        0,
        0,
        0,
        0,
        0,
        0,
        0,
        0,
        0,
        0,
        0,
        0,
        0,
        0,
        0,
        0,
        0,
        0,
        0,
        0,
        0,
        0,
        0,
        0,
        0,
        0,
        0,
        0,
        0,
        0,
        0,
        0,
        0,
        0,
        0,
        0,
        0,
        0,
        0,
        0,
        0,
        0,
        0,
        0,
        0,
        0,
        0,
        0,
        0,
        0,
        0,
        0,
        0,
        0,
        0,
        0,
        0,
        0,
        0,
        0,
        0,
        0,
        0,
        0,
        0,
        0,
        0,
        0,
        0,
        0,
        0,
        0,
        0,
        0,
        0,
        0,
        0,
        0,
        0,
        0,
        0,
        0,
        0,
        0,
        0,
        0,
        0
      ]
    }
  ]
}
