{
  "results": [
    {
      "command": "warp",
      "mean": 0.2513501300299999,
      "stddev": 0.04334723746937984,
      "median": 0.25117812172000004,
      "user": 0.26277285,
      "system": 0.029433169999999998,
      "min": 0.17795735022000003,
      "max": 0.36192918422000003,
      "times": [
        0.28113910122,
        0.20093139322000003,
        0.24932826722,
        0.29491685122000005,
        0.25971055922,
        0.35438160022000004,
        0.36192918422000003,
        0.25449180922000003,
        0.26357651722000003,
        0.31754905922000004,
        0.23154201822000003,
        0.18642047522000002,
        0.25122905922000005,
        0.30554697622000004,
        0.25863205922000004,
        0.28222118422000003,
        0.23985339322000002,
        0.20369089222000003,
        0.20212676722000003,
        0.31009393422000003,
        0.24315943422000003,
        0.23000614322000001,
        0.24193622522000002,
        0.25838643422,
        0.30668576822000004,
        0.27797335122000005,
        0.31715126722000003,
        0.25800468422,
        0.18480301722000003,
        0.26219222522,
        0.19811468422000003,
        0.18284539322,
        0.20138860122000002,
        0.19683201722000002,
        0.19859393422000002,
        0.24290122622000002,
        0.20562622622,
        0.20430305922000003,
        0.20457151722000003,
        0.17795735022000003,
        0.17908010022,
        0.19547455922,
        0.30753435022000003,
        0.26954547622,
        0.25201560022,
        0.23879560022000001,
        0.19578901822000003,
        0.30635576722,
        0.25369651722000003,
        0.21187447622000002,
        0.25982680922,
        0.29225797622000005,
        0.18233151722000002,
        0.23403960122000003,
        0.25000464222,
        0.30998226722000005,
        0.25158410022000005,
        0.17954880922000002,
        0.18040689222000003,
        0.29120197522,
        0.23745239222000003,
        0.21079976722000002,
        0.20889301822000003,
        0.24003355922000003,
        0.32830872522000004,
        0.28078414222000003,
        0.26049714222000003,
        0.23477085122000002,
        0.23749885122000003,
        0.24276380922000002,
        0.20561689322,
        0.29062110122,
        0.29608885022000003,
        0.20597822622000003,
        0.25941810122000003,
        0.29282660122000004,
        0.23866464222000003,
        0.30885793422,
        0.24116210122000004,
        0.28068555922000005,
        0.25001430922,
        0.30035826722000003,
        0.25963985022,
        0.25881001822000005,
        0.25112718422,
        0.26490410122,
        0.24497197622,
        0.24499772522000002,
        0.29172126722,
        0.29045010122000003,
        0.29413843422,
        0.30177851722000004,
        0.31511485022,
        0.25785685022000004,
        0.19824689322000003,
        0.24108197622000002,
        0.23223605922,
        0.31672301822000004,
        0.18202660122000003,
        0.29300301822
      ],
      "exit_codes": [
        0,
        0,
        0,
        0,
        0,
        0,
        0,
        0,
        0,
        0,
        0,
        0,
        0,
        0,
        0,
        0,
        0,
        0,
        0,
        0,
        0,
        0,
        0,
        0,
        0,
        0,
        0,
        0,
        0,
        0,
        0,
        0,
        0,
        0,
        0,
        0,
        0,
        0,
        0,
        0,
        0,
        0,
        0,
        0,
        0,
        0,
        0,
        0,
        0,
        0,
        0,
        0,
        0,
        0,
        0,
        0,
        0,
        0,
        0,
        0,
        0,
        0,
        0,
        0,
        0,
        0,
        0,
        0,
        0,
        0,
        0,
        0,
        0,
        0,
        0,
        0,
        0,
        0,
        0,
        0,
        0,
        0,
        0,
        0,
        0,
        0,
        0,
        0,
        0,
        0,
        0,
        0,
        0,
        0,
        0,
        0,
        0,
        0,
        0,
        0
      ]
    },
    {
      "command": "cargo",
      "mean": 0.24563914047000002,
      "stddev": 0.004279683937443252,
      "median": 0.24558760072000002,
      "user": 0.11676592999999999,
      "system": 0.11187781,
      "min": 0.23664243422000003,
      "max": 0.26370801722000003,
      "times": [
        0.24563043422000003,
        0.26047185122000005,
        0.24379643422000002,
        0.24313730922000001,
        0.24559568422,
        0.24681243422000004,
        0.24785247622,
        0.24090397522000004,
        0.24668322622000005,
        0.24745180922000004,
        0.24490251722,
        0.24053993422000003,
        0.24487843422000005,
        0.24588818422000003,
        0.24465164322000005,
        0.24036222622000003,
        0.24344585022000004,
        0.24452493422000005,
        0.24701839222000005,
        0.24757222522000005,
        0.24615151822000003,
        0.25086368422000005,
        0.24582485122000003,
        0.23967951822000003,
        0.24720210122000003,
        0.24581510022000003,
        0.24868455922000005,
        0.24276726722000003,
        0.24795647622,
        0.24548864322000002,
        0.24300476722000003,
        0.23990126722000002,
        0.24557951722000004,
        0.24845972622,
        0.24769914222,
        0.24426618422000002,
        0.25082055922,
        0.24413518422000002,
        0.24963168422000004,
        0.24252985122000004,
        0.24699885122000004,
        0.24617276822,
        0.24358760022000003,
        0.24480014222000002,
        0.24925555922000003,
        0.24503510122000005,
        0.24840122622000005,
        0.24610668422000004,
        0.24364030922000002,
        0.23968655922,
        0.24243968422000003,
        0.24441255922000005,
        0.24605464222,
        0.24249168422000003,
        0.24630005922000003,
        0.24697672522000003,
        0.24276910122000003,
        0.23785380922000002,
        0.23950185122000003,
        0.24417776722,
        0.24833130922000002,
        0.24208647522,
        0.24408960022000004,
        0.23960510122000003,
        0.24829680922000003,
        0.24118630922000003,
        0.24868326722,
        0.24747493422000005,
        0.24557135122,
        0.24316576822000002,
        0.24609576722000004,
        0.24131410122000002,
        0.24248172522000003,
        0.23891343422000003,
        0.24960785122,
        0.24222276822000002,
        0.23664243422000003,
        0.24634876722000004,
        0.24499655922000002,
        0.24223901822000002,
        0.25719697522,
        0.24579135122,
        0.24712497522000004,
        0.24291168422000003,
        0.24201501722000002,
        0.24809905922000003,
        0.24694764322,
        0.24220343422,
        0.24502489322000004,
        0.24331097622000003,
        0.24932889322000001,
        0.24700293422000003,
        0.24279193422000003,
        0.25548443422,
        0.26370801722000003,
        0.24977585022000004,
        0.24707493422000004,
        0.24889255922000003,
        0.25668847522000005,
        0.24794239222000003
      ],