{
  "results": [
    {
      "command": "warp",
      "mean": 0.23112931290999986,
      "stddev": 0.06070568685897115,
      "median": 0.22496669216,
      "user": 0.22839020000000004,
      "system": 0.02897753,
      "min": 0.20782365116,
      "max": 0.82958981816,
      "times": [
        0.21649323416,
        0.21683919216,
        0.22108610916000002,
        0.22155594216,
        0.21859652616,
        0.21795706716000002,
        0.21980835916,
        0.21826365116000002,
        0.22140569316,
        0.21742635916,
        0.21956998416,
        0.22886902616000002,
        0.22032644216,
        0.22019352616,
        0.21867994216,
        0.21880073416,
        0.22307690016,
        0.22593398416000002,
        0.22705773416,
        0.21917215116,
        0.22527352616000001,
        0.21294952616,
        0.22437056816,
        0.21993994216,
        0.22328735916,
        0.22162085916000002,
        0.21775077616,
        0.82958981816,
        0.22197331716000002,
        0.21979040016,
        0.20782365116,
        0.21435815116,
        0.22380231716,
        0.22432102616,
        0.23072552616,
        0.22482981716,
        0.22752015016000002,
        0.21988319316000002,
        0.22444731716,
        0.21899344216,
        0.22694302616,
        0.22713440116,
        0.22445294216,
        0.22432423416,
        0.22464260916,
        0.22144977616,
        0.22461027516,
        0.22631640116,
        0.22460802616,
        0.22742244316000002,
        0.22732794316000002,
        0.22331935916,
        0.22260794216000002,
        0.21920498416,
        0.23423427616,
        0.23104956716,
        0.23132323416,
        0.22695806816,
        0.22801490116,
        0.22580894216,
        0.22385281716,
        0.23806894216000002,
        0.21526027516000001,
        0.22920340016000001,
        0.22469060916,
        0.22721519316,
        0.22403685916000002,
        0.22510356716000002,
        0.22759852516,
        0.23087969316,
        0.22575577616,
        0.23677702516000002,
        0.22377035916000002,
        0.23430669216,
        0.23037823416,
        0.22931448416,
        0.22277581816,
        0.23308998416,
        0.22645823416,
        0.22600235916,
        0.22792581716000002,
        0.22433285916,
        0.22937919216,
        0.22802360916,
        0.22052052616,
        0.22967715016,
        0.22678498416,
        0.23422819316000001,
        0.22608685916000001,
        0.23993044216,
        0.23283060916,
        0.23210731716,
        0.22818573416000001,
        0.22937869216,
        0.23247198416,
        0.22838885916,
        0.23067527616,
        0.22931223416000002,
        0.22900785916,
        0.23302765016000002
      ],
      "exit_codes": [
        0,
        0,
        0,
        0,
        0,
        0,
        0,
        0,
        0,
        0,
        0,
        0,
        0,
        0,
        0,
        0,
        0,
        0,
        0,
        0,
        0,
        0,
        0,
        0,
        0,
        0,
        0,
        0,
        0,
        0,
        0,
        0,
        0,
        0,
        0,
        0,
        0,
        0,
        0,
        0,
        0,
        0,
        0,
        0,
        0,
        0,
        0,
        0,
        0,
        0,
        0,
        0,
        0,
        0,
        0,
        0,
        0,
        0,
        0,
        0,
        0,
        0,
        0,
        0,
        0,
        0,
        0,
        0,
        0,
        0,
        0,
        0,
        0,
        0,
        0,
        0,
        0,
        0,
        0,
        0,
        0,
        0,
        0,
        0,
        0,
        0,
        0,
        0,
        0,
        0,
        0,
        0,
        0,
        0,
        0,
        0,
        0,
        0,
        0,
        0
      ]
    },
    {
      "command": "cargo",
      "mean": 8.594788907520003,
      "stddev": 0.61599429636907,
      "median": 8.58904735866,
      "user": 9.840274690000001,
      "system": 3.65864951,
      "min": 7.817475984160001,
      "max": 11.449143443159999,
      "times": [
        8.67875923416,
        8.719847609159999,
        8.425865526159999,
        8.05820781716,
        7.84747444216,
        8.04502340116,
        7.817475984160001,
        8.156699567159999,
        8.37481952616,
        7.96246994216,
        7.98083260916,
        8.76294323416,
        8.70005498416,
        8.306635692159999,
        8.02747552516,
        7.88795110916,
        7.98321744216,
        8.00239590116,
        8.10935281816,
        7.94372215116,
        7.86654252616,
        8.151674567159999,
        8.81069710916,
        8.45849444216,
        8.05068531716,
        8.198222567159998,
        8.063728442159999,
        8.46425102616,
        7.83797706716,
        8.12734827616,
        8.01993681816,
        7.98483748416,
        8.225898192159999,
        8.728737775159999,
        8.37321731816,
        8.17612085916,
        7.98802585916,
        8.158951151159998,
        7.94982123416,
        7.9925026931600005,
        7.82311315116,
        7.86650835916,
        8.16437998416,
        8.779060442159999,
        8.33786756816,
        8.05679285916,
        7.89519794216,
        8.484140651159999,
        8.765363984159999,
        8.54134502516,
        8.57794594316,
        9.634586109159999,
        8.53076856816,
        8.85227110916,
        8.88395065016,
        8.89035381716,
        8.91196681716,
        8.93234319216,
        10.57126910916,
        8.903693900159999,
        8.779828651159999,
        8.69963927616,
        8.631242859159999,
        10.230486401159999,
        8.578179775159999,
        8.86652985916,
        9.110878526159999,
        9.739216859159999,
        8.59980731716,
        8.71160498416,
        10.120734942159999,
        8.753431984159999,
        8.94289619216,
        8.645592818159999,
        8.71368456716,
        8.882555651159999,
        11.449143443159999,
        8.660351776159999,
        8.61561306716,
        8.871437067159999,
        8.71831890116,
        8.60274473416,
        8.87295510916,
        10.096560817159999,
        8.81999777616,
        8.80407940116,
        9.05648252616,
        8.84991977616,
        8.843616401159998,
        8.85788785916,
        8.578287400159999,
        9.81333481816,
        8.89114252616,
        8.425398401159999,
        8.49157910916,
        8.774378025159999,
        8.875402443159999,
        8.45037585916,
        8.388535234159999,
        8.84322319316
      ],
      "exit_codes": [
        0,
        0,
        0,
        0,
        0,
        0,
        0,
        0,
        0,
        0,
        0,
        0,
        0,
        0,
        0,
        0,
        0,
        0,
        0,
        0,
        0,
        0,
        0,
        0,
        0,
        0,
        0,
        0,
        0,
        0,
        0,
        0,
        0,
        0,
        0,
        0,
        0,
        0,
        0,
        0,
        0,
        0,
        0,
        0,
        0,
        0,
        0,
        0,
        0,
        0,
        0,
        0,
        0,
        0,
        0,
        0,
        0,
        0,
        0,
        0,
        0,
        0,
        0,
        0,
        0,
        0,
        0,
        0,
        0,
        0,
        0,
        0,
        0,
        0,
        0,
        0,
        0,
        0,
        0,
        0,
        0,
        0,
        0,
        0,
        0,
        0,
        0,
        0,
        0,
        0,
        0,
        0,
        0,
        0,
        0,
        0,
        0,
        0,
        0,
        0
      ]
    }
  ]
}
