{
  "results": [
    {
      "command": "warp",
      "mean": 0.1411988766,
      "stddev": 0.026568511973758653,
      "median": 0.13475688912,
      "user": 0.15242542999999997,
      "system": 0.022372460000000004,
      "min": 0.11913022212,
      "max": 0.27342205512,
      "times": [
        0.18044709712,
        0.13204630612,
        0.14179476412000003,
        0.15822705612000001,
        0.12523263912000002,
        0.12861493012000003,
        0.13037580512000002,
        0.13226168112000003,
        0.12689018112000003,
        0.12423451412000001,
        0.12499713912,
        0.13465913912000002,
        0.12600738912,
        0.12756530612000003,
        0.13717151412,
        0.12677755512000002,
        0.14625313912000001,
        0.13967088912000003,
        0.13967363912000003,
        0.13898301412000003,
        0.13420759812000002,
        0.16342001412,
        0.13847030612000003,
        0.13765518012000003,
        0.13668322212,
        0.12626030612000003,
        0.14460530512000003,
        0.24292438912000003,
        0.12501026412000002,
        0.12629947212,
        0.11913022212,
        0.14304797312,
        0.13485463912,
        0.14609438912000003,
        0.13948205512,
        0.13268151412,
        0.14128343112000002,
        0.14504213912000002,
        0.14485072212000003,
        0.15230068112000003,
        0.26290797312,
        0.13946272212000002,
        0.13284872212,
        0.14615022212,
        0.12386026412,
        0.14606997212000003,
        0.27342205512,
        0.13752247212000002,
        0.13506109712000003,
        0.13439197212,
        0.13324447312,
        0.14197730612,
        0.12603488912000002,
        0.13564984712000003,
        0.13014726412000002,
        0.13121068112,
        0.13683930612,
        0.12961093112000002,
        0.12496105612000001,
        0.13271509812,
        0.13857922212,
        0.14748847212000002,
        0.14234555512000002,
        0.14140180512000003,
        0.12607543112000003,
        0.13141926412000002,
        0.13244305612,
        0.13786368012000003,
        0.12392768012000001,
        0.14706780512,
        0.14438534812,
        0.23077005512,
        0.13013501412,
        0.12698176412,
        0.12352234812,
        0.13085497312000002,
        0.14533847212,
        0.12563530612,
        0.13020293112,
        0.14578559812000003,
        0.13089455612,
        0.13196530512000001,
        0.14202997212000001,
        0.13224534712000002,
        0.13877372212000003,
        0.22966530612000002,
        0.12857576412000002,
        0.14172305512000002,
        0.13395488912,
        0.14210455612,
        0.12558530512000002,
        0.12521588912,
        0.12602938912000003,
        0.12451872212,
        0.13444580612,
        0.13616609812000002,
        0.14174434812000003,
        0.14095618112000002,
        0.13119305612,
        0.12960076412000002
      ],
      "exit_codes": [
        0,
        0,
        0,
        0,
        0,
        0,
        0,
        0,
        0,
        0,
        0,
        0,
        0,
        0,
        0,
        0,
        0,
        0,
        0,
        0,
        0,
        0,
        0,
        0,
        0,
        0,
        0,
        0,
        0,
        0,
        0,
        0,
        0,
        0,
        0,
        0,
        0,
        0,
        0,
        0,
        0,
        0,
        0,
        0,
        0,
        0,
        0,
        0,
        0,
        0,
        0,
        0,
        0,
        0,
        0,
        0,
        0,
        0,
        0,
        0,
        0,
        0,
        0,
        0,
        0,
        0,
        0,
        0,
        0,
        0,
        0,
        0,
        0,
        0,
        0,
        0,
        0,
        0,
        0,
        0,
        0,
        0,
        0,
        0,
        0,
        0,
        0,
        0,
        0,
        0,
        0,
        0,
        0,
        0,
        0,
        0,
        0,
        0,
        0,
        0
      ]
    },
    {
      "command": "cargo",
      "mean": 0.25241534713,
      "stddev": 0.016058938159325093,
      "median": 0.24813295162000004,
      "user": 0.11663949000000003,
      "system": 0.11447081999999996,
      "min": 0.23408713912,
      "max": 0.35033593112000005,
      "times": [
        0.25674359712,
        0.25793118112,
        0.25240147212,
        0.25780897212000004,
        0.25533851412,
        0.27937847312,
        0.25751943112000003,
        0.28314955512,
        0.26728047312000003,
        0.25818593112000005,
        0.25923659812000005,
        0.26059722312,
        0.25836893012,
        0.24804363912000005,
        0.25226863912,
        0.26014205512000005,
        0.25208301412,
        0.24197347312000003,
        0.24046143112,
        0.24822226412000004,
        0.23816147312000002,
        0.24397718112,
        0.23938801412000002,
        0.24109863912,
        0.25036063912,
        0.28326330612,
        0.25266872312000005,
        0.24958943112000004,
        0.26436768112000003,
        0.25346922312000003,
        0.25573538912000005,
        0.24832305612,
        0.24214447212,
        0.24706613912000003,
        0.24217043112000003,
        0.24493118112,
        0.23875555612000002,
        0.24665634712,
        0.24553059712000003,
        0.24131476412000002,
        0.24062101412000003,
        0.24154726412000002,
        0.23568434712000003,
        0.23942526412000004,
        0.24068030612000002,
        0.23412888912000002,
        0.23913813912,
        0.24146726412000002,
        0.23780668112000003,
        0.23504351412000002,
        0.23877359812,
        0.23992943112000004,
        0.23792184712000003,
        0.25575730612,
        0.24409430612000005,
        0.24210784712000002,
        0.24273430612000002,
        0.24555801412,
        0.24923893112,
        0.26026305612,
        0.25676684712000003,
        0.26007476412,
        0.25153072212000005,
        0.24767338912000003,
        0.24511434812000005,
        0.24605893112000005,
        0.25250809712,
        0.24722301412000003,
        0.24419422312,
        0.23408713912,
        0.24334068112,
        0.24458938912,
        0.25129630612000003,
        0.24593163912000005,
        0.25032218112000004,
        0.24722763912,
        0.24666626412000003,
        0.24545947212000002,
        0.24704605612000002,
        0.25475359812000004,
        0.25642697212000004,
        0.24183734712000002,
        0.26068030612000004,
        0.28586401412,
        0.35033593112000005,
        0.28216901412,
        0.26480243112,
        0.25083605612000004,
        0.25064622312,
        0.26334738912,
        0.24640330612,
        0.26516959712000004,
        0.27245859712000003,
        0.28849922212,
        0.30262280512,
        0.25579830512,
        0.24370863912000001,
        0.25037826412,
        0.24324638912000002,
        0.24641076412000001
      ],