{
  "results": [
    {
      "command": "warp",
      "mean": 0.12468424498999997,
      "stddev": 0.004119564495033689,
      "median": 0.1244694185,
      "user": 0.12183532999999995,
      "system": 0.024077649999999985,
      "min": 0.1105668135,
      "max": 0.13831381450000002,
      "times": [
        0.12000085549999999,
        0.1211876055,
        0.1187910645,
        0.12886189750000002,
        0.1259463975,
        0.1218646885,
        0.12162452250000001,
        0.1199696055,
        0.1234296055,
        0.12649435550000002,
        0.12425418950000001,
        0.1198711055,
        0.12024293949999999,
        0.1229290645,
        0.13460114750000002,
        0.1280729385,
        0.1171959395,
        0.1251910645,
        0.1222630635,
        0.1186553145,
        0.1257466475,
        0.12736373050000002,
        0.1268241475,
        0.1224685635,
        0.12425814750000001,
        0.1234840645,
        0.1224546885,
        0.12080264750000001,
        0.1253644395,
        0.1235481475,
        0.12673702250000002,
        0.12767410550000002,
        0.1210658975,
        0.1230368975,
        0.1227598145,
        0.12239056350000001,
        0.1291305225,
        0.1105668135,
        0.1205731885,
        0.13026556450000001,
        0.12785702250000003,
        0.1203101475,
        0.1255848145,
        0.1214528975,
        0.1269960645,
        0.1247757725,
        0.1205690645,
        0.12674256450000002,
        0.12713064750000003,
        0.1195383975,
        0.12850093850000002,
        0.12823606450000002,
        0.12233818950000001,
        0.1239101895,
        0.12107710549999999,
        0.12864152250000002,
        0.1226514815,
        0.12443789749999999,
        0.12823464750000002,
        0.12640781450000002,
        0.12957064750000002,
        0.13118798150000002,
        0.1245960645,
        0.1234512725,
        0.12400989750000001,
        0.12507777250000002,
        0.1272897725,
        0.1236915225,
        0.12694793950000002,
        0.1243478555,
        0.1258229385,
        0.1260103555,
        0.1217008555,
        0.1181923555,
        0.12473452250000001,
        0.1190992305,
        0.1216788555,
        0.1257678975,
        0.1374769395,
        0.1245009395,
        0.1197052725,
        0.12070198150000001,
        0.1235815635,
        0.1272958975,
        0.12700693950000003,
        0.13214010650000002,
        0.1269406895,
        0.12618785650000003,
        0.1261150225,
        0.12939627250000002,
        0.1220344805,
        0.12293864750000001,
        0.13831381450000002,
        0.1256462305,
        0.1275996895,
        0.12534902250000002,
        0.1315127725,
        0.1301160225,
        0.12340389750000001,
        0.1239264805
      ],
      "exit_codes": [
        0,
        0,
        0,
        0,
        0,
        0,
        0,
        0,
        0,
        0,
        0,
        0,
        0,
        0,
        0,
        0,
        0,
        0,
        0,
        0,
        0,
        0,
        0,
        0,
        0,
        0,
        0,
        0,
        0,
        0,
        0,
        0,
        0,
        0,
        0,
        0,
        0,
        0,
        0,
        0,
        0,
        0,
        0,
        0,
        0,
        0,
        0,
        0,
        0,
        0,
        0,
        0,
        0,
        0,
        0,
        0,
        0,
        0,
        0,
        0,
        0,
        0,
        0,
        0,
        0,
        0,
        0,
        0,
        0,
        0,
        0,
        0,
        0,
        0,
        0,
        0,
        0,
        0,
        0,
        0,
        0,
        0,
        0,
        0,
        0,
        0,
        0,
        0,
        0,
        0,
        0,
        0,
        0,
        0,
        0,
        0,
        0,
        0,
        0,
        0
      ]
    },
    {
      "command": "cargo",
      "mean": 9.308583883750002,
      "stddev": 1.1413787791012724,
      "median": 8.912097127000001,
      "user": 9.871700860000002,
      "system": 3.61598093,
      "min": 8.3588167725,
      "max": 14.679533438500002,
      "times": [
        8.9649349385,
        8.8916156895,
        8.8115204805,
        8.941804022500001,
        9.395649397500001,
        8.913595564500001,
        8.975232397500001,
        9.3607031895,
        8.5610328975,
        9.2323289395,
        8.559153147500002,
        9.795174022500001,
        8.892196272500001,
        8.9339030645,
        9.0954770225,
        10.2625010225,
        8.537195397500001,
        8.699517981500001,
        8.933907647500002,
        9.9479851055,
        8.5007574385,
        8.5014246055,
        8.8496423975,
        8.972303855500002,
        9.384706188500001,
        10.3365045225,
        8.7058491895,
        8.487539355500001,
        9.0320450645,
        11.0675783145,
        9.3184255225,
        9.932369647500002,
        8.444531814500001,
        10.037097022500001,
        8.863938731500001,
        8.606678355500001,
        8.6662167305,
        8.8189714815,
        8.737471022500001,
        8.6831961055,
        8.895903314500002,
        8.414223813500001,
        8.8500356885,
        8.4298001475,
        8.761303897500001,
        11.0382327725,
        9.045503314500001,
        8.807706814500001,
        8.471675022500001,
        8.8863070635,
        11.4688370225,
        8.8035996055,
        8.3588167725,
        8.3835089395,
        8.4529406475,
        8.501636772500001,
        8.8128524815,
        8.711136272500001,
        8.490069147500002,
        8.593751522500002,
        9.3067586475,
        8.9193266475,
        8.970853147500002,
        8.9105986895,
        9.392389855500001,
        8.9248842315,
        12.118931897500001,
        8.796854647500002,
        8.9506546895,
        8.7724439805,
        8.960583730500002,
        8.8765771895,
        8.962959939500001,
        8.900216314500002,
        8.6605628555,
        8.6759937725,
        8.788833438500001,
        11.213606397500001,
        8.816093272500002,
        8.858561897500001,
        8.887604147500001,
        14.638599106500001,
        8.660762355500001,
        11.3130619395,
        11.327724105500002,
        10.3267408975,
        11.5603918555,
        11.6663714805,
        14.679533438500002,
        8.4453889815,
        10.3677424805,
        9.164163438500001,
        9.208567397500001,
        9.068211022500002,
        10.745943356500002,
        9.0467420225,
        8.876184897500002,
        9.169153689500002,
        9.0750566475,
        9.0222432725
      ],
      "exit_codes": [
        0,
        0,
        0,
        0,
        0,
        0,
        0,
        0,
        0,
        0,
        0,
        0,
        0,
        0,
        0,
        0,
        0,
        0,
        0,
        0,
        0,
        0,
        0,
        0,
        0,
        0,
        0,
        0,
        0,
        0,
        0,
        0,
        0,
        0,
        0,
        0,
        0,
        0,
        0,
        0,
        0,
        0,
        0,
        0,
        0,
        0,
        0,
        0,
        0,
        0,
        0,
        0,
        0,
        0,
        0,
        0,
        0,
        0,
        0,
        0,
        0,
        0,
        0,
        0,
        0,
        0,
        0,
        0,
        0,
        0,
        0,
        0,
        0,
        0,
        0,
        0,
        0,
        0,
        0,
        0,
        0,
        0,
        0,
        0,
        0,
        0,
        0,
        0,
        0,
        0,
        0,
        0,
        0,
        0,
        0,
        0,
        0,
        0,
        0,
        0
      ]
    }
  ]
}
