{
  "results": [
    {
      "command": "warp",
      "mean": 0.14201434753000003,
      "stddev": 0.007471384105307753,
      "median": 0.14159768103999998,
      "user": 0.15325285000000002,
      "system": 0.022979719999999995,
      "min": 0.12873274403999999,
      "max": 0.16268807704,
      "times": [
        0.15309407604,
        0.14774861804,
        0.13863311804,
        0.13291374304,
        0.13661953504,
        0.15458470104,
        0.13156324304,
        0.13479678504,
        0.15200449304,
        0.12889578504,
        0.15079382704,
        0.15048316004,
        0.13710003503999998,
        0.14040416004,
        0.15280332704,
        0.15631891004,
        0.14484674404,
        0.14985741004,
        0.14309236804,
        0.13905424404,
        0.14242345204,
        0.15476699404,
        0.16044170204,
        0.14151220204,
        0.14228874304,
        0.12873274403999999,
        0.15094745103999999,
        0.14684949404,
        0.14118403504,
        0.13997811804,
        0.13902120104,
        0.14529961804,
        0.15084341004,
        0.15180024404,
        0.13178461804,
        0.12990311804,
        0.13640836804,
        0.13974436903999998,
        0.15205561804,
        0.13871403504,
        0.14203674304,
        0.13953003504,
        0.14799916004,
        0.14364224304,
        0.13353978504,
        0.14434766004,
        0.13675936904,
        0.14095495204,
        0.14687566004,
        0.14287836904,
        0.14626620104,
        0.13380449404,
        0.13292232603999998,
        0.14016495203999998,
        0.13471574304,
        0.13522253504,
        0.14153320204,
        0.14332986804,
        0.13017503504,
        0.14817603504,
        0.12907632704,
        0.13818436804,
        0.13726916004,
        0.14354745104,
        0.14022024304,
        0.14316528504,
        0.13422161804,
        0.13302866004,
        0.13387995104,
        0.14880336804,
        0.13850849403999999,
        0.15588532704,
        0.13730974304,
        0.13843928504,
        0.13544386804,
        0.14594203504,
        0.13801682603999998,
        0.14744395204,
        0.14137036804,
        0.13143570104,
        0.14575911804,
        0.15085107704,
        0.14027686804,
        0.14487891004,
        0.14589220204,
        0.14203899304,
        0.16268807704,
        0.14234532704,
        0.12897166004,
        0.13611332704,
        0.13257132704,
        0.14629032704,
        0.14311011903999998,
        0.14166216003999998,
        0.13943574404,
        0.15075249404,
        0.14425936904,
        0.15064286804,
        0.13110761803999998,
        0.14541295104
      ],
      "exit_codes": [
        0,
        0,
        0,
        0,
        0,
        0,
        0,
        0,
        0,
        0,
        0,
        0,
        0,
        0,
        0,
        0,
        0,
        0,
        0,
        0,
        0,
        0,
        0,
        0,
        0,
        0,
        0,
        0,
        0,
        0,
        0,
        0,
        0,
        0,
        0,
        0,
        0,
        0,
        0,
        0,
        0,
        0,
        0,
        0,
        0,
        0,
        0,
        0,
        0,
        0,
        0,
        0,
        0,
        0,
        0,
        0,
        0,
        0,
        0,
        0,
        0,
        0,
        0,
        0,
        0,
        0,
        0,
        0,
        0,
        0,
        0,
        0,
        0,
        0,
        0,
        0,
        0,
        0,
        0,
        0,
        0,
        0,
        0,
        0,
        0,
        0,
        0,
        0,
        0,
        0,
        0,
        0,
        0,
        0,
        0,
        0,
        0,
        0,
        0,
        0
      ]
    },
    {
      "command": "cargo",
      "mean": 0.24669583263,
      "stddev": 0.006655772018657791,
      "median": 0.24473370204000003,
      "user": 0.11574571999999998,
      "system": 0.11333703999999997,
      "min": 0.23455220204,
      "max": 0.27059482704,
      "times": [
        0.24729599304,
        0.25010770204,
        0.25662286804,
        0.25225720204,
        0.24114132704,
        0.25028866004,
        0.24941536904,
        0.26358191004,
        0.24437982704,
        0.24624945203999998,
        0.24369249304,
        0.25531761904,
        0.25090866004,
        0.24937161804000002,
        0.24748241004,
        0.25937224304,
        0.25032607704,
        0.25297182704,
        0.26327711904,
        0.26562470104,
        0.25304899404000003,
        0.24497778504,
        0.24658020104,
        0.24871653504000002,
        0.24839232704000003,
        0.23909253504,
        0.25545245204,
        0.26072007704,
        0.25541791004000003,
        0.25197807604,
        0.24971341004000003,
        0.24951795204,
        0.24121907704,
        0.24334799404000002,
        0.24793436804000002,
        0.24373145204000002,
        0.24542624304,
        0.24390924404000003,
        0.24451595203999998,
        0.23928261804,
        0.24362020204,
        0.24244353504,
        0.24430349303999999,
        0.25412578504,
        0.25504036904,
        0.25659961804,
        0.24606549304000003,
        0.25013611804,
        0.26433474304,
        0.24345541004,
        0.24152699304,
        0.24051386804,
        0.24472178504000003,
        0.24492345204,
        0.27059482704,
        0.25038732604,
        0.24354599404,
        0.24424403504000003,
        0.24138832604,
        0.24052274404,
        0.24229295204,
        0.24418111904,
        0.24138636804,
        0.24513695204000002,
        0.24333274304,
        0.23669936804,
        0.24283311904,
        0.24467078504,
        0.24568603504000003,
        0.24259436904,
        0.24038045204,
        0.24138920204,
        0.24344978503999998,
        0.24598574303999998,
        0.24534032704000003,
        0.23664924404,
        0.24615657704,
        0.24751261804000002,
        0.24525291004,
        0.24268278504000002,
        0.24194041004,
        0.24416207703999998,
        0.23687278504,
        0.23798486904,
        0.24171324304,
        0.24132724404,
        0.24265011904,
        0.24474561904000003,
        0.24425707704,
        0.24589774304,
        0.24633728504000002,
        0.24338236804,
        0.24321253504,
        0.24381057703999998,
        0.23455220204,
        0.23707499404000001,
        0.24302861804,
        0.24427741003999998,
        0.24391082604000003,
        0.24967741004
      ],
      "exit_codes": [
        0,
        0,
        0,
        0,
        0,
        0,
        0,
        0,
        0,
        0,
        0,
        0,
        0,
        0,
        0,
        0,
        0,
        0,
        0,
        0,
        0,
        0,
        0,
        0,
        0,
        0,
        0,
        0,
        0,
        0,
        0,
        0,
        0,
        0,
        0,
        0,
        0,
        0,
        0,
        0,
        0,
        0,
        0,
        0,
        0,
        0,
        0,
        0,
        0,
        0,
        0,
        0,
        0,
        0,
        0,
        0,
        0,
        0,
        0,
        0,
        0,
        0,
        0,
        0,
        0,
        0,
        0,
        0,
        0,
        0,
        0,
        0,
        0,
        0,
        0,
        0,
        0,
        0,
        0,
        0,
        0,
        0,
        0,
        0,
        0,
        0,
        0,
        0,
        0,
        0,
        0,
        0,
        0,
        0,
        0,
        0,
        0,
        0,
        0,
        0
      ]
    }
  ]
}
