{
  "results": [
    {
      "command": "warp",
      "mean": 0.21523210407000007,
      "stddev": 0.010409086153210569,
      "median": 0.21432828778000002,
      "user": 0.22029828,
      "system": 0.030062790000000006,
      "min": 0.20729791278,
      "max": 0.30997382878,
      "times": [
        0.20731795478,
        0.20925345378000001,
        0.20729791278,
        0.21544562078,
        0.21722324578000002,
        0.21121337078000002,
        0.20873012078,
        0.20846112078,
        0.21295649578,
        0.21331424578000002,
        0.22001557878000003,
        0.21194832878,
        0.21526470378,
        0.21039153778000003,
        0.21201774578000002,
        0.20919507878000002,
        0.21334607878,
        0.21300907978000003,
        0.20941207878,
        0.21049045378,
        0.21146078778000002,
        0.21564174578,
        0.21634991178000001,
        0.20760516278000002,
        0.21035528678,
        0.21718320378,
        0.21452470478000002,
        0.20985824578,
        0.21681982878,
        0.20935641278,
        0.21366841178,
        0.21243387078,
        0.22159841278,
        0.21606187078000003,
        0.21172574578,
        0.30997382878,
        0.22381116278000002,
        0.21225603778000002,
        0.21459762078000003,
        0.22354491178000002,
        0.20884691278,
        0.21587257878000002,
        0.21525695378,
        0.20912587078,
        0.21635466278,
        0.21356982878000003,
        0.21423399578000002,
        0.22047037078,
        0.21398616178000002,
        0.21700266178000002,
        0.20971753778000002,
        0.20942299578,
        0.21759957878000002,
        0.21461220378,
        0.20986745378000002,
        0.21605949578000003,
        0.21418670378000002,
        0.21155799578,
        0.21509016278,
        0.21034324578000002,
        0.21507191178,
        0.22156599578000002,
        0.21946862078,
        0.21492882878000003,
        0.21559603678,
        0.21648307978,
        0.21784270378,
        0.21533787078000002,
        0.21442257978,
        0.21317866278,
        0.22017853778000002,
        0.20947782878,
        0.21866474578,
        0.21731924578,
        0.21104587078,
        0.21243262078000003,
        0.20964799578,
        0.22423957878,
        0.21909907978,
        0.20772699578,
        0.21479303778,
        0.21563374578000002,
        0.21271053778000001,
        0.21066449578000002,
        0.21333532878,
        0.21570453778,
        0.22431828778000001,
        0.21083099578,
        0.21780553678,
        0.21943345378,
        0.21876787078,
        0.21746812078000002,
        0.21234949578,
        0.21997016278,
        0.21464782878000002,
        0.21271207978,
        0.20910370378,
        0.21202924578000001,
        0.22226662078,
        0.21662778678000003
      ],
      "exit_codes": [
        0,
        0,
        0,
        0,
        0,
        0,
        0,
        0,
        0,
        0,
        0,
        0,
        0,
        0,
        0,
        0,
        0,
        0,
        0,
        0,
        0,
        0,
        0,
        0,
        0,
        0,
        0,
        0,
        0,
        0,
        0,
        0,
        0,
        0,
        0,
        0,
        0,
        0,
        0,
        0,
        0,
        0,
        0,
        0,
        0,
        0,
        0,
        0,
        0,
        0,
        0,
        0,
        0,
        0,
        0,
        0,
        0,
        0,
        0,
        0,
        0,
        0,
        0,
        0,
        0,
        0,
        0,
        0,
        0,
        0,
        0,
        0,
        0,
        0,
        0,
        0,
        0,
        0,
        0,
        0,
        0,
        0,
        0,
        0,
        0,
        0,
        0,
        0,
        0,
        0,
        0,
        0,
        0,
        0,
        0,
        0,
        0,
        0,
        0,
        0
      ]
    }
  ]
}
