{
  "results": [
    {
      "command": "warp",
      "mean": 1.1699871670499995,
      "stddev": 0.06443738155260166,
      "median": 1.1782087369799998,
      "user": 1.3239318399999993,
      "system": 0.1411565600000001,
      "min": 1.06403338248,
      "max": 1.42740767448,
      "times": [
        1.2330252984799999,
        1.06403338248,
        1.18874792348,
        1.06750575748,
        1.1882833824799999,
        1.07038163248,
        1.17933850748,
        1.07249671648,
        1.18399079948,
        1.1770789664799999,
        1.12797375748,
        1.20989104948,
        1.06533288248,
        1.21656379948,
        1.07175588248,
        1.1999970494799999,
        1.0878633414799999,
        1.18694529848,
        1.18387334048,
        1.14425475748,
        1.08394834148,
        1.26638454848,
        1.08030079848,
        1.09331021648,
        1.0964225914799999,
        1.2128160074799998,
        1.08258917448,
        1.12728442448,
        1.09468725748,
        1.16889271548,
        1.1934879244799999,
        1.42740767448,
        1.12630696548,
        1.13412917448,
        1.09745563248,
        1.20646571548,
        1.19396704848,
        1.09385309048,
        1.21452259148,
        1.09989754948,
        1.15359892448,
        1.16296217348,
        1.28882688248,
        1.09970729948,
        1.1967389664799999,
        1.15688638248,
        1.19171771548,
        1.2079197984799999,
        1.25647713248,
        1.19719542348,
        1.21639671548,
        1.09656646548,
        1.19592084048,
        1.10316446548,
        1.09991521548,
        1.19020254948,
        1.28710938248,
        1.12160584048,
        1.20807263248,
        1.24467942448,
        1.11641321548,
        1.21721213248,
        1.25002784048,
        1.1147238824799999,
        1.19692238248,
        1.14287359148,
        1.19481671548,
        1.11864246548,
        1.2374211744799999,
        1.11412084048,
        1.25991696548,
        1.22854467448,
        1.16173250748,
        1.19803650748,
        1.10753496648,
        1.22458254948,
        1.12004409048,
        1.22113909048,
        1.14008046548,
        1.19922213248,
        1.12668279848,
        1.20904450748,
        1.27814304948,
        1.14141588248,
        1.20453767348,
        1.1404474654799999,
        1.18237038248,
        1.21626817348,
        1.12269446548,
        1.23023784148,
        1.2414524654799999,
        1.13184034048,
        1.14475042448,
        1.14828050748,
        1.16793550748,
        1.32916646548,
        1.1533498414799999,
        1.21164892448,
        1.1591997164799999,
        1.2061148824799999
      ],
      "exit_codes": [
        0,
        0,
        0,
        0,
        0,
        0,
        0,
        0,
        0,
        0,
        0,
        0,
        0,
        0,
        0,
        0,
        0,
        0,
        0,
        0,
        0,
        0,
        0,
        0,
        0,
        0,
        0,
        0,
        0,
        0,
        0,
        0,
        0,
        0,
        0,
        0,
        0,
        0,
        0,
        0,
        0,
        0,
        0,
        0,
        0,
        0,
        0,
        0,
        0,
        0,
        0,
        0,
        0,
        0,
        0,
        0,
        0,
        0,
        0,
        0,
        0,
        0,
        0,
        0,
        0,
        0,
        0,
        0,
        0,
        0,
        0,
        0,
        0,
        0,
        0,
        0,
        0,
        0,
        0,
        0,
        0,
        0,
        0,
        0,
        0,
        0,
        0,
        0,
        0,
        0,
        0,
        0,
        0,
        0,
        0,
        0,
        0,
        0,
        0,
        0
      ]
    },
    {
      "command": "cargo",
      "mean": 8.327975890789999,
      "stddev": 0.16102129811100982,
      "median": 8.30342706998,
      "user": 9.330359399999997,
      "system": 3.349920210000001,
      "min": 8.130601882479999,
      "max": 9.087323423479999,
      "times": [
        8.14804084148,
        8.13711025748,
        8.48118929848,
        8.142620341479999,
        8.387706465479999,
        8.47477863248,
        8.379749174479999,
        8.15529575748,
        8.15473567348,
        8.32149146648,
        8.26379300748,
        8.33580196548,
        8.364941757479999,
        8.17545450748,
        8.18756584048,
        8.16693709048,
        8.60531784048,
        8.30322788248,
        8.184623174479999,
        8.14784271548,
        8.17321571548,
        8.25065179948,
        8.243154882479999,
        8.159891049479999,
        8.36936279948,
        8.130601882479999,
        8.209567590479999,
        8.32263529948,
        8.14805534048,
        8.54220988248,
        8.48971200748,
        8.38882229848,
        8.34168654948,
        8.23121159048,
        8.46496888248,
        8.25568534048,
        8.35632046548,
        9.087323423479999,
        8.608259174479999,
        8.25043517348,
        8.20115050748,
        8.391436299479999,
        8.21205638248,
        8.35749271548,
        8.305196132479999,
        8.56079479948,
        8.40713117348,
        8.373789798479999,
        8.27136725748,
        8.442052215479999,
        8.290032049479999,
        8.458429215479999,
        8.35607696648,
        8.39741075748,
        8.28227284048,
        8.80929892448,
        8.66974792448,
        8.206787049479999,
        8.33937329948,
        8.293720173479999,
        8.761884132479999,
        8.171172048479999,
        8.49760771548,
        8.257425548479999,
        8.32796550748,
        8.31749984048,
        8.25997363248,
        8.413636799479999,
        8.30362625748,
        8.20542800748,
        8.34490713248,
        8.15910284148,
        8.190765257479999,
        8.242410590479999,
        8.29512717448,
        8.418705424479999,
        8.336254840479999,
        8.55299367448,
        8.59689309048,
        8.32305346548,
        8.372198299479999,
        8.38382596648,
        8.29801571548,
        8.40195942448,
        8.38357150748,
        8.165921298479999,
        8.26176496648,
        8.47076838248,
        8.20038975748,
        8.177222257479999,
        8.268293049479999,
        8.15158863248,
        8.16761363248,
        8.25363163248,
        8.49044017448,
        8.24073154948,
        8.16139200748,
        8.33152100748,
        8.17003059148,
        8.30266492348
      ],
      "exit_codes": [
        0,
        0,
        0,
        0,
        0,
        0,
        0,
        0,
        0,
        0,
        0,
        0,
        0,
        0,
        0,
        0,
        0,
        0,
        0,
        0,
        0,
        0,
        0,
        0,
        0,
        0,
        0,
        0,
        0,
        0,
        0,
        0,
        0,
        0,
        0,
        0,
        0,
        0,
        0,
        0,
        0,
        0,
        0,
        0,
        0,
        0,
        0,
        0,
        0,
        0,
        0,
        0,
        0,
        0,
        0,
        0,
        0,
        0,
        0,
        0,
        0,
        0,
        0,
        0,
        0,
        0,
        0,
        0,
        0,
        0,
        0,
        0,
        0,
        0,
        0,
        0,
        0,
        0,
        0,
        0,
        0,
        0,
        0,
        0,
        0,
        0,
        0,
        0,
        0,
        0,
        0,
        0,
        0,
        0,
        0,
        0,
        0,
        0,
        0,
        0
      ]
    }
  ]
}
