{
  "results": [
    {
      "command": "warp",
      "mean": 0.92581634618,
      "stddev": 0.1389618262480807,
      "median": 0.8646801471200001,
      "user": 1.0116015800000002,
      "system": 0.07826050000000001,
      "min": 0.75065287662,
      "max": 1.27569595962,
      "times": [
        0.93079979362,
        0.78941137662,
        1.00043762662,
        0.93161329262,
        0.84051141862,
        0.9934764596199999,
        1.00948979262,
        0.81020795962,
        0.78872683462,
        1.22370383462,
        0.79234725162,
        1.1552632516199999,
        1.0391796686199999,
        0.84083679362,
        0.93361800162,
        0.91995308462,
        0.78377429262,
        0.83896183562,
        0.84436879262,
        0.85453158462,
        0.95910712662,
        0.80332733462,
        1.18447312662,
        0.93303225162,
        0.8328422936200001,
        0.7865842106200001,
        0.82427112662,
        0.9456414186200001,
        0.86020562662,
        0.81959558462,
        0.96535554262,
        1.00061354262,
        0.81521250162,
        0.77548475162,
        0.82899670962,
        0.88108608562,
        0.8374238766200001,
        0.95863008462,
        0.79582262662,
        0.83414462662,
        0.84123945962,
        1.11949395962,
        0.85135737662,
        1.21140958462,
        0.81206204362,
        0.81458912662,
        0.95632179362,
        1.01443537662,
        0.82192529362,
        1.06699329362,
        0.77903679362,
        0.86735941762,
        0.81361166762,
        1.17961533462,
        1.21335600162,
        1.22913566862,
        0.89563850162,
        1.0119377516199999,
        0.84180429362,
        1.21209754262,
        0.84339679362,
        0.79930054362,
        0.77152041862,
        0.82453766862,
        0.89145637662,
        0.94389537662,
        0.95018666762,
        0.90864562662,
        0.9963674176199999,
        1.01492437662,
        1.2104480016199999,
        0.7906724176200001,
        0.83330941862,
        0.82265062662,
        0.84601100162,
        1.12864529362,
        1.01128621062,
        0.8414663356200001,
        0.82569591862,
        1.18642887662,
        0.79559466762,
        1.1681726266199999,
        0.8879390016200001,
        0.85185046062,
        0.81570662662,
        0.9859485436200001,
        1.20735108562,
        0.82784204362,
        1.21534200162,
        0.86200087662,
        0.87116004262,
        0.79072554262,
        0.89946308462,
        0.88148741862,
        0.75065287662,
        0.8272003356200001,
        0.82736725162,
        1.04046870962,
        1.27569595962,
        0.84233641862
      ],
      "exit_codes": [
        0,
        0,
        0,
        0,
        0,
        0,
        0,
        0,
        0,
        0,
        0,
        0,
        0,
        0,
        0,
        0,
        0,
        0,
        0,
        0,
        0,
        0,
        0,
        0,
        0,
        0,
        0,
        0,
        0,
        0,
        0,
        0,
        0,
        0,
        0,
        0,
        0,
        0,
        0,
        0,
        0,
        0,
        0,
        0,
        0,
        0,
        0,
        0,
        0,
        0,
        0,
        0,
        0,
        0,
        0,
        0,
        0,
        0,
        0,
        0,
        0,
        0,
        0,
        0,
        0,
        0,
        0,
        0,
        0,
        0,
        0,
        0,
        0,
        0,
        0,
        0,
        0,
        0,
        0,
        0,
        0,
        0,
        0,
        0,
        0,
        0,
        0,
        0,
        0,
        0,
        0,
        0,
        0,
        0,
        0,
        0,
        0,
        0,
        0,
        0
      ]
    },
    {
      "command": "cargo",
      "mean": 0.31063864118999995,
      "stddev": 0.015595470673265922,
      "median": 0.30976050112000003,
      "user": 0.14013939999999994,
      "system": 0.10751644999999994,
      "min": 0.26891683562,
      "max": 0.36822695962000007,
      "times": [
        0.32767662662,
        0.32048354262000006,
        0.33542895962,
        0.30607387662,
        0.31301621062000007,
        0.31858845962000004,
        0.31404408562,
        0.31184312662,
        0.30576454362000005,
        0.29940937662000006,
        0.32364658562000004,
        0.31776054362000006,
        0.30630975162,
        0.32078112662,
        0.32562912662000004,
        0.32000987662,
        0.30784925162000004,
        0.31597191762000004,
        0.31108725162000006,
        0.29128862662000005,
        0.31801800162000005,
        0.29451562662,
        0.30916066862,
        0.30992270962,
        0.29344012662,
        0.31782733462000007,
        0.30762537662000006,
        0.31526066862,
        0.32705908562,
        0.32105320962000006,
        0.31976383462,
        0.31902229262000004,
        0.31123770962,
        0.30013254262000005,
        0.30259412662,
        0.36822695962000007,
        0.30868521062000004,
        0.33155908462000006,
        0.32234121062000004,
        0.30891058462000004,
        0.30403287662000006,
        0.30959829262000005,
        0.30181758462,
        0.29804391762000004,
        0.32593608462000007,
        0.31950704362000004,
        0.31908341862000006,
        0.31550425162000006,
        0.31593904362,
        0.32490187662000003,
        0.35831587662000003,
        0.31447425162000003,
        0.30476458462000006,
        0.29860833462,
        0.26891683562,
        0.29034708462000003,
        0.33000483462,
        0.29636675162000004,
        0.29204458562,
        0.29158646062000004,
        0.33368379362000006,
        0.31450333462,
        0.30658191862000006,
        0.30747708462000006,
        0.29520450162000006,
        0.34569771062000004,
        0.29334525162,
        0.31198112662000005,
        0.30353408562000006,
        0.33854975162000006,
        0.30781312662000004,
        0.29683754362000003,
        0.30111733462000007,
        0.28445308462,
        0.28488750162000004,
        0.31624908462000006,
        0.29859575162,
        0.29493071062000004,
        0.29263045962000006,
        0.27511687662000006,
        0.30608625162,
        0.30602412662000006,
        0.31835045962,
        0.30920695962000005,
        0.32615812662000004,
        0.32207625162000003,
        0.29978079362000004,
        0.29648920962,
        0.31244304362,
        0.29808687662000005,
        0.30748804362000004,
        0.31819037662000005,
        0.31686920962000004,
        0.32894645962,
        0.29808262662000007,
        0.30763812662000006,
        0.27806829262000005,
        0.30061554362000004,
        0.32020287662,
        0.31105720962000005
      ],
      "exit_codes": [
        0,
        0,
        0,
        0,
        0,
        0,
        0,
        0,
        0,
        0,
        0,
        0,
        0,
        0,
        0,
        0,
        0,
        0,
        0,
        0,
        0,
        0,
        0,
        0,
        0,
        0,
        0,
        0,
        0,
        0,
        0,
        0,
        0,
        0,
        0,
        0,
        0,
        0,
        0,
        0,
        0,
        0,
        0,
        0,
        0,
        0,
        0,
        0,
        0,
        0,
        0,
        0,
        0,
        0,
        0,
        0,
        0,
        0,
        0,
        0,
        0,
        0,
        0,
        0,
        0,
        0,
        0,
        0,
        0,
        0,
        0,
        0,
        0,
        0,
        0,
        0,
        0,
        0,
        0,
        0,
        0,
        0,
        0,
        0,
        0,
        0,
        0,
        0,
        0,
        0,
        0,
        0,
        0,
        0,
        0,
        0,
        0,
        0,
        0,
        0
      ]
    }
  ]
}
