{
  "results": [
    {
      "command": "warp",
      "mean": 0.46590054116999996,
      "stddev": 0.006100159741229706,
      "median": 0.46528988864000004,
      "user": 0.4829335000000001,
      "system": 0.043882939999999974,
      "min": 0.45159486714,
      "max": 0.48756549214000006,
      "times": [
        0.46283728414,
        0.48126832514000006,
        0.46220299214000005,
        0.46481095014,
        0.47156890914000005,
        0.46725440914000005,
        0.46892882614000003,
        0.46381190914000003,
        0.45631686714,
        0.46220865914000003,
        0.46329890914000005,
        0.45516074214,
        0.46906236714000005,
        0.46412095014000004,
        0.45750370114000005,
        0.46830403414000005,
        0.45159486714,
        0.46397849214000003,
        0.46161190914000005,
        0.46950603414000003,
        0.46001795114000005,
        0.46377978414000004,
        0.46998465914000004,
        0.46156820114,
        0.46670799214,
        0.46113757614000006,
        0.46537120114,
        0.45600703414000004,
        0.47484386814,
        0.47488695114,
        0.45916270114,
        0.46967365914000003,
        0.46034307614000003,
        0.45927574214000005,
        0.46507599214000006,
        0.46303045114,
        0.47348107614,
        0.46804015914,
        0.47065953414000006,
        0.47360636714000004,
        0.45522524214000004,
        0.47113474214000006,
        0.46433215914000003,
        0.45770449214000003,
        0.45850770114000006,
        0.46654353414000005,
        0.47159665914000004,
        0.47132120014000006,
        0.45687274214,
        0.46350661714,
        0.46745665914000006,
        0.46239020014000004,
        0.47773628414,
        0.46702115914000003,
        0.46878428414000006,
        0.46018290914000004,
        0.46720699314,
        0.46126974214000005,
        0.47811374214,
        0.46207828414,
        0.46532390914000005,
        0.46496582514,
        0.47509853414000003,
        0.47461511814,
        0.46544449314,
        0.47374390914000003,
        0.46396224214000004,
        0.46050857614,
        0.47173549214000005,
        0.45924136714,
        0.46666328414,
        0.47024678414000004,
        0.46219457514000006,
        0.47361165914000003,
        0.46175499214000004,
        0.45949778414000003,
        0.46904361714000004,
        0.45840570014000004,
        0.46624903414,
        0.46950970114,
        0.46650232614000003,
        0.47208561814000005,
        0.46439224214,
        0.46424599214000006,
        0.46744515914,
        0.45963315914,
        0.48756549214000006,
        0.46525586814000003,
        0.46390836714000006,
        0.46793828414000005,
        0.45991878414000004,
        0.47096074214000005,
        0.46496061814000006,
        0.46157257614,
        0.46687990914000005,
        0.46725382514,
        0.46473965914000004,
        0.46674965914000005,
        0.46662440914000003,
        0.47861436714000005
      ],
      "exit_codes": [
        0,
        0,
        0,
        0,
        0,
        0,
        0,
        0,
        0,
        0,
        0,
        0,
        0,
        0,
        0,
        0,
        0,
        0,
        0,
        0,
        0,
        0,
        0,
        0,
        0,
        0,
        0,
        0,
        0,
        0,
        0,
        0,
        0,
        0,
        0,
        0,
        0,
        0,
        0,
        0,
        0,
        0,
        0,
        0,
        0,
        0,
        0,
        0,
        0,
        0,
        0,
        0,
        0,
        0,
        0,
        0,
        0,
        0,
        0,
        0,
        0,
        0,
        0,
        0,
        0,
        0,
        0,
        0,
        0,
        0,
        0,
        0,
        0,
        0,
        0,
        0,
        0,
        0,
        0,
        0,
        0,
        0,
        0,
        0,
        0,
        0,
        0,
        0,
        0,
        0,
        0,
        0,
        0,
        0,
        0,
        0,
        0,
        0,
        0,
        0
      ]
    },
    {
      "command": "cargo",
      "mean": 0.3887022260899999,
      "stddev": 0.0886659019843835,
      "median": 0.34235551314,
      "user": 0.15477717000000002,
      "system": 0.10986540999999996,
      "min": 0.29419986814000004,
      "max": 0.75420790914,
      "times": [
        0.49490703414000004,
        0.33171240914000005,
        0.31711045014000006,
        0.39755490914,
        0.34014715914000004,
        0.33449440914,
        0.33836753414000004,
        0.33158220114000003,
        0.31516990914000004,
        0.42987065914000006,
        0.47298065914000004,
        0.75420790914,
        0.49722249314,
        0.31711336714000005,
        0.31853132514000004,
        0.33188682514,
        0.36648707514,
        0.29987961714,
        0.34213153414,
        0.42246282514000005,
        0.46416082514,
        0.54056711714,
        0.49859024214000003,
        0.40252628414,
        0.32447786714000004,
        0.33036353414,
        0.37049920114,
        0.32619690914000005,
        0.32212820114,
        0.38640157614000004,
        0.33752311814,
        0.32872940914000004,
        0.47642040914000006,
        0.7188034091400001,
        0.5548177431400001,
        0.33635261714000003,
        0.35047732514,
        0.33749965914,
        0.32019015914000004,
        0.36528374214000003,
        0.32084807514,
        0.32873490914000003,
        0.4991762001400001,
        0.32662478414,
        0.32129065914000005,
        0.40051670114000004,
        0.50156495014,
        0.40660486714000005,
        0.33207365914000003,
        0.32393190914000003,
        0.53178270114,
        0.44347003414,
        0.32608674214000005,
        0.34509020014,
        0.40772615914000004,
        0.37981957614000006,
        0.33716599214000004,
        0.51989245114,
        0.35224757614,
        0.45095945114,
        0.39915895014,
        0.33487620014,
        0.32765482614,
        0.48172003414000003,
        0.5189201171400001,
        0.40712620014000006,
        0.34255390914000006,
        0.33620990914000004,
        0.34041874214,
        0.32694670014000005,
        0.32564782514,
        0.37871711714000006,
        0.33171620114000006,
        0.33551086714,
        0.48440115914000004,
        0.30944949214,
        0.29419986814000004,
        0.40228053414000003,
        0.30865070114000004,
        0.30280528414,
        0.67179574214,
        0.39959353414000004,
        0.38941620014000006,
        0.33329370014000004,
        0.33311861714,
        0.40065449214000004,
        0.48529553414000004,
        0.41203970014,
        0.32702774214,
        0.32351345014000005,
        0.36730045014,
        0.30415236714000005,
        0.34112382514,
        0.39586949314000003,
        0.33345795114000004,
        0.34215711714,
        0.47433940914000006,
        0.51474045114,
        0.40304478414000006,
        0.32788615914
      ],