{
  "results": [
    {
      "command": "warp",
      "mean": 0.2626077255000001,
      "stddev": 0.02605530225989136,
      "median": 0.25513061504,
      "user": 0.27477421999999985,
      "system": 0.029528549999999997,
      "min": 0.24399540604,
      "max": 0.43958757304,
      "times": [
        0.25155753204,
        0.25530936504,
        0.26373032404,
        0.25343811504,
        0.35221165704,
        0.24817494804000004,
        0.25486311504,
        0.26444411504,
        0.28443303104,
        0.25729769904,
        0.25830436504,
        0.29429857404,
        0.24533215604,
        0.25565990704,
        0.27783499004,
        0.25505440704,
        0.25961215704,
        0.24973169904,
        0.26000644804,
        0.24976836504000002,
        0.25319399004,
        0.26757011504,
        0.26749307404,
        0.27009282404,
        0.25629140704,
        0.25180965604,
        0.25443399004,
        0.25367753204,
        0.24641024004000003,
        0.25273757304,
        0.25934036504,
        0.25313990704,
        0.25422507303999997,
        0.25109853204,
        0.25014853204,
        0.26950615703999997,
        0.25883807304,
        0.35110286504,
        0.25437924004,
        0.25582474004,
        0.25489649004,
        0.25108428104,
        0.25701532304,
        0.25315111504,
        0.26537003204,
        0.25328703203999997,
        0.25228282304,
        0.25222186504,
        0.27434186504,
        0.25790107304,
        0.26070511504,
        0.24531640704000005,
        0.26764665704,
        0.25386828204,
        0.26378344904,
        0.43958757304,
        0.26806944804,
        0.27713990704,
        0.25319144804,
        0.25235536504,
        0.26274665704,
        0.30853165704,
        0.24818474004000005,
        0.25851290704,
        0.24823215704000004,
        0.24956849004,
        0.26746832304,
        0.25486132304,
        0.25606540703999997,
        0.26694378204,
        0.25080378204,
        0.26180386504,
        0.25445844904,
        0.35264182404,
        0.25143669804,
        0.24955069804000005,
        0.25485994804,
        0.26789436503999997,
        0.26310549004,
        0.25079978204,
        0.25634324004,
        0.25237261503999997,
        0.25296528204,
        0.25084074004,
        0.25148844804,
        0.25092894804,
        0.27003694804,
        0.24840115704000001,
        0.25092857304,
        0.25602932304,
        0.27174757304,
        0.25856457304,
        0.25810444804,
        0.25697640704,
        0.24798136504000004,
        0.24399540604,
        0.25113144804,
        0.27152440703999997,
        0.25520682304,
        0.25114207404
      ],
      "exit_codes": [
        0,
        0,
        0,
        0,
        0,
        0,
        0,
        0,
        0,
        0,
        0,
        0,
        0,
        0,
        0,
        0,
        0,
        0,
        0,
        0,
        0,
        0,
        0,
        0,
        0,
        0,
        0,
        0,
        0,
        0,
        0,
        0,
        0,
        0,
        0,
        0,
        0,
        0,
        0,
        0,
        0,
        0,
        0,
        0,
        0,
        0,
        0,
        0,
        0,
        0,
        0,
        0,
        0,
        0,
        0,
        0,
        0,
        0,
        0,
        0,
        0,
        0,
        0,
        0,
        0,
        0,
        0,
        0,
        0,
        0,
        0,
        0,
        0,
        0,
        0,
        0,
        0,
        0,
        0,
        0,
        0,
        0,
        0,
        0,
        0,
        0,
        0,
        0,
        0,
        0,
        0,
        0,
        0,
        0,
        0,
        0,
        0,
        0,
        0,
        0
      ]
    },
    {
      "command": "cargo",
      "mean": 0.30904534175000004,
      "stddev": 0.018110965012864712,
      "median": 0.30560419854,
      "user": 0.13799454,
      "system": 0.10933654999999996,
      "min": 0.28414144904,
      "max": 0.38938565604,
      "times": [
        0.30530399004000003,
        0.31348632304,
        0.29269978204,
        0.29487111504,
        0.31759178204,
        0.37892482404,
        0.30407786504,
        0.32142932304,
        0.31727899004,
        0.29670286504,
        0.28934886504,
        0.28534886504,
        0.36901169904000003,
        0.31788011504,
        0.30252007404,
        0.31007690704,
        0.29982203204,
        0.30634169904,
        0.31662036504,
        0.29918049004,
        0.30180544904,
        0.30496469804,
        0.30430157304,
        0.30890261504,
        0.30848136504,
        0.30532449004,
        0.30622853204,
        0.30048103204,
        0.30447532304,
        0.29975657404,
        0.30269674004,
        0.34373453204,
        0.29477924004,
        0.31594757304,
        0.30105957304000003,
        0.30899111504,
        0.30789999004,
        0.31028740604,
        0.30457936504,
        0.31258540704,
        0.29772586504,
        0.30056190704,
        0.31682203104,
        0.38938565604,
        0.31090382404,
        0.29827128104,
        0.30628369904,
        0.29621994804,
        0.37961290604000003,
        0.35926257304,
        0.31577715704,
        0.30361036504,
        0.30451003204,
        0.29896032304,
        0.31213524004,
        0.29036494804,
        0.29939128204,
        0.30566903204,
        0.29111565704,
        0.30398378204,
        0.30999119804,
        0.30190890704,
        0.31091044904,
        0.31129474004,
        0.30553936504,
        0.29326761504,
        0.30486357304,
        0.31359961504,
        0.28414144904,
        0.30827965704,
        0.31980199004,
        0.29284136504,
        0.29514903204,
        0.28894653204,
        0.30620182404,
        0.32826319804,
        0.30587999004,
        0.30427649004,
        0.30872924004,
        0.30038615704,
        0.29467186504,
        0.29204024004,
        0.30570569804,
        0.31422211504,
        0.28745690704,
        0.29594294904,
        0.32659319804,
        0.30499111504,
        0.30105349004,
        0.31745511504,
        0.31457328104,
        0.31638769804,
        0.31229132304,
        0.30286949004,
        0.31202194804,
        0.30803169804,
        0.30397574004,
        0.31405569804,
        0.31377753204,
        0.30577661504
      ],
      "exit_codes": [
        0,
        0,
        0,
        0,
        0,
        0,
        0,
        0,
        0,
        0,
        0,
        0,
        0,
        0,
        0,
        0,
        0,
        0,
        0,
        0,
        0,
        0,
        0,
        0,
        0,
        0,
        0,
        0,
        0,
        0,
        0,
        0,
        0,
        0,
        0,
        0,
        0,
        0,
        0,
        0,
        0,
        0,
        0,
        0,
        0,
        0,
        0,
        0,
        0,
        0,
        0,
        0,
        0,
        0,
        0,
        0,
        0,
        0,
        0,
        0,
        0,
        0,
        0,
        0,
        0,
        0,
        0,
        0,
        0,
        0,
        0,
        0,
        0,
        0,
        0,
        0,
        0,
        0,
        0,
        0,
        0,
        0,
        0,
        0,
        0,
        0,
        0,
        0,
        0,
        0,
        0,
        0,
        0,
        0,
        0,
        0,
        0,
        0,
        0,
        0
      ]
    }
  ]
}
