{
  "results": [
    {
      "command": "warp",
      "mean": 0.47236169466000016,
      "stddev": 0.010995724656642076,
      "median": 0.47140041688,
      "user": 0.4849825300000001,
      "system": 0.04395737999999999,
      "min": 0.45901558338000004,
      "max": 0.5664593333800001,
      "times": [
        0.46058362538000003,
        0.46969633338000005,
        0.46661091738000005,
        0.46475583338000004,
        0.46213495838000007,
        0.46563995838000005,
        0.46903866638,
        0.45901558338000004,
        0.46633112538000004,
        0.5664593333800001,
        0.46391895838,
        0.46841191638000007,
        0.4655680413800001,
        0.46420908338000005,
        0.46796116738000004,
        0.46641262538000006,
        0.46740362438000005,
        0.46543491638000006,
        0.46277720838,
        0.46800412538,
        0.46662570838000006,
        0.4676194583800001,
        0.46722341738000006,
        0.46587804138000005,
        0.46994300038000003,
        0.46739266738000007,
        0.46573737538000004,
        0.47890479238000006,
        0.46163320838000005,
        0.47078954138000007,
        0.46612745838,
        0.46556083338000004,
        0.4691464583800001,
        0.47024029138000006,
        0.47128954138000007,
        0.47232354238000007,
        0.47354412538000007,
        0.46802566638000004,
        0.46982662438000006,
        0.46646445838000006,
        0.47343445838000003,
        0.46760620838000005,
        0.46962112438000003,
        0.47295724938000006,
        0.46862091638000003,
        0.48544908338000003,
        0.46345233338,
        0.47163125038000003,
        0.4761275413800001,
        0.46049583338000005,
        0.46990729238000006,
        0.47294416738000006,
        0.46921029138000003,
        0.47141400038000003,
        0.47092299938000004,
        0.47427612538,
        0.47265758338,
        0.47340804238000006,
        0.46938966638000007,
        0.46978495838000006,
        0.4735255003800001,
        0.47443566738000004,
        0.46835562538000003,
        0.47481329138000006,
        0.47654770838000005,
        0.47281208338,
        0.46690383338,
        0.47439216738000006,
        0.47816729138,
        0.47775645838,
        0.47517845838000006,
        0.47220050038000005,
        0.47178575038000004,
        0.47164166638000005,
        0.47009516738000007,
        0.4754023753800001,
        0.47838779138000004,
        0.47138683338000004,
        0.47287583338000005,
        0.48304604138000007,
        0.48020099938000005,
        0.47439120838000004,
        0.47918045838000006,
        0.48148408338000004,
        0.4784015413800001,
        0.4743175833800001,
        0.47558145838000004,
        0.47334641638,
        0.47277325038000007,
        0.47421566738000004,
        0.48008708338000006,
        0.47372374938000006,
        0.48067095838000007,
        0.48069420838000004,
        0.47582987538000004,
        0.48199324938000004,
        0.4792939163800001,
        0.47258908338000005,
        0.48304150038000004,
        0.47666779238000007
      ],
      "exit_codes": [
        0,
        0,
        0,
        0,
        0,
        0,
        0,
        0,
        0,
        0,
        0,
        0,
        0,
        0,
        0,
        0,
        0,
        0,
        0,
        0,
        0,
        0,
        0,
        0,
        0,
        0,
        0,
        0,
        0,
        0,
        0,
        0,
        0,
        0,
        0,
        0,
        0,
        0,
        0,
        0,
        0,
        0,
        0,
        0,
        0,
        0,
        0,
        0,
        0,
        0,
        0,
        0,
        0,
        0,
        0,
        0,
        0,
        0,
        0,
        0,
        0,
        0,
        0,
        0,
        0,
        0,
        0,
        0,
        0,
        0,
        0,
        0,
        0,
        0,
        0,
        0,
        0,
        0,
        0,
        0,
        0,
        0,
        0,
        0,
        0,
        0,
        0,
        0,
        0,
        0,
        0,
        0,
        0,
        0,
        0,
        0,
        0,
        0,
        0,
        0
      ]
    },
    {
      "command": "cargo",
      "mean": 0.5332628308900002,
      "stddev": 0.11521245599675085,
      "median": 0.51513587488,
      "user": 0.183862,
      "system": 0.11422004999999996,
      "min": 0.41447887538000006,
      "max": 1.12756816738,
      "times": [
        0.4933536243800001,
        0.52457995838,
        0.52964062538,
        0.50972520838,
        0.53730054138,
        0.5113639173800001,
        0.49617358338000006,
        0.5300885003800001,
        0.49800895838000003,
        0.5395401673800001,
        0.5023411253800001,
        1.06155383338,
        0.51998416638,
        0.50358083338,
        0.5320809993800001,
        0.55081199938,
        0.47987466638000004,
        0.5103512493800001,
        0.5426329163800001,
        0.54901237538,
        0.46562400038000007,
        0.51582437538,
        0.5118124163800001,
        0.51707004138,
        0.5096049583800001,
        0.51926608338,
        0.52985462538,
        0.69426841638,
        0.6104843753800001,
        0.44473950038000004,
        0.43957091738000004,
        0.4642886673800001,
        0.44266762538000004,
        0.5203215413800001,
        0.52061654138,
        0.52007795838,
        0.51555500038,
        0.50860941638,
        0.5417389583800001,
        0.50753620838,
        0.5032626253800001,
        0.55810125038,
        0.49900487538000005,
        0.4914155833800001,
        1.12756816738,
        0.43778154138,
        0.52202245838,
        0.5188367083800001,
        0.41485350038,
        0.51043279238,
        0.63203595838,
        0.55727620838,
        0.4946408333800001,
        0.4985941663800001,
        0.5109004583800001,
        0.49132229138000005,
        0.41542275038000004,
        0.52742670838,
        0.52070254138,
        0.51293670838,
        0.72238579138,
        0.8243982083800001,
        0.53581366638,
        0.51471674938,
        0.5063549163800001,
        0.41447887538000006,
        0.42250116738000004,
        0.45778625038000004,
        0.4405135833800001,
        0.45111216738000004,
        0.5319329163800001,
        0.51780600038,
        0.51463158338,
        0.51699241638,
        0.48522329138000003,
        0.5484020003800001,
        0.50996237538,
        0.58445925038,
        0.6725231663800001,
        0.43843879138,
        0.41950816638000005,
        0.48349429138000005,
        0.5062806243800001,
        0.52684350038,
        0.49643762538,
        0.55576708338,
        0.49396125038000005,
        0.5324017493800001,
        0.5066251663800001,
        0.52370024938,
        0.5166785833800001,
        0.5234513753800001,
        0.5055508333800001,
        0.5249372493800001,
        0.5109055423800001,
        1.09073754138,
        0.46218408338000005,
        0.52406987538,
        0.52214754238,
        0.52409858338
      ],