{
  "results": [
    {
      "command": "warp",
      "mean": 0.47276227128000015,
      "stddev": 0.013186932915420379,
      "median": 0.46973926588000003,
      "user": 0.48651315999999994,
      "system": 0.04566089999999998,
      "min": 0.45409818288000003,
      "max": 0.54374493188,
      "times": [
        0.45939859988000004,
        0.46251859888,
        0.45796764088,
        0.46219068288000004,
        0.46111626588000004,
        0.45409818288000003,
        0.48502522388,
        0.47296089088000004,
        0.47206630688000006,
        0.47721376588000003,
        0.46879380788,
        0.45724009988000003,
        0.45846222488000005,
        0.46620622388000005,
        0.46537351588000003,
        0.47264514088000004,
        0.47611551588000006,
        0.46641976588000006,
        0.47504718288000003,
        0.47010364088000006,
        0.45878189088000004,
        0.46410159888,
        0.46826334988000007,
        0.46851534888,
        0.46350455688000003,
        0.47241264088000007,
        0.48207722388,
        0.46999209888000004,
        0.47323634888000005,
        0.46960293288000005,
        0.47464889088000006,
        0.54374493188,
        0.46836864088,
        0.49741776588000003,
        0.48313493288000003,
        0.46828801588,
        0.47270280688000005,
        0.46057622388,
        0.46551230788000003,
        0.46004830788000006,
        0.46987559888,
        0.46103134888,
        0.46620368188000005,
        0.47099693288000005,
        0.46314193288000005,
        0.47567859888,
        0.47141014088000005,
        0.46939034888000003,
        0.46948672488000004,
        0.46722922488,
        0.46677864088000004,
        0.46822314088000005,
        0.52247930788,
        0.46536380788000004,
        0.47118072488000007,
        0.46689839088000007,
        0.46995501588000005,
        0.46896018288,
        0.47509189088000003,
        0.47379372488000004,
        0.47942972388000005,
        0.48523068188000007,
        0.46741939088000006,
        0.46673468288000003,
        0.48260030788,
        0.47754201588000006,
        0.47068014088000004,
        0.46471726588000006,
        0.48695697388000003,
        0.47778726588000003,
        0.46432443188000005,
        0.46455347388000007,
        0.46630443188000004,
        0.46507580688000005,
        0.45924455788,
        0.46625605788,
        0.46608509888000005,
        0.48919947388000007,
        0.48414905788000007,
        0.49635914088000005,
        0.46583872488000005,
        0.48367618288,
        0.47333809888000006,
        0.46435822388000003,
        0.47528418288,
        0.46655184888000006,
        0.46001684888000005,
        0.47840330688000005,
        0.46896155788000005,
        0.47516051588,
        0.46488226588000003,
        0.47240284888000006,
        0.47961939088000005,
        0.47229080688,
        0.48423822488000007,
        0.49911059988,
        0.51647259888,
        0.48507689088000006,
        0.47806909888000004,
        0.47276147388000006
      ],
      "exit_codes": [
        0,
        0,
        0,
        0,
        0,
        0,
        0,
        0,
        0,
        0,
        0,
        0,
        0,
        0,
        0,
        0,
        0,
        0,
        0,
        0,
        0,
        0,
        0,
        0,
        0,
        0,
        0,
        0,
        0,
        0,
        0,
        0,
        0,
        0,
        0,
        0,
        0,
        0,
        0,
        0,
        0,
        0,
        0,
        0,
        0,
        0,
        0,
        0,
        0,
        0,
        0,
        0,
        0,
        0,
        0,
        0,
        0,
        0,
        0,
        0,
        0,
        0,
        0,
        0,
        0,
        0,
        0,
        0,
        0,
        0,
        0,
        0,
        0,
        0,
        0,
        0,
        0,
        0,
        0,
        0,
        0,
        0,
        0,
        0,
        0,
        0,
        0,
        0,
        0,
        0,
        0,
        0,
        0,
        0,
        0,
        0,
        0,
        0,
        0,
        0
      ]
    },
    {
      "command": "cargo",
      "mean": 0.32675977625,
      "stddev": 0.024608475470434644,
      "median": 0.32564082788000004,
      "user": 0.15048330999999998,
      "system": 0.10450567999999993,
      "min": 0.29118205788,
      "max": 0.47826447388000004,
      "times": [
        0.31360918288000006,
        0.32907097388000006,
        0.32229414088,
        0.33039947388,
        0.33091234888000004,
        0.30159180788,
        0.32473689088,
        0.32527909988000003,
        0.32248484988000004,
        0.31402730688,
        0.31671918188000003,
        0.32601793288,
        0.33090034888000003,
        0.30747664088000004,
        0.31409989088,
        0.32576947388000005,
        0.33131055788,
        0.33244414088,
        0.32707368288000005,
        0.32147772388,
        0.32405505788000005,
        0.29794705688,
        0.32389197388,
        0.31877980688,
        0.47826447388000004,
        0.34916451588,
        0.32454343288000004,
        0.32460843188000005,
        0.32413834888000004,
        0.33361255788000005,
        0.32805064088,
        0.33958155788000005,
        0.34062555788000004,
        0.32633734988,
        0.32819934888,
        0.32410522388,
        0.32757568288000005,
        0.30460884888,
        0.46599230688000004,
        0.34294484888000004,
        0.30460026588000005,
        0.31669755788000004,
        0.33086484888,
        0.33076189088,
        0.34388434888,
        0.33280468288000004,
        0.32707422388,
        0.33113509888000003,
        0.33373968288000005,
        0.32937493288,
        0.37790451588,
        0.34134568188000003,
        0.33586818288000003,
        0.34049372388000004,
        0.32631009888,
        0.31890826588000004,
        0.32086926588000003,
        0.32737209888,
        0.32277797388,
        0.32925122388000005,
        0.33109893188000006,
        0.29928343288000003,
        0.29118205788,
        0.31585659888,
        0.30260584888000003,
        0.32281109888000004,
        0.30342539088000003,
        0.32955234888,
        0.32862043188,
        0.31168089088,
        0.31976097388,
        0.31279489088,
        0.33341276588,
        0.34374001588,
        0.32551218188000003,
        0.30619130688,
        0.29647801588000006,
        0.31762876588000005,
        0.31337218188000004,
        0.30404730788,
        0.31431747488000006,
        0.32861618288000005,
        0.31173347388000006,
        0.32086643288000005,
        0.30840493288000004,
        0.32502789088000006,
        0.32007489088,
        0.33697455788,
        0.32839743288,
        0.32979084988,
        0.33480172388,
        0.34053822488,
        0.33417526588,
        0.32086547488000006,
        0.33124297488000004,
        0.32127584988,
        0.33180480688,
        0.33017414088,
        0.30396384888000005,
        0.29711451588000004
      ],