{
  "results": [
    {
      "command": "warp",
      "mean": 0.4653716490900001,
      "stddev": 0.005281579708224977,
      "median": 0.46521430312,
      "user": 0.4829484999999999,
      "system": 0.04430364,
      "min": 0.45360594912,
      "max": 0.48198332412000006,
      "times": [
        0.46139365712,
        0.46761440712,
        0.45831632412,
        0.45715919912,
        0.46459290712,
        0.46390011612000004,
        0.45455294912000005,
        0.46690836612000003,
        0.45991299112,
        0.46309861612000003,
        0.46310124112,
        0.46530444912,
        0.45737353212000004,
        0.46513111612,
        0.46828103212000005,
        0.46668636612000003,
        0.46653428212000003,
        0.46748419912000005,
        0.46309553312,
        0.45834207412000005,
        0.47809640712,
        0.46150649112000003,
        0.46500336612000004,
        0.46206953212,
        0.47442569912000004,
        0.47414849112,
        0.47246428312000005,
        0.47223024112,
        0.46669853212,
        0.46299090712,
        0.46444553212,
        0.45360594912,
        0.46386599012,
        0.47637919912000004,
        0.46514715712000004,
        0.46231315712000004,
        0.46935186612,
        0.46739990712,
        0.46345969912,
        0.46720015712,
        0.45400844912000005,
        0.46446124012,
        0.46671744912,
        0.47618590812000006,
        0.46939211612000004,
        0.46037690812000004,
        0.46528144912,
        0.46032686512000004,
        0.47315999112,
        0.45943636612000005,
        0.46689261512,
        0.46318324112000003,
        0.45772661512,
        0.46998228312,
        0.46639474112,
        0.46148640712000005,
        0.46315603312000003,
        0.46067386512,
        0.46530899012000004,
        0.45482965712,
        0.46573378212000005,
        0.46171290712,
        0.46543824112000004,
        0.47165911612000005,
        0.47003511612000004,
        0.46206049112,
        0.46769603212000005,
        0.46693236612000005,
        0.46124619912000003,
        0.47531182412,
        0.47298899112000004,
        0.46460990712000005,
        0.46179032412000004,
        0.46441244912,
        0.45967594912000004,
        0.46550949012000004,
        0.46452828312000005,
        0.46882569912000005,
        0.46539836612,
        0.45678632412000003,
        0.47058861512000005,
        0.46745744912000003,
        0.48198332412000006,
        0.46472478212,
        0.46725486512000003,
        0.46161711612,
        0.46841665712,
        0.47208290712,
        0.46280207412,
        0.47346365812,
        0.46797107412000005,
        0.46572640712,
        0.46865699012,
        0.46085865712,
        0.46168449112000004,
        0.46858090712000006,
        0.46601474012000005,
        0.46276811512000005,
        0.46667865812000003,
        0.46491444912
      ],
      "exit_codes": [
        0,
        0,
        0,
        0,
        0,
        0,
        0,
        0,
        0,
        0,
        0,
        0,
        0,
        0,
        0,
        0,
        0,
        0,
        0,
        0,
        0,
        0,
        0,
        0,
        0,
        0,
        0,
        0,
        0,
        0,
        0,
        0,
        0,
        0,
        0,
        0,
        0,
        0,
        0,
        0,
        0,
        0,
        0,
        0,
        0,
        0,
        0,
        0,
        0,
        0,
        0,
        0,
        0,
        0,
        0,
        0,
        0,
        0,
        0,
        0,
        0,
        0,
        0,
        0,
        0,
        0,
        0,
        0,
        0,
        0,
        0,
        0,
        0,
        0,
        0,
        0,
        0,
        0,
        0,
        0,
        0,
        0,
        0,
        0,
        0,
        0,
        0,
        0,
        0,
        0,
        0,
        0,
        0,
        0,
        0,
        0,
        0,
        0,
        0,
        0
      ]
    },
    {
      "command": "cargo",
      "mean": 0.37293519044000023,
      "stddev": 0.06891244950450846,
      "median": 0.34128057412,
      "user": 0.15500939,
      "system": 0.10612750999999994,
      "min": 0.30757465712000004,
      "max": 0.61926486612,
      "times": [
        0.32656969912,
        0.50293478212,
        0.34816249112000003,
        0.32562890812,
        0.36398861512,
        0.33620253312000004,
        0.32965765712,
        0.5861543661199999,
        0.52816536612,
        0.33358203212000004,
        0.43917369912000004,
        0.30821549112,
        0.33500774112000004,
        0.43334578212,
        0.37761411612,
        0.33029503212,
        0.32387282412,
        0.38152390712,
        0.33346453212000005,
        0.33227136612,
        0.35555965712000004,
        0.33538144912,
        0.32742269912,
        0.48487169912000005,
        0.31607319912000004,
        0.30757465712000004,
        0.32242986512000005,
        0.33801036612,
        0.32309315712000003,
        0.33047132412,
        0.33236069912000005,
        0.54454094912,
        0.50555632412,
        0.35940544912,
        0.44606957412000003,
        0.34255765712,
        0.32551461612000004,
        0.37208919912000005,
        0.30938682412,
        0.32658499112,
        0.41414761512000003,
        0.32706274112,
        0.32135915712,
        0.40313757412,
        0.47414403212,
        0.51193715812,
        0.31754328312,
        0.31895811612,
        0.38463828312000004,
        0.32815549112000003,
        0.38745482412000004,
        0.34593565712,
        0.50816228312,
        0.39346011612000004,
        0.33138224112000003,
        0.52259903312,
        0.34394719912000005,
        0.46766428312,
        0.39514624112,
        0.33706374112000004,
        0.32600582412,
        0.36764694912,
        0.32771207412000003,
        0.31512782412,
        0.39962099112000005,
        0.33470015712,
        0.33935332412,
        0.47092028312,
        0.34000349112,
        0.31711224012,
        0.38505474112000004,
        0.34666040712,
        0.33265140712,
        0.35111028212,
        0.32895753312000003,
        0.31947415812,
        0.37652965712,
        0.31259932412,
        0.31550065712,
        0.61926486612,
        0.47103749012,
        0.35397690812000004,
        0.33859149112000003,
        0.31939615812,
        0.37623665812,
        0.34270186512,
        0.33315349112000003,
        0.34726644912000004,
        0.33589374112000003,
        0.33164340712,
        0.35818686612,
        0.32385340712000005,
        0.34615361612,
        0.37578582412,
        0.49842524112000003,
        0.40606732412,
        0.33677124112,
        0.32570169912,
        0.48291794912,
        0.34906765712000004
      ],
      "exit_codes": [
        0,
        0,
        0,
        0,
        0,
        0,
        0,
        0,
        0,
        0,
        0,
        0,
        0,
        0,
        0,
        0,
        0,
        0,
        0,
        0,
        0,
        0,
        0,
        0,
        0,
        0,
        0,
        0,
        0,
        0,
        0,
        0,
        0,
        0,
        0,
        0,
        0,
        0,
        0,
        0,
        0,
        0,
        0,
        0,
        0,
        0,
        0,
        0,
        0,
        0,
        0,
        0,
        0,
        0,
        0,
        0,
        0,
        0,
        0,
        0,
        0,
        0,
        0,
        0,
        0,
        0,
        0,
        0,
        0,
        0,
        0,
        0,
        0,
        0,
        0,
        0,
        0,
        0,
        0,
        0,
        0,
        0,
        0,
        0,
        0,
        0,
        0,
        0,
        0,
        0,
        0,
        0,
        0,
        0,
        0,
        0,
        0,
        0,
        0,
        0
      ]
    }
  ]
}
