{
  "results": [
    {
      "command": "warp",
      "mean": 0.3451990324799999,
      "stddev": 0.0440255772401001,
      "median": 0.34504148634000004,
      "user": 0.3597405300000001,
      "system": 0.03540938999999999,
      "min": 0.26868094534000003,
      "max": 0.45632802834,
      "times": [
        0.31528423634,
        0.36616923634000004,
        0.35139527834,
        0.29361598734000005,
        0.31182215334,
        0.30453977834,
        0.28117665334,
        0.30019802834000003,
        0.37673548634000004,
        0.27552981934000004,
        0.35527257034000004,
        0.41632081934000004,
        0.41602236134000004,
        0.33586369534000005,
        0.30431119534,
        0.36349102834,
        0.35663990334,
        0.35494223634000005,
        0.28737436134000005,
        0.37719898734,
        0.33189632034000005,
        0.26868094534000003,
        0.36929077834,
        0.39194781934000006,
        0.35097019434000004,
        0.37397794434000003,
        0.39060390334000006,
        0.41544536134000004,
        0.33647848734,
        0.33564377834000003,
        0.38948457034000006,
        0.34393982034000004,
        0.33288452834000004,
        0.33055969534,
        0.32846261234,
        0.45632802834,
        0.34478823634000005,
        0.40374319534,
        0.43057419534,
        0.27373348634,
        0.37434411134,
        0.33059852834000003,
        0.35295790334000005,
        0.30196294534,
        0.34056152834000003,
        0.40266719534,
        0.36466690334,
        0.33543727834000003,
        0.39285682034,
        0.27759177834000004,
        0.30737719534,
        0.29226956934000003,
        0.30733815334000003,
        0.37245631934,
        0.35275023634,
        0.33367031934,
        0.38379082034,
        0.41548986134000004,
        0.35068111234000005,
        0.41897002834,
        0.39543336134,
        0.32248186134,
        0.34230086134000004,
        0.34529473634,
        0.35299982034000005,
        0.40257523634000003,
        0.36698486134,
        0.29253877834,
        0.37847857034000004,
        0.44469169534,
        0.36275540334,
        0.34099636134000005,
        0.40991619534,
        0.33225390334000005,
        0.27263577834,
        0.29459565334000004,
        0.29833544534,
        0.30668257034,
        0.29991240334,
        0.35170852834000005,
        0.35057711134,
        0.26959544534,
        0.28528215334,
        0.30442886134,
        0.38503402834000006,
        0.33016273634000004,
        0.33224840334000005,
        0.34874273634,
        0.27269198734,
        0.41479277834000006,
        0.34448798634000005,
        0.27003698734000003,
        0.37458727834000005,
        0.29663015334000004,
        0.34938436134,
        0.36131344434,
        0.39283857034,
        0.29095677834,
        0.34662236134,
        0.33414073634
      ],
      "exit_codes": [
        0,
        0,
        0,
        0,
        0,
        0,
        0,
        0,
        0,
        0,
        0,
        0,
        0,
        0,
        0,
        0,
        0,
        0,
        0,
        0,
        0,
        0,
        0,
        0,
        0,
        0,
        0,
        0,
        0,
        0,
        0,
        0,
        0,
        0,
        0,
        0,
        0,
        0,
        0,
        0,
        0,
        0,
        0,
        0,
        0,
        0,
        0,
        0,
        0,
        0,
        0,
        0,
        0,
        0,
        0,
        0,
        0,
        0,
        0,
        0,
        0,
        0,
        0,
        0,
        0,
        0,
        0,
        0,
        0,
        0,
        0,
        0,
        0,
        0,
        0,
        0,
        0,
        0,
        0,
        0,
        0,
        0,
        0,
        0,
        0,
        0,
        0,
        0,
        0,
        0,
        0,
        0,
        0,
        0,
        0,
        0,
        0,
        0,
        0,
        0
      ]
    },
    {
      "command": "cargo",
      "mean": 0.30829429503000005,
      "stddev": 0.013050694649205708,
      "median": 0.30815929934,
      "user": 0.13765573999999994,
      "system": 0.10708703000000003,
      "min": 0.27703490334,
      "max": 0.39306761134,
      "times": [
        0.28584119434000005,
        0.30675790334,
        0.31353211234,
        0.31019602834000004,
        0.30937007034,
        0.30626902834,
        0.32905823734,
        0.29600082034,
        0.30827419534,
        0.30417490334,
        0.30477094534000004,
        0.31255944434000005,
        0.31009277834000004,
        0.31008431934,
        0.33443469534000003,
        0.30225015334000005,
        0.30784990334,
        0.30624411134,
        0.29804506934,
        0.31008807034,
        0.31232269534,
        0.30695431934,
        0.31484236134000004,
        0.30345190334000005,
        0.30804440334000005,
        0.30720440334000004,
        0.29849744534,
        0.30605269534,
        0.32406352834,
        0.31245423734000005,
        0.29733652834,
        0.29149165334000005,
        0.30535932034,
        0.30864111234,
        0.29771302834,
        0.30455815334,
        0.30029752834,
        0.31368694434000005,
        0.31336006934000005,
        0.31260202834,
        0.27703490334,
        0.30515782034000005,
        0.31046727834000004,
        0.31233273734,
        0.31137094534000004,
        0.31915673634,
        0.31520148634,
        0.31445407034,
        0.31162048734000003,
        0.39306761134,
        0.30953573734,
        0.30474844534,
        0.30204827834000003,
        0.30827948634,
        0.31595023634,
        0.30552807034,
        0.31225140334,
        0.31511694534,
        0.31216527834,
        0.30223344534,
        0.29232727834000005,
        0.28352794534000003,
        0.28177469434,
        0.30604461134000005,
        0.32574486234000005,
        0.30794852834,
        0.31453427834000003,
        0.31068056934000005,
        0.32090061134000003,
        0.29929615334000004,
        0.31359786134,
        0.31691227834,
        0.31400223634,
        0.30236211234000004,
        0.31043290334,
        0.32258686134000003,
        0.31845036134000004,
        0.31602223634000004,
        0.30103298634000003,
        0.31438423734000004,
        0.32179669534000005,
        0.31505377834000003,
        0.29073836134000003,
        0.30378482034000004,
        0.29884152834000005,
        0.31687811134000005,
        0.31136436234000003,
        0.31596815334,
        0.30707352834,
        0.29570144534000004,
        0.30529290334000003,
        0.30702257034,
        0.30521707034,
        0.30483136134000005,
        0.29157669534,
        0.30227044434,
        0.29564907034000004,
        0.28129077834000005,
        0.31753090334,
        0.30643356934000004
      ],