{
  "results": [
    {
      "command": "warp",
      "mean": 0.46886144553000014,
      "stddev": 0.0069494281544996515,
      "median": 0.46769870462000007,
      "user": 0.48626035999999984,
      "system": 0.04433288999999999,
      "min": 0.45647318462,
      "max": 0.48951851762000004,
      "times": [
        0.46627293362000005,
        0.45853614262000003,
        0.45654630962000003,
        0.47250739262,
        0.45963597562,
        0.47419201762,
        0.47664460062,
        0.46677193462000005,
        0.46801247562000003,
        0.46346039262000005,
        0.45681660062,
        0.47810376762000006,
        0.46432785062000004,
        0.45667101762000006,
        0.46442468362000006,
        0.46485585062000007,
        0.46645251762000006,
        0.46775343362000005,
        0.47031718462000005,
        0.46889255962000004,
        0.46010897562,
        0.45658872662000005,
        0.46342989262000006,
        0.46454855962,
        0.46818026762000003,
        0.46314847562000006,
        0.46559593462000004,
        0.46102560062000003,
        0.48951851762000004,
        0.46273868362000004,
        0.46820922662000003,
        0.46204451762000004,
        0.46075276762000006,
        0.46764397562000004,
        0.47491051762000003,
        0.46419193462,
        0.46498851762000004,
        0.48071660162,
        0.47353768462000007,
        0.46983151762,
        0.46384705962000006,
        0.45647318462,
        0.46153830962000003,
        0.46044289262000004,
        0.46666518462000006,
        0.48144064262,
        0.48170914262000003,
        0.47419280962000004,
        0.46319705862000005,
        0.47458935162000004,
        0.46096222562000005,
        0.46327297662000005,
        0.48091947662000006,
        0.46904864262000007,
        0.46393993362,
        0.47687947562000005,
        0.46647918362,
        0.46788226762,
        0.46651630862000004,
        0.46610193462000005,
        0.48218801762,
        0.47849764262000005,
        0.47091272662000006,
        0.47621751762000003,
        0.48134576762000003,
        0.48176876762000004,
        0.46669972662000003,
        0.46492355962000004,
        0.47249226762,
        0.47865726762000005,
        0.47842043462000006,
        0.47997864262000006,
        0.47721330862000005,
        0.46975039262,
        0.46592780962,
        0.46354035062000004,
        0.47392397562000005,
        0.46314755862000007,
        0.47134289262000006,
        0.46822810062000003,
        0.46413680962000003,
        0.47131101762000005,
        0.47321997662000004,
        0.46870710062000004,
        0.46878660062000005,
        0.46622489262000005,
        0.46140760062,
        0.46859576762000005,
        0.46729810062000005,
        0.47870272662,
        0.46558897562,
        0.47192460062,
        0.46593630962000004,
        0.46944851762000006,
        0.46562710062,
        0.46629176762,
        0.47272426762,
        0.47189872662000004,
        0.47649001762000004,
        0.47764235062000004
      ],
      "exit_codes": [
        0,
        0,
        0,
        0,
        0,
        0,
        0,
        0,
        0,
        0,
        0,
        0,
        0,
        0,
        0,
        0,
        0,
        0,
        0,
        0,
        0,
        0,
        0,
        0,
        0,
        0,
        0,
        0,
        0,
        0,
        0,
        0,
        0,
        0,
        0,
        0,
        0,
        0,
        0,
        0,
        0,
        0,
        0,
        0,
        0,
        0,
        0,
        0,
        0,
        0,
        0,
        0,
        0,
        0,
        0,
        0,
        0,
        0,
        0,
        0,
        0,
        0,
        0,
        0,
        0,
        0,
        0,
        0,
        0,
        0,
        0,
        0,
        0,
        0,
        0,
        0,
        0,
        0,
        0,
        0,
        0,
        0,
        0,
        0,
        0,
        0,
        0,
        0,
        0,
        0,
        0,
        0,
        0,
        0,
        0,
        0,
        0,
        0,
        0,
        0
      ]
    },
    {
      "command": "cargo",
      "mean": 0.39304990968000014,
      "stddev": 0.07645006126826105,
      "median": 0.35330180912000003,
      "user": 0.15683637000000006,
      "system": 0.10770603999999993,
      "min": 0.31244314262,
      "max": 0.57883843462,
      "times": [
        0.47528155862000004,
        0.55241689262,
        0.45999080962000005,
        0.31811193462000004,
        0.32059810062000005,
        0.44744255962,
        0.52377380862,
        0.5215293506199999,
        0.51608943462,
        0.47557151762000005,
        0.51215564262,
        0.35509235062000005,
        0.33481185062,
        0.36254743362,
        0.50270101762,
        0.40029651762,
        0.34104568362000004,
        0.32679510062000006,
        0.35368235062000003,
        0.32742572662,
        0.32152689262,
        0.50955835062,
        0.35903539262000006,
        0.34200960062,
        0.33449064262000006,
        0.32547764262,
        0.34445893462000005,
        0.35213260062,
        0.31244314262,
        0.32570726762,
        0.37376501762000003,
        0.34447297662000004,
        0.34365218462,
        0.57883843462,
        0.52357710162,
        0.34140980962,
        0.40574751762000005,
        0.38904080862,
        0.34264914262,
        0.32750768462,
        0.46685639262000006,
        0.32611739262000006,
        0.34198197562000004,
        0.38978726762000004,
        0.49594618462,
        0.40804847562,
        0.33666839262000003,
        0.33778914262000004,
        0.35292126762000003,
        0.33158639262000006,
        0.45447639262000006,
        0.36161251762,
        0.4989407256200001,
        0.41196543462,
        0.34684526762,
        0.47293297662000006,
        0.55446439262,
        0.36038247562000003,
        0.33879705962,
        0.34470489262000004,
        0.32721168362,
        0.45639672662,
        0.52488960162,
        0.40190043462,
        0.33299364262000003,
        0.33357497562000005,
        0.35859210062,
        0.34676589262,
        0.33999751762,
        0.34080793362000006,
        0.33649835162,
        0.32492764262,
        0.48505443362000006,
        0.51581680962,
        0.40870239262,
        0.33899089262000004,
        0.33030210062000004,
        0.35378764262,
        0.31780876762000004,
        0.54628235062,
        0.55283635162,
        0.34241535062000006,
        0.44018072562000005,
        0.49915689262,
        0.40662697562000005,
        0.32573764262000005,
        0.34442364262,
        0.34880626762000005,
        0.33393689262000004,
        0.32851043362000004,
        0.35857847662000003,
        0.31286043362000004,
        0.32818397662000004,
        0.51436993462,
        0.51413747562,
        0.40092197562000004,
        0.33126001762,
        0.31695647662000004,
        0.39083535062,
        0.33526797562000005
      ],