{
  "results": [
    {
      "command": "warp",
      "mean": 0.99798079341,
      "stddev": 0.10577967449220273,
      "median": 1.07152453558,
      "user": 1.08912062,
      "system": 0.08339621000000001,
      "min": 0.83108724458,
      "max": 1.17624828558,
      "times": [
        0.85630032758,
        1.0752946615799999,
        0.86431911958,
        0.83108724458,
        1.07212057758,
        0.85984549458,
        1.0761575775799999,
        0.86213545258,
        1.0729123275799999,
        1.07726524458,
        0.85807941058,
        1.07935211858,
        1.0766864945799999,
        1.07407624458,
        1.07537961958,
        1.17624828558,
        1.07190103558,
        1.07359878558,
        0.85549970258,
        1.07073461958,
        0.85725745258,
        1.08155236958,
        1.07493111858,
        0.85358066058,
        0.86377286958,
        1.07223491058,
        1.07636466058,
        1.07317353658,
        0.85758949358,
        0.86350245258,
        1.06577128558,
        1.06941482758,
        1.0700394525799999,
        1.07696603658,
        1.08342757758,
        1.07271936858,
        0.86037586858,
        1.07488691058,
        0.84375416058,
        1.08014024358,
        1.07892945258,
        1.0749488275799999,
        0.86549328558,
        0.86004228658,
        0.86176424458,
        1.07952691058,
        1.07341570258,
        0.85964178558,
        1.06966049458,
        1.06893449358,
        1.07043574358,
        1.07355441158,
        1.07000616058,
        1.07349607758,
        0.85904528658,
        0.85968032758,
        1.07064782758,
        1.07114803558,
        0.85686824458,
        1.08080516058,
        1.07014870258,
        0.85351286858,
        0.85841136858,
        1.07050841058,
        1.07473857758,
        1.08621761958,
        1.07724920258,
        0.85780828658,
        1.07804920258,
        1.0734024525799999,
        1.07991466058,
        0.86189707758,
        1.06607341058,
        0.86394545258,
        1.08238703658,
        1.07387003658,
        0.86631241058,
        0.85506716058,
        1.07317166158,
        1.07455257758,
        1.06632899458,
        0.8578429105800001,
        1.07266945258,
        1.07557603658,
        0.86347874458,
        1.07243045258,
        1.07624274458,
        0.86288266058,
        1.07233624458,
        1.07735807758,
        0.85680182758,
        0.85927428558,
        1.07886861958,
        1.07852436958,
        0.85870332758,
        0.85915945258,
        1.09262603558,
        0.86008178658,
        1.07276728558,
        1.07839349458
      ],
      "exit_codes": [
        0,
        0,
        0,
        0,
        0,
        0,
        0,
        0,
        0,
        0,
        0,
        0,
        0,
        0,
        0,
        0,
        0,
        0,
        0,
        0,
        0,
        0,
        0,
        0,
        0,
        0,
        0,
        0,
        0,
        0,
        0,
        0,
        0,
        0,
        0,
        0,
        0,
        0,
        0,
        0,
        0,
        0,
        0,
        0,
        0,
        0,
        0,
        0,
        0,
        0,
        0,
        0,
        0,
        0,
        0,
        0,
        0,
        0,
        0,
        0,
        0,
        0,
        0,
        0,
        0,
        0,
        0,
        0,
        0,
        0,
        0,
        0,
        0,
        0,
        0,
        0,
        0,
        0,
        0,
        0,
        0,
        0,
        0,
        0,
        0,
        0,
        0,
        0,
        0,
        0,
        0,
        0,
        0,
        0,
        0,
        0,
        0,
        0,
        0,
        0
      ]
    },
    {
      "command": "cargo",
      "mean": 0.30182465387999996,
      "stddev": 0.013849739619813825,
      "median": 0.30380113958000005,
      "user": 0.13893862999999998,
      "system": 0.1044543,
      "min": 0.26511661958000005,
      "max": 0.34780870258,
      "times": [
        0.30816949458000004,
        0.27505670258000003,
        0.27964361858000003,
        0.26563457758000003,
        0.30725761958000003,
        0.30787753658000006,
        0.29726420258,
        0.28078482758,
        0.28946124458000005,
        0.30118191158,
        0.29361149458,
        0.26511661958000005,
        0.28748207758000005,
        0.31924241158000005,
        0.30159061958000005,
        0.30613636958,
        0.30165278558,
        0.30686557758000005,
        0.29767036858,
        0.30200857758000005,
        0.30626436958000003,
        0.30172103658000005,
        0.29672066058,
        0.31014628558,
        0.30504753658000006,
        0.30364157758000004,
        0.31605707758,
        0.30956428558000004,
        0.31574861858000003,
        0.30808232758000004,
        0.30498007758,
        0.30636874458,
        0.29892549458,
        0.30124207758000004,
        0.30813824458000005,
        0.32255736958000003,
        0.30693420258000004,
        0.31736666058,
        0.32205486958,
        0.30085249358000005,
        0.29139736958,
        0.31231524458000004,
        0.29778786958000003,
        0.32369941158000004,
        0.28343303658,
        0.29759561958,
        0.32025553658000006,
        0.29634266058000003,
        0.30694428558000003,
        0.30392778558000005,
        0.34780870258,
        0.31968216058000004,
        0.32220166058000005,
        0.31321632758,
        0.31944049458,
        0.30121620258000004,
        0.31586649358,
        0.30905745258000006,
        0.30486711958,
        0.30475611858,
        0.31078970258000005,
        0.30590291058,
        0.31083370258000004,
        0.27316341058000004,
        0.28697899458000004,
        0.30550124458000005,
        0.27016861858,
        0.28565653558000004,
        0.27695774458000005,
        0.29510991158000005,
        0.28379741158000005,
        0.28449199458,
        0.28058524358000003,
        0.30200132758000003,
        0.31012970258000006,
        0.29130745258,
        0.27299457758,
        0.29378595258,
        0.30795445258000004,
        0.31083320258,
        0.29145466058,
        0.29876570258,
        0.29888741058,
        0.29298286958,
        0.30268432758,
        0.29377761958000004,
        0.30395320258,
        0.30733595258,
        0.30267091058,
        0.30963441158000005,
        0.30753241158000005,
        0.31431453558000005,
        0.30793574458000006,
        0.29793249358,
        0.30782599458000004,
        0.29253970258,
        0.29957357758000003,
        0.32395674458,
        0.31815432758,
        0.30367449358000004
      ],
      "exit_codes": [
        0,
        0,
        0,
        0,
        0,
        0,
        0,
        0,
        0,
        0,
        0,
        0,
        0,
        0,
        0,
        0,
        0,
        0,
        0,
        0,
        0,
        0,
        0,
        0,
        0,
        0,
        0,
        0,
        0,
        0,
        0,
        0,
        0,
        0,
        0,
        0,
        0,
        0,
        0,
        0,
        0,
        0,
        0,
        0,
        0,
        0,
        0,
        0,
        0,
        0,
        0,
        0,
        0,
        0,
        0,
        0,
        0,
        0,
        0,
        0,
        0,
        0,
        0,
        0,
        0,
        0,
        0,
        0,
        0,
        0,
        0,
        0,
        0,
        0,
        0,
        0,
        0,
        0,
        0,
        0,
        0,
        0,
        0,
        0,
        0,
        0,
        0,
        0,
        0,
        0,
        0,
        0,
        0,
        0,
        0,
        0,
        0,
        0,
        0,
        0
      ]
    }
  ]
}
