{
  "results": [
    {
      "command": "warp",
      "mean": 0.2618445620399999,
      "stddev": 0.004475631257640246,
      "median": 0.26239255344,
      "user": 0.26479695,
      "system": 0.03096182,
      "min": 0.25008278244,
      "max": 0.27806065743999997,
      "times": [
        0.26381132343999997,
        0.25739057344,
        0.25611619844,
        0.25589140744,
        0.26252807444,
        0.25511715743999996,
        0.26264344944,
        0.25564869944,
        0.27486844843999997,
        0.26851399044,
        0.25761536543999997,
        0.26099399044,
        0.25274553244,
        0.25754082444,
        0.25906140744,
        0.25873869944,
        0.25913082444,
        0.25995161644,
        0.25326069944,
        0.26502007444,
        0.25781032444,
        0.26296486544,
        0.25729332443999997,
        0.26543624144,
        0.25448794943999997,
        0.26375340744,
        0.26156119844,
        0.25845482344,
        0.26320315744,
        0.26447844944,
        0.25944644944,
        0.25008278244,
        0.26019586544,
        0.25901540744,
        0.26135819944,
        0.25837140744,
        0.26448107444,
        0.26105944844,
        0.26520686643999997,
        0.26247582444,
        0.26028099043999997,
        0.26355424044,
        0.26551974144,
        0.26085736544,
        0.26057053244,
        0.25837578244,
        0.26005557444,
        0.25496232444,
        0.25608136544,
        0.25989932344,
        0.26257619944,
        0.26288153244,
        0.25686932444,
        0.26359907443999997,
        0.26636265744,
        0.26370461644,
        0.26239915744,
        0.26490569844,
        0.26516907444,
        0.27006074144,
        0.26260903244,
        0.25580894844,
        0.26644240744,
        0.26487994944,
        0.26871494944,
        0.25744136644,
        0.25719090744,
        0.26305299043999997,
        0.26164511543999996,
        0.26598807344,
        0.26210132444,
        0.26206961544,
        0.26238594944,
        0.26836215743999997,
        0.26324007443999997,
        0.26509482444,
        0.26673003244,
        0.26424282443999997,
        0.26659036644,
        0.26603311543999997,
        0.25777161544,
        0.26102174044,
        0.25846194844,
        0.26389403244,
        0.26322874044,
        0.26829394944,
        0.26338199144,
        0.25941790744,
        0.25830157444,
        0.26438665744,
        0.26609307344,
        0.25920869943999997,
        0.26284144844,
        0.26224169944,
        0.26724219843999997,
        0.26737819844,
        0.25774790744,
        0.26521390744,
        0.27806065743999997,
        0.26323349143999997
      ],
      "exit_codes": [
        0,
        0,
        0,
        0,
        0,
        0,
        0,
        0,
        0,
        0,
        0,
        0,
        0,
        0,
        0,
        0,
        0,
        0,
        0,
        0,
        0,
        0,
        0,
        0,
        0,
        0,
        0,
        0,
        0,
        0,
        0,
        0,
        0,
        0,
        0,
        0,
        0,
        0,
        0,
        0,
        0,
        0,
        0,
        0,
        0,
        0,
        0,
        0,
        0,
        0,
        0,
        0,
        0,
        0,
        0,
        0,
        0,
        0,
        0,
        0,
        0,
        0,
        0,
        0,
        0,
        0,
        0,
        0,
        0,
        0,
        0,
        0,
        0,
        0,
        0,
        0,
        0,
        0,
        0,
        0,
        0,
        0,
        0,
        0,
        0,
        0,
        0,
        0,
        0,
        0,
        0,
        0,
        0,
        0,
        0,
        0,
        0,
        0,
        0,
        0
      ]
    },
    {
      "command": "cargo",
      "mean": 0.5182025399200001,
      "stddev": 0.0880351420120266,
      "median": 0.51346149044,
      "user": 0.18351612000000003,
      "system": 0.11353887999999994,
      "min": 0.40600644944000003,
      "max": 1.12052982344,
      "times": [
        0.49621203244,
        0.5269751164400001,
        0.50543178244,
        0.42188403244,
        0.50337286544,
        0.51151903244,
        0.51780103244,
        0.53476203244,
        0.70251324044,
        0.65770307344,
        0.45018732444,
        0.44498403244,
        0.45726228244,
        0.50599594944,
        0.52851528244,
        0.45967990744,
        0.51424574044,
        0.50632586544,
        0.51629669944,
        0.5206967824400001,
        0.51591019944,
        0.52067324044,
        0.52095203244,
        0.50822807444,
        0.52764524044,
        0.7290183234400001,
        0.58652986544,
        0.44525844944,
        0.43043424044,
        0.41632086544,
        0.50780482344,
        0.51267724044,
        0.54509128244,
        0.48058624044,
        0.53707990744,
        0.50955861644,
        0.52229290744,
        0.52953819844,
        0.42327728244,
        0.48036507444,
        0.50495515744,
        0.53622169944,
        0.57285515744,
        0.6864447824400001,
        0.55661578244,
        0.43789519944,
        0.42618678244,
        0.48785328244,
        0.45211640744,
        0.53747032444,
        0.60677857444,
        0.45667094944000003,
        0.48623299144,
        0.52122094944,
        0.52365857344,
        0.51514815744,
        0.51458149144,
        0.52319528244,
        0.51932157444,
        0.50940732444,
        1.12052982344,
        0.43184232344,
        0.40600644944000003,
        0.51100511544,
        0.51505486544,
        0.52214682344,
        0.51569332344,
        0.51664899044,
        0.52643611544,
        0.51647619944,
        0.51766782444,
        0.47171619944,
        0.43211486644,
        0.43069474044,
        0.50827394944,
        0.50227190744,
        0.5274514904400001,
        0.70673578244,
        0.48666203244,
        0.47445799044,
        0.44204915744,
        0.48886532444,
        0.51196382444,
        0.41429511544000003,
        0.50433399144,
        0.50693399044,
        0.53485328244,
        0.51893365744,
        0.50013924044,
        0.5371456154400001,
        0.52099019844,
        0.51731124044,
        0.52774628244,
        0.50639790744,
        0.71202599144,
        0.66682365744,
        0.46170340744,
        0.44205028244,
        0.43897032444,
        0.52039803244
      ],
      "exit_codes": [
        0,
        0,
        0,
        0,
        0,
        0,
        0,
        0,
        0,
        0,
        0,
        0,
        0,
        0,
        0,
        0,
        0,
        0,
        0,
        0,
        0,
        0,
        0,
        0,
        0,
        0,
        0,
        0,
        0,
        0,
        0,
        0,
        0,
        0,
        0,
        0,
        0,
        0,
        0,
        0,
        0,
        0,
        0,
        0,
        0,
        0,
        0,
        0,
        0,
        0,
        0,
        0,
        0,
        0,
        0,
        0,
        0,
        0,
        0,
        0,
        0,
        0,
        0,
        0,
        0,
        0,
        0,
        0,
        0,
        0,
        0,
        0,
        0,
        0,
        0,
        0,
        0,
        0,
        0,
        0,
        0,
        0,
        0,
        0,
        0,
        0,
        0,
        0,
        0,
        0,
        0,
        0,
        0,
        0,
        0,
        0,
        0,
        0,
        0,
        0
      ]
    }
  ]
}
