{
  "results": [
    {
      "command": "warp",
      "mean": 0.3677180428199999,
      "stddev": 0.05122827481734586,
      "median": 0.35819405628,
      "user": 0.38300205000000004,
      "system": 0.03300656000000001,
      "min": 0.27162905628,
      "max": 0.54618564028,
      "times": [
        0.42075993128,
        0.33577393128,
        0.41074534828000003,
        0.42052147328,
        0.36522218128,
        0.33363093128,
        0.29541609828,
        0.47450534828,
        0.27952255628,
        0.29963276428,
        0.40259176528,
        0.29317622328,
        0.42171826428000003,
        0.36460268128,
        0.34413768128,
        0.42004738928,
        0.41328247328,
        0.32954143128,
        0.32591955628,
        0.36473889028,
        0.35389080728,
        0.41279768228,
        0.35868664028,
        0.29335397328,
        0.33376697328,
        0.36294184828,
        0.43265109828000003,
        0.36618218228,
        0.33541997328,
        0.28725180728,
        0.36060764028000003,
        0.32893238928,
        0.41222643128,
        0.29495109828,
        0.37242739028,
        0.47854647328,
        0.39493859828,
        0.31045518228,
        0.30851284828000003,
        0.37455530728,
        0.39996493228,
        0.54618564028,
        0.39758326428,
        0.41576163928,
        0.27311184828,
        0.35032513928000003,
        0.33564109828,
        0.33205009828,
        0.41865668128,
        0.35744184828000003,
        0.44920668228,
        0.35990293228000003,
        0.35462105728,
        0.33429022328,
        0.39283772328,
        0.35702380628,
        0.41935101528,
        0.34194643128,
        0.35403384828,
        0.35254201428,
        0.27162905628,
        0.31855243128,
        0.38936368128,
        0.35759243228,
        0.36163947328,
        0.42307026428,
        0.35206901528,
        0.33146697328,
        0.39250176528,
        0.31158439028,
        0.36587526428,
        0.41461130728,
        0.27304793228,
        0.34150801428,
        0.35448584828,
        0.35514184828,
        0.39695268128,
        0.41227413928,
        0.33484893128,
        0.33324322328,
        0.39699413928,
        0.36340622328,
        0.35325893228,
        0.35664251528,
        0.35017080628,
        0.29950305628,
        0.37532313928,
        0.49903293128,
        0.34688901528,
        0.42157897328,
        0.41961339028,
        0.35821105628,
        0.43952976528,
        0.35631476428000003,
        0.48571805628000003,
        0.36134651528,
        0.33534338928,
        0.35480809828,
        0.41742259828,
        0.35817705628
      ],
      "exit_codes": [
        0,
        0,
        0,
        0,
        0,
        0,
        0,
        0,
        0,
        0,
        0,
        0,
        0,
        0,
        0,
        0,
        0,
        0,
        0,
        0,
        0,
        0,
        0,
        0,
        0,
        0,
        0,
        0,
        0,
        0,
        0,
        0,
        0,
        0,
        0,
        0,
        0,
        0,
        0,
        0,
        0,
        0,
        0,
        0,
        0,
        0,
        0,
        0,
        0,
        0,
        0,
        0,
        0,
        0,
        0,
        0,
        0,
        0,
        0,
        0,
        0,
        0,
        0,
        0,
        0,
        0,
        0,
        0,
        0,
        0,
        0,
        0,
        0,
        0,
        0,
        0,
        0,
        0,
        0,
        0,
        0,
        0,
        0,
        0,
        0,
        0,
        0,
        0,
        0,
        0,
        0,
        0,
        0,
        0,
        0,
        0,
        0,
        0,
        0,
        0
      ]
    },
    {
      "command": "cargo",
      "mean": 0.30864346239999996,
      "stddev": 0.012887929794717347,
      "median": 0.30710132728,
      "user": 0.13935558999999997,
      "system": 0.10967928999999998,
      "min": 0.26102784828,
      "max": 0.35226226428,
      "times": [
        0.30371726428,
        0.31227064028,
        0.31797401528,
        0.31376693128,
        0.30163426428,
        0.29853122328,
        0.29757488928,
        0.32932814028,
        0.30380718128,
        0.30682530628,
        0.30461389028,
        0.31244134828,
        0.31903397328,
        0.30121780628,
        0.29081901528,
        0.29212572328,
        0.30031814028,
        0.31350909828,
        0.30369351528,
        0.34274851428,
        0.30911805628,
        0.30434180628,
        0.30463422328,
        0.30307734828,
        0.28982989028,
        0.32410501528,
        0.33142984828,
        0.33332639028,
        0.31087451528,
        0.34438034828,
        0.30623547328,
        0.30234526528,
        0.30652230728,
        0.29964897328,
        0.29974859828,
        0.30873722328000003,
        0.31525151428,
        0.32574489028,
        0.29656664028,
        0.30977618128,
        0.30616205628,
        0.30915743128,
        0.29945097328,
        0.32921034828,
        0.29487009828,
        0.31443243128,
        0.30922001428,
        0.29408605628,
        0.32548730628,
        0.31726705628,
        0.35226226428,
        0.31630443228,
        0.30800789028000003,
        0.30531722328,
        0.29252780628,
        0.30775789028,
        0.30580647328,
        0.31086863928,
        0.30486318228,
        0.30774080728000003,
        0.30156480628,
        0.26102784828,
        0.29625468128,
        0.30737734828,
        0.30376697328,
        0.32520834828,
        0.31892226528,
        0.29790872328,
        0.29243563928,
        0.31663872328,
        0.32037026428,
        0.32350293228,
        0.30007293128,
        0.31051526528,
        0.31504093128,
        0.31658855628,
        0.30313972328,
        0.30906747328,
        0.30802514028,
        0.29610280728,
        0.30192193228,
        0.30057726528,
        0.31576834828,
        0.31640551528,
        0.30101472328,
        0.29384272328,
        0.29853805628,
        0.32144801528,
        0.31570855628,
        0.29962418128,
        0.29084226428,
        0.30537626528,
        0.32235464028,
        0.30843830628,
        0.30218055628,
        0.32091130628000003,
        0.31407963928,
        0.30601526428,
        0.31553380628,
        0.28778772328
      ],
      "exit_codes": [
        0,
        0,
        0,
        0,
        0,
        0,
        0,
        0,
        0,
        0,
        0,
        0,
        0,
        0,
        0,
        0,
        0,
        0,
        0,
        0,
        0,
        0,
        0,
        0,
        0,
        0,
        0,
        0,
        0,
        0,
        0,
        0,
        0,
        0,
        0,
        0,
        0,
        0,
        0,
        0,
        0,
        0,
        0,
        0,
        0,
        0,
        0,
        0,
        0,
        0,
        0,
        0,
        0,
        0,
        0,
        0,
        0,
        0,
        0,
        0,
        0,
        0,
        0,
        0,
        0,
        0,
        0,
        0,
        0,
        0,
        0,
        0,
        0,
        0,
        0,
        0,
        0,
        0,
        0,
        0,
        0,
        0,
        0,
        0,
        0,
        0,
        0,
        0,
        0,
        0,
        0,
        0,
        0,
        0,
        0,
        0,
        0,
        0,
        0,
        0
      ]
    }
  ]
}
