{
  "results": [
    {
      "command": "warp",
      "mean": 0.26597071997999994,
      "stddev": 0.01580673149376475,
      "median": 0.26140669431999997,
      "user": 0.27782231,
      "system": 0.030158330000000014,
      "min": 0.24627886082000003,
      "max": 0.36093548582,
      "times": [
        0.27667636081999997,
        0.26081919482,
        0.25916361082,
        0.26071236082,
        0.26002119481999997,
        0.25192636082,
        0.27084336082,
        0.25873531882,
        0.24627886082000003,
        0.26160361082,
        0.26318756981999997,
        0.26256977782,
        0.27189644382,
        0.27133690282,
        0.25901198582,
        0.26143861082,
        0.27268381882,
        0.27297927682,
        0.26034765282,
        0.26190152682,
        0.26053823582,
        0.26225619482,
        0.25388277782,
        0.26026752682,
        0.27357690182,
        0.26274702682,
        0.26808281982,
        0.26056223582,
        0.27906415182,
        0.26007819482,
        0.26049831982,
        0.25422419382,
        0.26186511081999997,
        0.25358627682,
        0.25938348582,
        0.27612827782,
        0.26013331882,
        0.25998340282,
        0.26137477782,
        0.26177686082,
        0.26027348582,
        0.25759886082,
        0.26880127782,
        0.26119081882,
        0.26970452782,
        0.25821348582,
        0.26351056882,
        0.25830852682,
        0.25896761081999997,
        0.29714065282,
        0.26443165182,
        0.26987761082,
        0.26130806882,
        0.28180706882,
        0.28888202782,
        0.25551536082,
        0.26869273582,
        0.27601873581999997,
        0.25864777782,
        0.25326956982,
        0.28857927782,
        0.25771615182,
        0.27324611082,
        0.26007561081999997,
        0.25612336082,
        0.25347894482,
        0.26378748582,
        0.25324798581999997,
        0.27430311082,
        0.26176444482,
        0.25941156882,
        0.26906777782,
        0.25736581882,
        0.27564048582,
        0.36093548582,
        0.27297606982,
        0.26345252682,
        0.26107711082,
        0.26306236082,
        0.25842923582,
        0.25866240281999997,
        0.26249602682,
        0.26062602782,
        0.25853994382,
        0.25860102782,
        0.26049265182,
        0.25722902782,
        0.35483261082,
        0.25537327682,
        0.27194731882,
        0.27505361082,
        0.28094152682,
        0.26351386082,
        0.27074490281999997,
        0.26130794382,
        0.25165548581999997,
        0.27332027782,
        0.26179206982,
        0.27717652682,
        0.25272023581999997
      ],
      "exit_codes": [
        0,
        0,
        0,
        0,
        0,
        0,
        0,
        0,
        0,
        0,
        0,
        0,
        0,
        0,
        0,
        0,
        0,
        0,
        0,
        0,
        0,
        0,
        0,
        0,
        0,
        0,
        0,
        0,
        0,
        0,
        0,
        0,
        0,
        0,
        0,
        0,
        0,
        0,
        0,
        0,
        0,
        0,
        0,
        0,
        0,
        0,
        0,
        0,
        0,
        0,
        0,
        0,
        0,
        0,
        0,
        0,
        0,
        0,
        0,
        0,
        0,
        0,
        0,
        0,
        0,
        0,
        0,
        0,
        0,
        0,
        0,
        0,
        0,
        0,
        0,
        0,
        0,
        0,
        0,
        0,
        0,
        0,
        0,
        0,
        0,
        0,
        0,
        0,
        0,
        0,
        0,
        0,
        0,
        0,
        0,
        0,
        0,
        0,
        0,
        0
      ]
    },
    {
      "command": "cargo",
      "mean": 0.30972708667000004,
      "stddev": 0.017248909403030425,
      "median": 0.30850771481999995,
      "user": 0.13823948000000003,
      "system": 0.11117827999999999,
      "min": 0.28383690282,
      "max": 0.39682269482,
      "times": [
        0.29707011082,
        0.29080086082,
        0.31492602782,
        0.29915140282,
        0.28865456882,
        0.30460190182,
        0.29310073582,
        0.33758544382,
        0.29981552782,
        0.29380736082,
        0.29424802782,
        0.37024748582,
        0.30134794382,
        0.29788198582,
        0.30298006882,
        0.31753427782,
        0.30999894382,
        0.30930673582,
        0.31083690282,
        0.30833548582,
        0.31213423582,
        0.30742848582,
        0.30376048582,
        0.30260927782,
        0.31643652782,
        0.31868181982,
        0.30867994381999997,
        0.30821098582,
        0.30815606882,
        0.32816994382,
        0.31932144382,
        0.31012852782,
        0.29630886082,
        0.29418852682,
        0.29392527782,
        0.39682269482,
        0.31825827682,
        0.31379019382,
        0.31220644382,
        0.31077877782,
        0.30060606982,
        0.31600465282,
        0.31079244482,
        0.30109998581999997,
        0.31496461082,
        0.32049577782,
        0.30705086082,
        0.30777477682,
        0.30317040282,
        0.32804411082,
        0.31492890282,
        0.30020731982,
        0.30519027682,
        0.31429456882,
        0.31145806982,
        0.31779598582,
        0.31144973582,
        0.30336586082,
        0.29977944482,
        0.28800094382,
        0.30931348582,
        0.32038952782,
        0.31601519382,
        0.29474869482,
        0.31047198582,
        0.31508890182,
        0.31864531982,
        0.31737544382,
        0.29040598582,
        0.28383690282,
        0.29254740182,
        0.30110961082,
        0.29502036082,
        0.29416994382,
        0.29277148582,
        0.29708577782,
        0.29798511082,
        0.32746073582,
        0.29129969482,
        0.30019723582,
        0.31238623581999997,
        0.28752523582,
        0.28632948582,
        0.30237886082,
        0.32736902682,
        0.28875490282,
        0.30044711082,
        0.35883877782,
        0.31971973582,
        0.30579311082,
        0.31415019382,
        0.31509006882,
        0.32072511082,
        0.30496194381999997,
        0.31073565182,
        0.32553390282,
        0.31366298582,
        0.32839223582,
        0.32108915282,
        0.36418273582
      ],
      "exit_codes": [
        0,
        0,
        0,
        0,
        0,
        0,
        0,
        0,
        0,
        0,
        0,
        0,
        0,
        0,
        0,
        0,
        0,
        0,
        0,
        0,
        0,
        0,
        0,
        0,
        0,
        0,
        0,
        0,
        0,
        0,
        0,
        0,
        0,
        0,
        0,
        0,
        0,
        0,
        0,
        0,
        0,
        0,
        0,
        0,
        0,
        0,
        0,
        0,
        0,
        0,
        0,
        0,
        0,
        0,
        0,
        0,
        0,
        0,
        0,
        0,
        0,
        0,
        0,
        0,
        0,
        0,
        0,
        0,
        0,
        0,
        0,
        0,
        0,
        0,
        0,
        0,
        0,
        0,
        0,
        0,
        0,
        0,
        0,
        0,
        0,
        0,
        0,
        0,
        0,
        0,
        0,
        0,
        0,
        0,
        0,
        0,
        0,
        0,
        0,
        0
      ]
    }
  ]
}
