{
  "results": [
    {
      "command": "warp",
      "mean": 0.38604053127000026,
      "stddev": 0.0582283873029969,
      "median": 0.37187137884000004,
      "user": 0.4006704,
      "system": 0.03624047999999999,
      "min": 0.28767179434,
      "max": 0.59342237834,
      "times": [
        0.37954571234000006,
        0.43310446134,
        0.42713821134,
        0.38351708734000006,
        0.29940987834000005,
        0.45559021134000005,
        0.35993571134,
        0.36263279534000004,
        0.34168975334,
        0.39791654534000004,
        0.59342237834,
        0.41175121134000003,
        0.40527475334,
        0.45479591934,
        0.45262737834000005,
        0.5141007953400001,
        0.42507712834000005,
        0.44126621134000005,
        0.5641595863400001,
        0.45143958734000006,
        0.42418754534,
        0.41320254534000006,
        0.37288467034000006,
        0.42054162834000003,
        0.49887566934000005,
        0.36285337834000003,
        0.33731754434000005,
        0.48669050334,
        0.41454150334000006,
        0.37321146134000005,
        0.30315237834000003,
        0.34107858634000005,
        0.42336587834000006,
        0.34541592034,
        0.33696029534000005,
        0.33386783734000003,
        0.35940946234000004,
        0.48769166934,
        0.28767179434,
        0.35463542034000006,
        0.35371362834000003,
        0.41755200334000003,
        0.34419658634000005,
        0.35689608634000003,
        0.34216983734000006,
        0.32355716934000006,
        0.40479317034000006,
        0.31195421134,
        0.36157237834000006,
        0.40176021134000006,
        0.48357742034000006,
        0.40399600334,
        0.36211208734000006,
        0.42429842034000004,
        0.33900275334,
        0.41660783634000004,
        0.37085808734000003,
        0.39216400334000007,
        0.37674112834000006,
        0.35784104534000005,
        0.36593250334000005,
        0.36239812834,
        0.33533121134000005,
        0.39280379534000004,
        0.33029929534,
        0.31167308634,
        0.31330608634,
        0.43146692034000006,
        0.34553966934,
        0.40868325334000005,
        0.40660400334,
        0.29229787834000004,
        0.35995083634,
        0.34073429534000005,
        0.41776017034,
        0.36462308634,
        0.43062171134000005,
        0.36241604534000005,
        0.47395862834,
        0.37035862834000005,
        0.36358558734,
        0.40204496134000006,
        0.36690062834000003,
        0.37743133634000003,
        0.33263112834,
        0.34857767034000003,
        0.41623354434000004,
        0.29090996134,
        0.29363037834000005,
        0.42304750334,
        0.33815683734,
        0.42145883734000006,
        0.41983275334000003,
        0.36018354534,
        0.34227708734000006,
        0.33985733634000004,
        0.35139171234000005,
        0.5048934193400001,
        0.41423641934000005,
        0.30269817034
      ],
      "exit_codes": [
        0,
        0,
        0,
        0,
        0,
        0,
        0,
        0,
        0,
        0,
        0,
        0,
        0,
        0,
        0,
        0,
        0,
        0,
        0,
        0,
        0,
        0,
        0,
        0,
        0,
        0,
        0,
        0,
        0,
        0,
        0,
        0,
        0,
        0,
        0,
        0,
        0,
        0,
        0,
        0,
        0,
        0,
        0,
        0,
        0,
        0,
        0,
        0,
        0,
        0,
        0,
        0,
        0,
        0,
        0,
        0,
        0,
        0,
        0,
        0,
        0,
        0,
        0,
        0,
        0,
        0,
        0,
        0,
        0,
        0,
        0,
        0,
        0,
        0,
        0,
        0,
        0,
        0,
        0,
        0,
        0,
        0,
        0,
        0,
        0,
        0,
        0,
        0,
        0,
        0,
        0,
        0,
        0,
        0,
        0,
        0,
        0,
        0,
        0,
        0
      ]
    },
    {
      "command": "cargo",
      "mean": 0.3106140312599999,
      "stddev": 0.017599548555201714,
      "median": 0.3077579408400001,
      "user": 0.13940648,
      "system": 0.10973549000000002,
      "min": 0.27895975334000006,
      "max": 0.43307333634000006,
      "times": [
        0.32889187834000005,
        0.31908450334000005,
        0.32650154534000003,
        0.30372058634000004,
        0.31434717034000004,
        0.28514846234,
        0.27895975334000006,
        0.31305175334,
        0.29691546234000005,
        0.30580096134,
        0.29584575334,
        0.33026325334000006,
        0.31310279434000005,
        0.30702329434000003,
        0.32078746134,
        0.33575271234000004,
        0.30319487834000003,
        0.30866925334000006,
        0.30491346234000005,
        0.31453825334,
        0.31452283734,
        0.29526254434000004,
        0.29425596134000004,
        0.30007271234000005,
        0.29256641934000005,
        0.30171346134000004,
        0.30197183634,
        0.30606121134000003,
        0.31586517034000006,
        0.31940804534000006,
        0.31228450334,
        0.30611754534,
        0.30453337834000005,
        0.32005175334,
        0.30892908634000005,
        0.31733808634000005,
        0.31205546234000003,
        0.30804471134000005,
        0.30419217034,
        0.31589262834000004,
        0.30793400334000004,
        0.29724371234,
        0.32829483634000006,
        0.28662575334,
        0.30684666934000004,
        0.30566096134000004,
        0.30556466934000004,
        0.31405579534000005,
        0.29276779534,
        0.33396408634,
        0.43307333634000006,
        0.32072479434000006,
        0.30972592034,
        0.31074542034,
        0.30068254434,
        0.30271246234000004,
        0.29373017034000004,
        0.29866296134000003,
        0.31166700334,
        0.31542454534000003,
        0.29736408734,
        0.32702862834,
        0.32781071134000006,
        0.32711879534000005,
        0.29826867034000004,
        0.32857379434000006,
        0.31419533634,
        0.30055296134000004,
        0.29885371134000005,
        0.30766733634000004,
        0.32349337834,
        0.30784854534000006,
        0.30524008734,
        0.29872083634,
        0.31159933634000003,
        0.30675304534000003,
        0.30415525334000004,
        0.30071808634,
        0.30549637834000004,
        0.29647587834000005,
        0.34797337834000003,
        0.30568246134000004,
        0.32715362834000006,
        0.29339837834000004,
        0.30961387834000004,
        0.31869966934000005,
        0.28941996234000006,
        0.31513046134000006,
        0.30422179534000005,
        0.30086471134000004,
        0.32701004534000006,
        0.31477958734000006,
        0.30077962834000005,
        0.34564008734,
        0.31577783634000006,
        0.29317937834,
        0.30367017034000005,
        0.29622562834000005,
        0.31603596134000006,
        0.31445146234000004
      ],