{
  "results": [
    {
      "command": "warp",
      "mean": 0.2569772333800001,
      "stddev": 0.004989689532699489,
      "median": 0.2566961511,
      "user": 0.26013796,
      "system": 0.03081878,
      "min": 0.24698015160000003,
      "max": 0.2784925676,
      "times": [
        0.2531859426,
        0.2559607336,
        0.2547010256,
        0.2506824006,
        0.2568996086,
        0.2568336926,
        0.2552559426,
        0.25516623460000004,
        0.2487431926,
        0.24980715060000003,
        0.2545049016,
        0.25040944260000003,
        0.2538497766,
        0.26110798360000004,
        0.2511503176,
        0.2520343176,
        0.2531134426,
        0.24888352660000002,
        0.2493763176,
        0.2588574836,
        0.25602165060000004,
        0.25193565160000003,
        0.2531131086,
        0.25344702560000004,
        0.2543404006,
        0.2545643596,
        0.2518166926,
        0.24724952560000002,
        0.2538107766,
        0.2552799016,
        0.2567459006,
        0.2569271926,
        0.25543681760000003,
        0.24698015160000003,
        0.2556208596,
        0.25576015160000004,
        0.2609725256,
        0.2561307766,
        0.25105719260000003,
        0.2541125676,
        0.2617566086,
        0.2545045266,
        0.25464060860000004,
        0.25700535960000004,
        0.25580315060000003,
        0.2549544426,
        0.2574695676,
        0.25643902560000004,
        0.2588956926,
        0.2615611926,
        0.2584191516,
        0.2666439426,
        0.2496371926,
        0.25763106760000004,
        0.2610637756,
        0.2627469846,
        0.2582379006,
        0.26215956760000003,
        0.2580274006,
        0.25077048360000004,
        0.2528915256,
        0.2583858176,
        0.2591526926,
        0.2602010256,
        0.25840527560000004,
        0.2613184006,
        0.2576053176,
        0.2581400676,
        0.26115569260000004,
        0.26195269260000004,
        0.2763275256,
        0.25176110960000003,
        0.2559775676,
        0.2535777756,
        0.2597125676,
        0.2595746926,
        0.2566464016,
        0.2568420676,
        0.2582564426,
        0.2561772336,
        0.2592482756,
        0.2584841506,
        0.25610977560000003,
        0.26376323360000004,
        0.25881665060000003,
        0.26221831760000003,
        0.2560207766,
        0.2587066096,
        0.2630574426,
        0.26651269260000005,
        0.2598165676,
        0.25940252560000004,
        0.25966948360000003,
        0.25625806760000003,
        0.2784925676,
        0.25866398360000004,
        0.2581089006,
        0.2651357756,
        0.2583229846,
        0.25663835960000003
      ],
      "exit_codes": [
        0,
        0,
        0,
        0,
        0,
        0,
        0,
        0,
        0,
        0,
        0,
        0,
        0,
        0,
        0,
        0,
        0,
        0,
        0,
        0,
        0,
        0,
        0,
        0,
        0,
        0,
        0,
        0,
        0,
        0,
        0,
        0,
        0,
        0,
        0,
        0,
        0,
        0,
        0,
        0,
        0,
        0,
        0,
        0,
        0,
        0,
        0,
        0,
        0,
        0,
        0,
        0,
        0,
        0,
        0,
        0,
        0,
        0,
        0,
        0,
        0,
        0,
        0,
        0,
        0,
        0,
        0,
        0,
        0,
        0,
        0,
        0,
        0,
        0,
        0,
        0,
        0,
        0,
        0,
        0,
        0,
        0,
        0,
        0,
        0,
        0,
        0,
        0,
        0,
        0,
        0,
        0,
        0,
        0,
        0,
        0,
        0,
        0,
        0,
        0
      ]
    },
    {
      "command": "cargo",
      "mean": 0.52090536181,
      "stddev": 0.10154240017444977,
      "median": 0.5143194011000001,
      "user": 0.18319969999999994,
      "system": 0.11229665999999996,
      "min": 0.39340269260000005,
      "max": 1.0623163596,
      "times": [
        0.47362710960000004,
        0.42463115160000003,
        0.43869585860000004,
        0.44831523460000006,
        0.43273290160000005,
        0.4917018596,
        0.4889291096,
        0.5235572756,
        0.5145410676000001,
        0.5382692766,
        0.5069639426,
        0.49208277660000005,
        0.43863856760000003,
        0.48139094260000004,
        0.7393182756000001,
        0.8381741096,
        0.5226338176,
        0.5193659006,
        0.5139613176000001,
        0.5191746926,
        0.4958530256,
        0.5031462336,
        0.5174241506,
        0.5151403176,
        0.5183250676000001,
        0.5223159836000001,
        0.5061984426,
        0.5290053596000001,
        0.5140977346000001,
        0.5197389006,
        0.5220738176,
        0.8288161096000001,
        0.43332048460000006,
        0.41905473460000003,
        0.5079031506,
        0.5089776926,
        0.5449187766,
        0.5236054846,
        0.5225848586,
        0.4809619426,
        0.5380843176000001,
        0.5126564016,
        0.5151853596,
        0.44871319260000003,
        0.6263987346000001,
        0.48696431760000003,
        0.5217042346,
        0.5151614006,
        1.0623163596,
        0.49646340060000005,
        0.6012517346,
        0.4351312766,
        0.5254619846,
        0.5318550256000001,
        0.48395519260000003,
        0.5304033176,
        0.5219972346,
        0.5113723176,
        0.41710744260000004,
        0.5026527756,
        0.5166102346,
        0.5194950676000001,
        0.5202654426000001,
        0.5200467756,
        0.8496772756000001,
        0.5847190256,
        0.42258681760000005,
        0.39693910860000003,
        0.43367973460000003,
        0.5462395676,
        0.5079774006000001,
        0.5150376086,
        0.4281022756,
        0.4844319006,
        0.5207386506,
        0.5384501096000001,
        0.5009625676,
        0.5170959426,
        0.5118624846000001,
        0.5212776926,
        0.4145316926,
        0.4478668176,
        0.8967918596000001,
        0.4498994846,
        0.5231644016,
        0.5306895266,
        0.5014759836,
        0.5324061926,
        0.5052543176000001,
        0.5278231506000001,
        0.49933260960000003,
        0.5154514016,
        0.39340269260000005,
        0.5307610256,
        0.5117211086000001,
        0.5112185256,
        0.4050397766,
        0.4360562766,
        0.42719165160000006,
        0.6092585256
      ],
      "exit_codes": [
        0,
        0,
        0,
        0,
        0,
        0,
        0,
        0,
        0,
        0,
        0,
        0,
        0,
        0,
        0,
        0,
        0,
        0,
        0,
        0,
        0,
        0,
        0,
        0,
        0,
        0,
        0,
        0,
        0,
        0,
        0,
        0,
        0,
        0,
        0,
        0,
        0,
        0,
        0,
        0,
        0,
        0,
        0,
        0,
        0,
        0,
        0,
        0,
        0,
        0,
        0,
        0,
        0,
        0,
        0,
        0,
        0,
        0,
        0,
        0,
        0,
        0,
        0,
        0,
        0,
        0,
        0,
        0,
        0,
        0,
        0,
        0,
        0,
        0,
        0,
        0,
        0,
        0,
        0,
        0,
        0,
        0,
        0,
        0,
        0,
        0,
        0,
        0,
        0,
        0,
        0,
        0,
        0,
        0,
        0,
        0,
        0,
        0,
        0,
        0
      ]
    }
  ]
}
