{
  "results": [
    {
      "command": "warp",
      "mean": 0.4773507270400001,
      "stddev": 0.012149304122133848,
      "median": 0.47651657714000006,
      "user": 0.48773236000000003,
      "system": 0.04478146999999999,
      "min": 0.46463861914000004,
      "max": 0.58223186914,
      "times": [
        0.46606216014000007,
        0.4699704941400001,
        0.47056620214000006,
        0.47337811914000005,
        0.48160957814000005,
        0.47217307814000004,
        0.47635082714000004,
        0.46553728614000006,
        0.4736939941400001,
        0.46740524414000006,
        0.47188528514000005,
        0.4702550361400001,
        0.46772795314000004,
        0.47612911914000006,
        0.47486849414000004,
        0.47052478514000007,
        0.47320641114000006,
        0.47562553514000006,
        0.4785369111400001,
        0.47312032814000005,
        0.46659666014000006,
        0.47008499414000005,
        0.46900086914000005,
        0.47682495214000004,
        0.47798916114000006,
        0.46970011914000004,
        0.46791936914000004,
        0.4679132441400001,
        0.48064778614000003,
        0.4722968691400001,
        0.4653896611400001,
        0.47130691114000006,
        0.47171966014000005,
        0.47830220314000005,
        0.46463861914000004,
        0.46897236914000007,
        0.47414641114000006,
        0.47288553614000006,
        0.47586411914000004,
        0.47838766114000003,
        0.46565778514000006,
        0.48036953614000005,
        0.47101511914000005,
        0.4691573271400001,
        0.47773320214000004,
        0.47219153614000003,
        0.47103028614000003,
        0.47380270214000003,
        0.47368328614000005,
        0.4843077021400001,
        0.4746451601400001,
        0.47271978514000007,
        0.47708736914000005,
        0.47176107714000004,
        0.4775597441400001,
        0.48105403514000006,
        0.47352395314000006,
        0.48653666114000005,
        0.47127211914000006,
        0.48375224414000007,
        0.47577882814000005,
        0.48095899414000004,
        0.47991703614000003,
        0.47762778614000007,
        0.47528674414000005,
        0.47460499414000007,
        0.4721017021400001,
        0.4766823271400001,
        0.47901274414000006,
        0.48306074414000005,
        0.4727059101400001,
        0.4885478281400001,
        0.48033195314000005,
        0.47774574414000004,
        0.48371291014000006,
        0.48805670314000005,
        0.47816220214000005,
        0.47751420214000007,
        0.48428420214000006,
        0.48231091014000005,
        0.58223186914,
        0.48928361914000007,
        0.48341407714000006,
        0.47980170214000006,
        0.48625816014000006,
        0.48316253614000004,
        0.48456861914000005,
        0.48515786914000003,
        0.48058253614000007,
        0.48314028614000004,
        0.47898403614000007,
        0.4828740771400001,
        0.48735553614000005,
        0.4786709941400001,
        0.48022145214000006,
        0.47926182714000004,
        0.48547853514000006,
        0.48122766114000004,
        0.47723282714000004,
        0.47968536914000004
      ],
      "exit_codes": [
        0,
        0,
        0,
        0,
        0,
        0,
        0,
        0,
        0,
        0,
        0,
        0,
        0,
        0,
        0,
        0,
        0,
        0,
        0,
        0,
        0,
        0,
        0,
        0,
        0,
        0,
        0,
        0,
        0,
        0,
        0,
        0,
        0,
        0,
        0,
        0,
        0,
        0,
        0,
        0,
        0,
        0,
        0,
        0,
        0,
        0,
        0,
        0,
        0,
        0,
        0,
        0,
        0,
        0,
        0,
        0,
        0,
        0,
        0,
        0,
        0,
        0,
        0,
        0,
        0,
        0,
        0,
        0,
        0,
        0,
        0,
        0,
        0,
        0,
        0,
        0,
        0,
        0,
        0,
        0,
        0,
        0,
        0,
        0,
        0,
        0,
        0,
        0,
        0,
        0,
        0,
        0,
        0,
        0,
        0,
        0,
        0,
        0,
        0,
        0
      ]
    },
    {
      "command": "cargo",
      "mean": 1.2046756608400004,
      "stddev": 0.06150654730779296,
      "median": 1.20114945214,
      "user": 0.18793901999999998,
      "system": 0.11396168999999999,
      "min": 1.09965403614,
      "max": 1.4158830781399998,
      "times": [
        1.23453986914,
        1.13549849414,
        1.23547991014,
        1.11648470214,
        1.10392045214,
        1.19694574414,
        1.13826395214,
        1.09965403614,
        1.38771599414,
        1.1292253691399998,
        1.11885074414,
        1.19926270314,
        1.33279136914,
        1.2507027441399998,
        1.15021278614,
        1.23567307714,
        1.13411007814,
        1.23743966014,
        1.15002949414,
        1.23171124414,
        1.1547069101399998,
        1.25041086914,
        1.15628945214,
        1.22615170314,
        1.3620944531399999,
        1.10656124414,
        1.22236778614,
        1.13235441114,
        1.23658103514,
        1.1733484111399999,
        1.26924895314,
        1.12603091014,
        1.25451132714,
        1.1164927031399998,
        1.15808557714,
        1.23715628514,
        1.1309034111399998,
        1.2424858691399998,
        1.1328481611399999,
        1.24251649414,
        1.12289086914,
        1.23272995314,
        1.17767511914,
        1.2239706611399999,
        1.4158830781399998,
        1.1595283271399999,
        1.22970728614,
        1.16379861914,
        1.22932578614,
        1.1539912021399998,
        1.28158920214,
        1.18104761914,
        1.12754836914,
        1.25121220214,
        1.17060486914,
        1.22328228614,
        1.1781010351399999,
        1.17908778614,
        1.1649879941399999,
        1.1668194941399999,
        1.23495753614,
        1.2000242021399998,
        1.25199603514,
        1.16861553614,
        1.23889495314,
        1.17975511914,
        1.26319978614,
        1.1893500771399999,
        1.24087232714,
        1.1591793691399999,
        1.2430590771399999,
        1.14057932714,
        1.25185841114,
        1.1402687031399998,
        1.23214274414,
        1.1550497441399998,
        1.23451111914,
        1.2342789941399999,
        1.18403486914,
        1.24517570314,
        1.2646377441399999,
        1.23389982814,
        1.26767353514,
        1.13148053614,
        1.17389945314,
        1.24285361914,
        1.1847058281399998,
        1.27078620214,
        1.19658557714,
        1.20227470214,
        1.2104727441399998,
        1.2078945771399998,
        1.2275612031399998,
        1.2350747441399998,
        1.23046249414,
        1.34877995214,
        1.30595428614,
        1.19616749414,
        1.1942637861399998,
        1.1708939941399998
      ],