{
  "results": [
    {
      "command": "warp",
      "mean": 0.46894801041,
      "stddev": 0.008432758667801521,
      "median": 0.46875009012,
      "user": 0.4877255099999999,
      "system": 0.04494832,
      "min": 0.45368229762,
      "max": 0.48954688162000004,
      "times": [
        0.45919946462000005,
        0.46357767262000005,
        0.46062742262000006,
        0.46136375662,
        0.46628642362000006,
        0.48140375662,
        0.45946329862,
        0.46146688162000005,
        0.45602617362000003,
        0.45388958962000003,
        0.45939954762,
        0.47238509062000006,
        0.47010875662,
        0.45647988162,
        0.45478846462000005,
        0.46193283962000004,
        0.46169134062000006,
        0.46163958962,
        0.45786800662000005,
        0.47479446562000005,
        0.46129900662,
        0.45543304862000006,
        0.45801696462,
        0.46185729862,
        0.46104625662000004,
        0.45829704762,
        0.46614942362000006,
        0.45908775662,
        0.47541175662,
        0.46289529862,
        0.45368229762,
        0.46186738162,
        0.46227921462000005,
        0.46473734062000005,
        0.45573342362,
        0.47490017362000003,
        0.46290029862000004,
        0.46939184062000006,
        0.46010325662,
        0.45765404862000003,
        0.46589475662,
        0.46983250662000003,
        0.48462679862,
        0.46230879862,
        0.47815154862000003,
        0.46302925662000005,
        0.48166763162000004,
        0.47964479762,
        0.47154454862000006,
        0.46898496562,
        0.47005721562,
        0.46774863162,
        0.47045067262,
        0.47193529862000005,
        0.46764688162,
        0.47193225662000005,
        0.48785404762,
        0.46312338162000005,
        0.47563292362000004,
        0.47768946462000006,
        0.46978338162000005,
        0.47716996462000005,
        0.47328925662000004,
        0.46440763162000004,
        0.47326796462000004,
        0.47699479762,
        0.46918071562,
        0.46702771462000003,
        0.48594204862,
        0.46618242362,
        0.48458938162000004,
        0.46584413162000005,
        0.46685946462000005,
        0.48166159062,
        0.47797029862,
        0.46933563162,
        0.46766250662000003,
        0.47182525662,
        0.47536392362,
        0.47566658962,
        0.48336950662000006,
        0.46635963162000005,
        0.47000621562000006,
        0.47600821462000004,
        0.46851521462,
        0.48266288162000004,
        0.46711717362000005,
        0.47400559062000003,
        0.47354284062,
        0.47595446462,
        0.47244338162000005,
        0.48024771462000004,
        0.48222967362,
        0.47466567262000003,
        0.47023325662000004,
        0.47213104862000005,
        0.46701904862000004,
        0.46507817362000003,
        0.47674783962000006,
        0.48954688162000004
      ],
      "exit_codes": [
        0,
        0,
        0,
        0,
        0,
        0,
        0,
        0,
        0,
        0,
        0,
        0,
        0,
        0,
        0,
        0,
        0,
        0,
        0,
        0,
        0,
        0,
        0,
        0,
        0,
        0,
        0,
        0,
        0,
        0,
        0,
        0,
        0,
        0,
        0,
        0,
        0,
        0,
        0,
        0,
        0,
        0,
        0,
        0,
        0,
        0,
        0,
        0,
        0,
        0,
        0,
        0,
        0,
        0,
        0,
        0,
        0,
        0,
        0,
        0,
        0,
        0,
        0,
        0,
        0,
        0,
        0,
        0,
        0,
        0,
        0,
        0,
        0,
        0,
        0,
        0,
        0,
        0,
        0,
        0,
        0,
        0,
        0,
        0,
        0,
        0,
        0,
        0,
        0,
        0,
        0,
        0,
        0,
        0,
        0,
        0,
        0,
        0,
        0,
        0
      ]
    },
    {
      "command": "cargo",
      "mean": 0.36859953113000005,
      "stddev": 0.07031681558189737,
      "median": 0.34221913162000006,
      "user": 0.15458425999999992,
      "system": 0.10830913999999997,
      "min": 0.29821554862000005,
      "max": 0.70342517362,
      "times": [
        0.40462796462,
        0.33511054762000003,
        0.30542292362,
        0.70342517362,
        0.34586925662,
        0.37122388162000003,
        0.32535904862000004,
        0.32591225662,
        0.38717088162,
        0.34649713162,
        0.31963025662,
        0.34397850662,
        0.34560025662000005,
        0.32691809062000005,
        0.35688133962,
        0.32785300662,
        0.31537996462,
        0.38612838162,
        0.33855125662,
        0.32550496462,
        0.36677721462,
        0.34225004862,
        0.35481471462,
        0.32099717362,
        0.32856071462,
        0.33393796462,
        0.37253300662000005,
        0.32011346462,
        0.54983829862,
        0.41827621462000003,
        0.39390925662000004,
        0.38789700662000004,
        0.31631404762000004,
        0.32988033962,
        0.37964971462,
        0.32715242362,
        0.31188729862000003,
        0.38284634062,
        0.33826688162,
        0.32953467262,
        0.47169442362,
        0.34032475662,
        0.30973650662,
        0.39540838162,
        0.32447475662,
        0.33189917362000004,
        0.37404171462,
        0.49725063162,
        0.38980321462,
        0.37684167362000004,
        0.42805133962,
        0.5832375896199999,
        0.51068642262,
        0.36163417362,
        0.45442829762000003,
        0.36406950662000004,
        0.31936675662,
        0.35961029862000005,
        0.36618467262000004,
        0.33282567362000004,
        0.31853567362,
        0.50740379762,
        0.35332858962,
        0.31811879762,
        0.36507900662000003,
        0.50625713162,
        0.39536000662000004,
        0.32152913162,
        0.32890233962000004,
        0.38195800662,
        0.33852063162,
        0.33641713162000003,
        0.34739733962,
        0.32584992362000004,
        0.5292376316199999,
        0.54074771562,
        0.31589863162000004,
        0.34662608962,
        0.33051733962,
        0.33402104862000004,
        0.36942854862,
        0.30261296462000004,
        0.33680633962,
        0.38159771462000003,
        0.33370454762,
        0.32478708962,
        0.47394413162000004,
        0.29979084062,
        0.30442267262,
        0.31741704862000003,
        0.29821554862000005,
        0.34218821462000004,
        0.38466104762000003,
        0.32037604762000005,
        0.33865975662000003,
        0.36238554862000005,
        0.31532950662000003,
        0.33812013162000004,
        0.50973217362,
        0.33001542262
      ],