{
  "results": [
    {
      "command": "warp",
      "mean": 0.26945553299000014,
      "stddev": 0.021891247814963388,
      "median": 0.2617158532,
      "user": 0.2816227800000001,
      "system": 0.030585259999999996,
      "min": 0.24757481170000004,
      "max": 0.35939572870000003,
      "times": [
        0.2539474787,
        0.2596838537,
        0.2582977697,
        0.2992464367,
        0.2564258947,
        0.2560707697,
        0.2609725617,
        0.2764573947,
        0.2635513117,
        0.2602951457,
        0.2666241447,
        0.2713546867,
        0.2573023527,
        0.2579242287,
        0.2596556037,
        0.2645226867,
        0.2721197287,
        0.2944073527,
        0.24786022870000005,
        0.2584662697,
        0.2607901867,
        0.2575950207,
        0.2591016867,
        0.2645279787,
        0.2586033957,
        0.2616507287,
        0.2619933537,
        0.2712333947,
        0.2782896457,
        0.3321626027,
        0.2910105197,
        0.24916014570000003,
        0.2820192707,
        0.2550086447,
        0.2548663117,
        0.2579950207,
        0.2817550197,
        0.2654263537,
        0.2790891457,
        0.2592028117,
        0.2591197287,
        0.2526309367,
        0.2583239367,
        0.2569976457,
        0.2542507697,
        0.2547201027,
        0.2856668537,
        0.2567167697,
        0.2613628527,
        0.2550756457,
        0.2518503117,
        0.2588565197,
        0.2735236037,
        0.2673484777,
        0.2773028537,
        0.2592499787,
        0.2695043527,
        0.2767317697,
        0.2651908537,
        0.2758808527,
        0.2754346867,
        0.26301727069999997,
        0.2571893957,
        0.2615562697,
        0.2985320207,
        0.2608985207,
        0.2547803947,
        0.2532748117,
        0.2603912697,
        0.2576741457,
        0.2638108117,
        0.2671362287,
        0.2975717697,
        0.2640543537,
        0.2546395207,
        0.2617809777,
        0.24757481170000004,
        0.2606623527,
        0.2877942287,
        0.2731831447,
        0.2767652697,
        0.2578600197,
        0.35939572870000003,
        0.2539294787,
        0.2664390197,
        0.2620537697,
        0.2572072707,
        0.2621784367,
        0.2638934367,
        0.3441506447,
        0.2721006447,
        0.2726695617,
        0.3580581867,
        0.2854751457,
        0.2516441037,
        0.2588508947,
        0.2782583117,
        0.2799286867,
        0.35674464570000003,
        0.2600211027
      ],
      "exit_codes": [
        0,
        0,
        0,
        0,
        0,
        0,
        0,
        0,
        0,
        0,
        0,
        0,
        0,
        0,
        0,
        0,
        0,
        0,
        0,
        0,
        0,
        0,
        0,
        0,
        0,
        0,
        0,
        0,
        0,
        0,
        0,
        0,
        0,
        0,
        0,
        0,
        0,
        0,
        0,
        0,
        0,
        0,
        0,
        0,
        0,
        0,
        0,
        0,
        0,
        0,
        0,
        0,
        0,
        0,
        0,
        0,
        0,
        0,
        0,
        0,
        0,
        0,
        0,
        0,
        0,
        0,
        0,
        0,
        0,
        0,
        0,
        0,
        0,
        0,
        0,
        0,
        0,
        0,
        0,
        0,
        0,
        0,
        0,
        0,
        0,
        0,
        0,
        0,
        0,
        0,
        0,
        0,
        0,
        0,
        0,
        0,
        0,
        0,
        0,
        0
      ]
    },
    {
      "command": "cargo",
      "mean": 0.31141228126000003,
      "stddev": 0.021044784528332902,
      "median": 0.3099782282,
      "user": 0.13818524999999993,
      "system": 0.11135267999999997,
      "min": 0.2788073537,
      "max": 0.44729568670000003,
      "times": [
        0.2963006027,
        0.3134176447,
        0.2973123947,
        0.2876792277,
        0.2859614367,
        0.31896985370000003,
        0.3029805207,
        0.3088664367,
        0.2884493117,
        0.3021319777,
        0.3171613117,
        0.2912283957,
        0.2946963537,
        0.3290592697,
        0.3122746867,
        0.3132286457,
        0.3110430197,
        0.3123622707,
        0.3097162287,
        0.3313533117,
        0.3180131867,
        0.3540071447,
        0.3177198527,
        0.3078056457,
        0.3115796457,
        0.3049587707,
        0.3144850197,
        0.3175001867,
        0.3146656867,
        0.3102525197,
        0.3072010617,
        0.2973941867,
        0.2996456027,
        0.32216106170000003,
        0.2896710197,
        0.3343548537,
        0.3032243947,
        0.3114311867,
        0.3131942287,
        0.3132495197,
        0.3064791447,
        0.3095383117,
        0.3184473537,
        0.3303253537,
        0.3006812697,
        0.3077367287,
        0.3177322697,
        0.3220168957,
        0.3182415617,
        0.3110170197,
        0.3607731867,
        0.3300654787,
        0.3147143117,
        0.3129247697,
        0.3074785197,
        0.3090777697,
        0.3107411037,
        0.3076832287,
        0.3047324787,
        0.3103566447,
        0.3149738527,
        0.3160148947,
        0.3017691027,
        0.3147120197,
        0.3176483117,
        0.2863426867,
        0.2940634367,
        0.3041390617,
        0.2979558537,
        0.3047923947,
        0.3390610617,
        0.2939757287,
        0.2975703947,
        0.3113150617,
        0.3176605617,
        0.2859240207,
        0.2970850617,
        0.2904334367,
        0.3146302287,
        0.2788073537,
        0.3165372697,
        0.3095428537,
        0.3005504777,
        0.3040344777,
        0.3041190197,
        0.2866953947,
        0.3110196867,
        0.3959687697,
        0.3064055207,
        0.3306583117,
        0.3218066447,
        0.3092627287,
        0.2992722277,
        0.3101118527,
        0.2973758947,
        0.2957765207,
        0.3110359787,
        0.2975686037,
        0.3098446037,
        0.44729568670000003
      ],
      "exit_codes": [
        0,
        0,
        0,
        0,
        0,
        0,
        0,
        0,
        0,
        0,
        0,
        0,
        0,
        0,
        0,
        0,
        0,
        0,
        0,
        0,
        0,
        0,
        0,
        0,
        0,
        0,
        0,
        0,
        0,
        0,
        0,
        0,
        0,
        0,
        0,
        0,
        0,
        0,
        0,
        0,
        0,
        0,
        0,
        0,
        0,
        0,
        0,
        0,
        0,
        0,
        0,
        0,
        0,
        0,
        0,
        0,
        0,
        0,
        0,
        0,
        0,
        0,
        0,
        0,
        0,
        0,
        0,
        0,
        0,
        0,
        0,
        0,
        0,
        0,
        0,
        0,
        0,
        0,
        0,
        0,
        0,
        0,
        0,
        0,
        0,
        0,
        0,
        0,
        0,
        0,
        0,
        0,
        0,
        0,
        0,
        0,
        0,
        0,
        0,
        0
      ]
    }
  ]
}
