{
  "results": [
    {
      "command": "warp",
      "mean": 0.25827443881000006,
      "stddev": 0.0038072102639065256,
      "median": 0.25812857499999997,
      "user": 0.2613956800000001,
      "system": 0.030794489999999997,
      "min": 0.248601242,
      "max": 0.26861465900000003,
      "times": [
        0.2540827,
        0.251422617,
        0.2504517,
        0.25767595000000004,
        0.25528574200000004,
        0.2560942,
        0.255644658,
        0.257685908,
        0.256173158,
        0.259003325,
        0.25139661700000004,
        0.25019386600000004,
        0.253385908,
        0.255385492,
        0.259025284,
        0.260535866,
        0.256047575,
        0.25851749100000004,
        0.260834034,
        0.25524874200000003,
        0.257750992,
        0.25505403400000004,
        0.262236075,
        0.248601242,
        0.263184908,
        0.254401825,
        0.261583283,
        0.253226033,
        0.25544603400000004,
        0.252585284,
        0.253003617,
        0.257863783,
        0.261103325,
        0.25761099200000004,
        0.256604033,
        0.258827658,
        0.26377670000000003,
        0.264039242,
        0.258855117,
        0.26366699200000004,
        0.2564707,
        0.260389409,
        0.25394465800000005,
        0.25581824200000003,
        0.257194658,
        0.253006742,
        0.25770445000000003,
        0.254058783,
        0.258331242,
        0.262349325,
        0.260633241,
        0.255600158,
        0.262267409,
        0.26201595,
        0.25797615900000004,
        0.2600612,
        0.263816366,
        0.268265283,
        0.262522034,
        0.258335325,
        0.263126658,
        0.258556492,
        0.25905974200000004,
        0.259551117,
        0.262890367,
        0.26048345,
        0.260620034,
        0.257375825,
        0.25478986600000003,
        0.25766357500000003,
        0.254969491,
        0.25797653400000004,
        0.258133283,
        0.25742353300000004,
        0.259824117,
        0.257792617,
        0.254792034,
        0.254664367,
        0.258123867,
        0.25857286700000004,
        0.25894345,
        0.25706128300000003,
        0.2639742,
        0.254901409,
        0.255111034,
        0.263102492,
        0.26219395,
        0.259687033,
        0.261845325,
        0.25965761600000004,
        0.25844411700000003,
        0.26861465900000003,
        0.258302825,
        0.262309825,
        0.266868408,
        0.26089432500000004,
        0.25725332500000003,
        0.259157741,
        0.255791033,
        0.262666659
      ],
      "exit_codes": [
        0,
        0,
        0,
        0,
        0,
        0,
        0,
        0,
        0,
        0,
        0,
        0,
        0,
        0,
        0,
        0,
        0,
        0,
        0,
        0,
        0,
        0,
        0,
        0,
        0,
        0,
        0,
        0,
        0,
        0,
        0,
        0,
        0,
        0,
        0,
        0,
        0,
        0,
        0,
        0,
        0,
        0,
        0,
        0,
        0,
        0,
        0,
        0,
        0,
        0,
        0,
        0,
        0,
        0,
        0,
        0,
        0,
        0,
        0,
        0,
        0,
        0,
        0,
        0,
        0,
        0,
        0,
        0,
        0,
        0,
        0,
        0,
        0,
        0,
        0,
        0,
        0,
        0,
        0,
        0,
        0,
        0,
        0,
        0,
        0,
        0,
        0,
        0,
        0,
        0,
        0,
        0,
        0,
        0,
        0,
        0,
        0,
        0,
        0,
        0
      ]
    },
    {
      "command": "cargo",
      "mean": 0.38726264915,
      "stddev": 0.0831314261703553,
      "median": 0.35400197050000004,
      "user": 0.17756427999999996,
      "system": 0.11069448000000003,
      "min": 0.301442741,
      "max": 0.698022867,
      "times": [
        0.33121815800000004,
        0.341427533,
        0.36800878400000003,
        0.319860909,
        0.331660241,
        0.39599195000000004,
        0.5286378660000001,
        0.363613075,
        0.3417017,
        0.329785991,
        0.698022867,
        0.5519518250000001,
        0.358097408,
        0.44245557500000005,
        0.494368366,
        0.35285303300000004,
        0.33604374200000003,
        0.359961242,
        0.5097280750000001,
        0.39387532500000005,
        0.309633783,
        0.32952324200000005,
        0.387867575,
        0.32999503300000005,
        0.35359349100000004,
        0.359966909,
        0.34384195,
        0.345112034,
        0.339170741,
        0.31047232500000005,
        0.340009867,
        0.363139616,
        0.301442741,
        0.557800866,
        0.503145283,
        0.32649161600000004,
        0.384489242,
        0.361978491,
        0.373141659,
        0.406915116,
        0.36089057500000005,
        0.34029153300000003,
        0.360283617,
        0.48349424100000005,
        0.41537374200000005,
        0.33757828300000003,
        0.33734182500000004,
        0.463064658,
        0.579231742,
        0.3491787,
        0.308228908,
        0.31948007500000003,
        0.32989345000000003,
        0.32464399200000005,
        0.339320575,
        0.37408895000000003,
        0.34161049200000004,
        0.5170094080000001,
        0.35276528300000004,
        0.466901575,
        0.486678408,
        0.314420283,
        0.32478245,
        0.406496491,
        0.478857409,
        0.38756395000000005,
        0.33894182500000003,
        0.347031075,
        0.35884586700000004,
        0.334858117,
        0.34793253300000004,
        0.355586742,
        0.360705159,
        0.33167265900000004,
        0.340666491,
        0.33474732500000004,
        0.345225867,
        0.35441045000000004,
        0.35832953300000003,
        0.335786325,
        0.681847575,
        0.45734257500000003,
        0.358826784,
        0.34182936700000005,
        0.33784978400000004,
        0.348186575,
        0.31263670000000005,
        0.339746408,
        0.5427306580000001,
        0.34539782500000005,
        0.452980659,
        0.6230474920000001,
        0.395129408,
        0.340026117,
        0.343276034,
        0.361096742,
        0.49108240900000005,
        0.5512949500000001,
        0.35506882500000003,
        0.3256622
      ],
      "exit_codes": [
        0,
        0,
        0,
        0,
        0,
        0,
        0,
        0,
        0,
        0,
        0,
        0,
        0,
        0,
        0,
        0,
        0,
        0,
        0,
        0,
        0,
        0,
        0,
        0,
        0,
        0,
        0,
        0,
        0,
        0,
        0,
        0,
        0,
        0,
        0,
        0,
        0,
        0,
        0,
        0,
        0,
        0,
        0,
        0,
        0,
        0,
        0,
        0,
        0,
        0,
        0,
        0,
        0,
        0,
        0,
        0,
        0,
        0,
        0,
        0,
        0,
        0,
        0,
        0,
        0,
        0,
        0,
        0,
        0,
        0,
        0,
        0,
        0,
        0,
        0,
        0,
        0,
        0,
        0,
        0,
        0,
        0,
        0,
        0,
        0,
        0,
        0,
        0,
        0,
        0,
        0,
        0,
        0,
        0,
        0,
        0,
        0,
        0,
        0,
        0
      ]
    }
  ]
}
