{
  "results": [
    {
      "command": "warp",
      "mean": 0.33219922915000005,
      "stddev": 0.04551620361488353,
      "median": 0.33296404338,
      "user": 0.34595085,
      "system": 0.03431441,
      "min": 0.26637229338,
      "max": 0.45041070938000005,
      "times": [
        0.36492737738000003,
        0.34277916838,
        0.42385183538000004,
        0.41794391838,
        0.35150412638,
        0.26806633438,
        0.30058075138,
        0.28141525238000004,
        0.29888546038,
        0.35483550138000003,
        0.34991045938000004,
        0.33767316838,
        0.35518200138,
        0.39438500138000004,
        0.29243112638,
        0.30283258538,
        0.33700500138,
        0.34557958538,
        0.42513570938,
        0.33395258538,
        0.27057270938,
        0.31489345938,
        0.27160729338,
        0.45041070938000005,
        0.30831787738,
        0.35262558538000005,
        0.27219925138,
        0.33820679338000004,
        0.39996904338,
        0.30502991838000004,
        0.30974912738000004,
        0.28821450238,
        0.30326508538,
        0.29431412638000004,
        0.31242608538,
        0.35541458438,
        0.29519025238,
        0.34648612638000004,
        0.27288366838,
        0.33849300138000005,
        0.38605996038,
        0.32745916838,
        0.38014166838,
        0.34658583438,
        0.27448237638,
        0.28418704338,
        0.31078608438,
        0.28288116838,
        0.31422083538,
        0.39540054338,
        0.30122633538000004,
        0.34826370938,
        0.26637229338,
        0.29631245938,
        0.34320550138,
        0.27417870938,
        0.35834429338,
        0.40491404338000003,
        0.40258362638,
        0.33303579338,
        0.26719741838,
        0.28568346038000003,
        0.29059246038000003,
        0.37450941838,
        0.34630512638000005,
        0.26989787638,
        0.40349350138,
        0.33515795938000004,
        0.29728104338,
        0.30090196038,
        0.38791737638,
        0.29586291838,
        0.31774908538,
        0.30369637738,
        0.29954737638,
        0.33289229338000004,
        0.38030762638000004,
        0.35736083438000005,
        0.27398779338,
        0.34966321038000003,
        0.33597658438,
        0.40186421038000003,
        0.37118137638000004,
        0.32869958538000005,
        0.30162471038,
        0.31188479338,
        0.35247566838,
        0.26905987638,
        0.40358125138,
        0.29658391838000003,
        0.37859921038000005,
        0.35179141838,
        0.29082125238,
        0.44039462638000004,
        0.40504320938000005,
        0.29562608538,
        0.28916716838,
        0.29431916838,
        0.35959037638,
        0.36184571038
      ],
      "exit_codes": [
        0,
        0,
        0,
        0,
        0,
        0,
        0,
        0,
        0,
        0,
        0,
        0,
        0,
        0,
        0,
        0,
        0,
        0,
        0,
        0,
        0,
        0,
        0,
        0,
        0,
        0,
        0,
        0,
        0,
        0,
        0,
        0,
        0,
        0,
        0,
        0,
        0,
        0,
        0,
        0,
        0,
        0,
        0,
        0,
        0,
        0,
        0,
        0,
        0,
        0,
        0,
        0,
        0,
        0,
        0,
        0,
        0,
        0,
        0,
        0,
        0,
        0,
        0,
        0,
        0,
        0,
        0,
        0,
        0,
        0,
        0,
        0,
        0,
        0,
        0,
        0,
        0,
        0,
        0,
        0,
        0,
        0,
        0,
        0,
        0,
        0,
        0,
        0,
        0,
        0,
        0,
        0,
        0,
        0,
        0,
        0,
        0,
        0,
        0,
        0
      ]
    },
    {
      "command": "cargo",
      "mean": 0.30852155750999993,
      "stddev": 0.010152000975126557,
      "median": 0.30833154338,
      "user": 0.13793722999999997,
      "system": 0.10626407999999998,
      "min": 0.28666046038000004,
      "max": 0.36328396038000005,
      "times": [
        0.30191658538000005,
        0.30678425238,
        0.31595937638000005,
        0.29731337638,
        0.31368554338000004,
        0.33026845938000005,
        0.31284979338,
        0.31276654338000004,
        0.28666046038000004,
        0.31340500138000005,
        0.31704296038,
        0.30691258438,
        0.30846883538000003,
        0.30825729338,
        0.31898583538,
        0.29364037638,
        0.30559345938000004,
        0.31219196038,
        0.29507796038,
        0.31315696038,
        0.30440279338000004,
        0.30834366838000005,
        0.30051258538000003,
        0.30811058538,
        0.29148904338000003,
        0.30771246038,
        0.30147570938,
        0.31841962638000004,
        0.31214371038,
        0.30875366838,
        0.30757641838,
        0.31972095938,
        0.30831941838000004,
        0.28959321038,
        0.30552608438,
        0.30652979338,
        0.30408391838000004,
        0.31711037638,
        0.31647771038,
        0.31377946038000004,
        0.30908908438000005,
        0.30687591838,
        0.29818271038,
        0.31265462638,
        0.31180404338,
        0.30940687638000003,
        0.30080291838,
        0.31121604338000003,
        0.31201100138000004,
        0.31684121038,
        0.36328396038000005,
        0.29322012638,
        0.29302262738,
        0.31010158438,
        0.32869379338000004,
        0.31604229338,
        0.32651070938000004,
        0.29047537638000004,
        0.30279062638000004,
        0.31993921038,
        0.30052991838000004,
        0.30397837738,
        0.29748420938000003,
        0.30716016838000004,
        0.31631225138,
        0.30778725138,
        0.31477879338000003,
        0.30482371038,
        0.31935895938000003,
        0.30450766838000004,
        0.31868579338,
        0.31098208538,
        0.29734041838,
        0.31374208538000004,
        0.31822187638000005,
        0.30060675138000004,
        0.29878987638000004,
        0.31501004338,
        0.31352479338,
        0.30806596038,
        0.29791766838,
        0.30632241838,
        0.30516395938,
        0.31587166838,
        0.30008641838,
        0.29738437738,
        0.29492012738,
        0.30920566838,
        0.30877033438,
        0.30126000138000003,
        0.30486850138000005,
        0.30458421038,
        0.31725308538,
        0.30409916838,
        0.31147004338,
        0.31100141838,
        0.31320283538000004,
        0.31442154338,
        0.29511275138000004,
        0.31356500138000004
      ],
      "exit_codes": [
        0,
        0,
        0,
        0,
        0,
        0,
        0,
        0,
        0,
        0,
        0,
        0,
        0,
        0,
        0,
        0,
        0,
        0,
        0,
        0,
        0,
        0,
        0,
        0,
        0,
        0,
        0,
        0,
        0,
        0,
        0,
        0,
        0,
        0,
        0,
        0,
        0,
        0,
        0,
        0,
        0,
        0,
        0,
        0,
        0,
        0,
        0,
        0,
        0,
        0,
        0,
        0,
        0,
        0,
        0,
        0,
        0,
        0,
        0,
        0,
        0,
        0,
        0,
        0,
        0,
        0,
        0,
        0,
        0,
        0,
        0,
        0,
        0,
        0,
        0,
        0,
        0,
        0,
        0,
        0,
        0,
        0,
        0,
        0,
        0,
        0,
        0,
        0,
        0,
        0,
        0,
        0,
        0,
        0,
        0,
        0,
        0,
        0,
        0,
        0
      ]
    }
  ]
}
