{
  "results": [
    {
      "command": "warp",
      "mean": 0.46773171333,
      "stddev": 0.011746209698616632,
      "median": 0.46636145188000006,
      "user": 0.47983819000000005,
      "system": 0.04417899999999997,
      "min": 0.45027588888000003,
      "max": 0.56618759788,
      "times": [
        0.45608993088000005,
        0.45770372188,
        0.46586676388000003,
        0.45027588888000003,
        0.45794976388,
        0.46567276488000003,
        0.45992934688000003,
        0.46134388888000005,
        0.45664963988,
        0.46761034788000005,
        0.46726980588000006,
        0.45576209788000005,
        0.46311872288000006,
        0.46588838888000006,
        0.46109709688000006,
        0.46038426488000006,
        0.45642930588,
        0.46057405588000006,
        0.46547984788,
        0.46391468088000004,
        0.56618759788,
        0.46099688888,
        0.46380351388,
        0.46570559788000004,
        0.45786634788,
        0.46257763888000003,
        0.46589422288000004,
        0.46280180588000003,
        0.46060309688,
        0.45815880588,
        0.46173801388,
        0.46673563888,
        0.45847438888000003,
        0.45924988888,
        0.47815776488000006,
        0.46226688888000006,
        0.46664418088000004,
        0.46505801388,
        0.46402622288,
        0.45656730588000005,
        0.46333309688,
        0.46241238888,
        0.47834226388,
        0.46543501388,
        0.46399622188000006,
        0.47462259688,
        0.46611472288000005,
        0.46609043088,
        0.46829547288,
        0.46801822288000006,
        0.46352963988,
        0.46271484788000006,
        0.47132722188000004,
        0.46590301388000005,
        0.47968976388,
        0.46922718088000004,
        0.46293522288000005,
        0.46376009688000003,
        0.47196218088,
        0.46910988888000005,
        0.46673247288,
        0.46997143088000004,
        0.46695813888000004,
        0.46506072288000005,
        0.46684101388000004,
        0.47169972288000006,
        0.47348993088,
        0.46388197288000005,
        0.48345980588000004,
        0.46466155588,
        0.47521168088000004,
        0.46726113888000004,
        0.46868422288000006,
        0.47013718088000006,
        0.46832059788,
        0.46660818088000006,
        0.47548197188,
        0.46980497188000003,
        0.46732934788,
        0.46576184688000005,
        0.47253851388,
        0.46931805588000003,
        0.46933097288000003,
        0.46854472288000004,
        0.47246805588,
        0.47664093088000004,
        0.46668243088000005,
        0.47017993088000004,
        0.46792255588000004,
        0.47484834688000005,
        0.47398038988,
        0.47519126388000005,
        0.47689805588000006,
        0.47265663888000004,
        0.46792497288,
        0.48164955588,
        0.47258388888,
        0.48223659788,
        0.46511063888000004,
        0.46976326488000003
      ],
      "exit_codes": [
        0,
        0,
        0,
        0,
        0,
        0,
        0,
        0,
        0,
        0,
        0,
        0,
        0,
        0,
        0,
        0,
        0,
        0,
        0,
        0,
        0,
        0,
        0,
        0,
        0,
        0,
        0,
        0,
        0,
        0,
        0,
        0,
        0,
        0,
        0,
        0,
        0,
        0,
        0,
        0,
        0,
        0,
        0,
        0,
        0,
        0,
        0,
        0,
        0,
        0,
        0,
        0,
        0,
        0,
        0,
        0,
        0,
        0,
        0,
        0,
        0,
        0,
        0,
        0,
        0,
        0,
        0,
        0,
        0,
        0,
        0,
        0,
        0,
        0,
        0,
        0,
        0,
        0,
        0,
        0,
        0,
        0,
        0,
        0,
        0,
        0,
        0,
        0,
        0,
        0,
        0,
        0,
        0,
        0,
        0,
        0,
        0,
        0,
        0,
        0
      ]
    },
    {
      "command": "cargo",
      "mean": 1.1274565912100003,
      "stddev": 0.3737820604266072,
      "median": 1.13350690988,
      "user": 0.18096690999999995,
      "system": 0.10607767999999997,
      "min": 0.32079984788000004,
      "max": 2.55282676388,
      "times": [
        1.16750918088,
        1.1488558468799999,
        1.20323809788,
        1.70405622188,
        1.70182093088,
        1.15393834788,
        1.29024147288,
        1.07303880588,
        1.04583313888,
        1.03882326388,
        1.04812530588,
        1.18841068088,
        1.0907834728799999,
        1.21356122188,
        1.05455143088,
        1.0093023478799998,
        1.0478736388799998,
        1.18193451388,
        1.17908855588,
        1.75479147288,
        1.06300968088,
        1.10774784688,
        1.05542647188,
        1.15310901388,
        1.1916499728799999,
        1.1791993058799999,
        2.48506088888,
        1.11655322188,
        1.20315872288,
        1.06219584688,
        1.27938797288,
        1.06571838888,
        1.14483197188,
        1.27259255588,
        1.32319659788,
        1.09601276388,
        0.98631847288,
        1.76886438888,
        1.78677418088,
        1.06008472188,
        1.76617701388,
        1.22095793088,
        1.17885601388,
        1.1308088888799999,
        1.13231009688,
        1.26378288888,
        1.06440230588,
        1.15344276388,
        1.26190455588,
        1.07112747288,
        1.30944055588,
        1.0465402638799999,
        1.1758515138799999,
        1.2949882638799999,
        1.0610419308799999,
        1.6940682228800001,
        1.14940909788,
        1.1202940558799999,
        1.23619905588,
        1.0543699308799999,
        1.0438825138799999,
        1.07740105588,
        1.16290559788,
        1.41717809788,
        1.1566314308799999,
        1.1199560148799999,
        1.13459709788,
        1.26340688988,
        0.32079984788000004,
        0.38739163888000006,
        0.33951097188,
        0.33372847288,
        0.34498851388,
        0.34143634788000005,
        0.32641726388000003,
        0.72110672188,
        0.45444213888,
        0.36629022288,
        0.50093901488,
        0.40420726388000006,
        1.18928834788,
        1.22510259688,
        1.03555118088,
        1.1737985148799999,
        1.12743188888,
        2.55282676388,
        1.14685201388,
        1.12337718088,
        1.23784026388,
        1.6754037228799998,
        1.07415718088,
        1.14120055588,
        1.1324167218799999,
        1.23057943088,
        1.04888863888,
        1.06197209788,
        1.02607776388,
        1.06094230588,
        1.15970072188,
        1.02239034788
      ],
      "exit_codes": [
        0,
        0,
        0,
        0,
        0,
        0,
        0,
        0,
        0,
        0,
        0,
        0,
        0,
        0,
        0,
        0,
        0,
        0,
        0,
        0,
        0,
        0,
        0,
        0,
        0,
        0,
        0,
        0,
        0,
        0,
        0,
        0,
        0,
        0,
        0,
        0,
        0,
        0,
        0,
        0,
        0,
        0,
        0,
        0,
        0,
        0,
        0,
        0,
        0,
        0,
        0,
        0,
        0,
        0,
        0,
        0,
        0,
        0,
        0,
        0,
        0,
        0,
        0,
        0,
        0,
        0,
        0,
        0,
        0,
        0,
        0,
        0,
        0,
        0,
        0,
        0,
        0,
        0,
        0,
        0,
        0,
        0,
        0,
        0,
        0,
        0,
        0,
        0,
        0,
        0,
        0,
        0,
        0,
        0,
        0,
        0,
        0,
        0,
        0,
        0
      ]
    }
  ]
}
