{
  "results": [
    {
      "command": "warp",
      "mean": 0.2821408850099999,
      "stddev": 0.027898983046464956,
      "median": 0.27466217998,
      "user": 0.29298802000000007,
      "system": 0.03174912999999999,
      "min": 0.24850386748,
      "max": 0.41700295048,
      "times": [
        0.35688382547999997,
        0.27457445048,
        0.27008986747999997,
        0.26968595048,
        0.25512040848,
        0.26752528448,
        0.29023478448,
        0.27855103348,
        0.24850386748,
        0.27303195048,
        0.28797515948,
        0.26811345048,
        0.28557657648,
        0.32989440948,
        0.29987561748,
        0.38465236748,
        0.26941261748,
        0.27504170148,
        0.25969828348,
        0.29355640848,
        0.27770207648,
        0.29547399248,
        0.28271057548,
        0.26381803448,
        0.26838257548,
        0.36758782548,
        0.26956136748,
        0.25723286748,
        0.27123490948,
        0.26469249248,
        0.27108453448,
        0.28378499248,
        0.30105557548,
        0.28860170048,
        0.29529603348,
        0.27714711748,
        0.27836974248,
        0.28042882548,
        0.27342490848,
        0.27764382548,
        0.28462190848,
        0.41700295048,
        0.26500332647999997,
        0.27257545048,
        0.27742957648,
        0.25942953448,
        0.27837686748,
        0.27420353348,
        0.25974661748,
        0.26957982648,
        0.26071886748,
        0.25952099248,
        0.25844103448,
        0.26624503448,
        0.29198395148,
        0.26759036748,
        0.29687245148,
        0.27744790948,
        0.27824499248,
        0.27883536748,
        0.29566215948,
        0.29786749248,
        0.26809003448,
        0.30270232648,
        0.29609865947999997,
        0.28729449248,
        0.28983474248,
        0.26653945048,
        0.29806270048,
        0.27007570048,
        0.24965415948,
        0.25925928448,
        0.26608086748,
        0.35928474248,
        0.26203574248,
        0.25639120148,
        0.29036190948,
        0.26757428448,
        0.27310807548,
        0.29627015948,
        0.28913832648,
        0.36374607648,
        0.27396428448,
        0.27474990948,
        0.28619615948,
        0.25649870048,
        0.26669632548,
        0.29892574248,
        0.29288174248,
        0.25807836748,
        0.29669803348,
        0.28146220148,
        0.25888578448,
        0.26971174248,
        0.25669440948,
        0.27337028348,
        0.27223628448,
        0.26766332548,
        0.28393365848,
        0.26320640948
      ],
      "exit_codes": [
        0,
        0,
        0,
        0,
        0,
        0,
        0,
        0,
        0,
        0,
        0,
        0,
        0,
        0,
        0,
        0,
        0,
        0,
        0,
        0,
        0,
        0,
        0,
        0,
        0,
        0,
        0,
        0,
        0,
        0,
        0,
        0,
        0,
        0,
        0,
        0,
        0,
        0,
        0,
        0,
        0,
        0,
        0,
        0,
        0,
        0,
        0,
        0,
        0,
        0,
        0,
        0,
        0,
        0,
        0,
        0,
        0,
        0,
        0,
        0,
        0,
        0,
        0,
        0,
        0,
        0,
        0,
        0,
        0,
        0,
        0,
        0,
        0,
        0,
        0,
        0,
        0,
        0,
        0,
        0,
        0,
        0,
        0,
        0,
        0,
        0,
        0,
        0,
        0,
        0,
        0,
        0,
        0,
        0,
        0,
        0,
        0,
        0,
        0,
        0
      ]
    },
    {
      "command": "cargo",
      "mean": 0.30499658956000003,
      "stddev": 0.017345756978375253,
      "median": 0.30717803448,
      "user": 0.13813525000000001,
      "system": 0.11096202,
      "min": 0.27171961748,
      "max": 0.37920707548,
      "times": [
        0.31554374248,
        0.31193099248,
        0.32650011748,
        0.31301095048,
        0.30750820048,
        0.31281903448,
        0.30256199248,
        0.31420911748,
        0.30659503448,
        0.30748961748,
        0.29877540848,
        0.37920707548,
        0.31243328448,
        0.30547078448,
        0.32320461748,
        0.31240215948,
        0.32228974248,
        0.32992290947999997,
        0.29774040947999997,
        0.29627495048,
        0.29547365948,
        0.31197795148,
        0.29213940948,
        0.30687686748,
        0.30142036748,
        0.30841557548,
        0.28119603348,
        0.30748074248,
        0.31911661748,
        0.31416553348,
        0.31369845148,
        0.28417840848,
        0.31640920148,
        0.30326982548,
        0.31090232548,
        0.31281257648,
        0.31442828448,
        0.31719690948,
        0.31149620048,
        0.31862153448,
        0.30673070048,
        0.33434061748,
        0.32881540948,
        0.31569486748,
        0.27340961748,
        0.30428520048,
        0.30865295048,
        0.33403382648,
        0.29573199248,
        0.30105340948,
        0.34574724248,
        0.29852678348,
        0.29757999248,
        0.27703124248,
        0.29113307548,
        0.27909065848,
        0.27233632548,
        0.27300315948,
        0.27796636748,
        0.28878228348,
        0.28043695048,
        0.27477653348,
        0.29400870048,
        0.27171961748,
        0.30730990948,
        0.30874003348,
        0.31497424248,
        0.30926503348,
        0.31993632548,
        0.31270086748,
        0.32120857548,
        0.32473799248,
        0.31969511748,
        0.31149515948,
        0.30819974248,
        0.31040903448,
        0.31820557548,
        0.29707057648,
        0.29800699248,
        0.28220149248,
        0.28589707548,
        0.28204907648,
        0.30215615948,
        0.30152428448,
        0.30678432548,
        0.31341457548,
        0.31858574248,
        0.28888145047999997,
        0.28649215948,
        0.31285532548,
        0.33292490948,
        0.30503103448,
        0.28428924248,
        0.30704615947999997,
        0.29955840948,
        0.27826295148,
        0.29677203448,
        0.28677861748,
        0.28616103448,
        0.29798357548
      ],
      "exit_codes": [
        0,
        0,
        0,
        0,
        0,
        0,
        0,
        0,
        0,
        0,
        0,
        0,
        0,
        0,
        0,
        0,
        0,
        0,
        0,
        0,
        0,
        0,
        0,
        0,
        0,
        0,
        0,
        0,
        0,
        0,
        0,
        0,
        0,
        0,
        0,
        0,
        0,
        0,
        0,
        0,
        0,
        0,
        0,
        0,
        0,
        0,
        0,
        0,
        0,
        0,
        0,
        0,
        0,
        0,
        0,
        0,
        0,
        0,
        0,
        0,
        0,
        0,
        0,
        0,
        0,
        0,
        0,
        0,
        0,
        0,
        0,
        0,
        0,
        0,
        0,
        0,
        0,
        0,
        0,
        0,
        0,
        0,
        0,
        0,
        0,
        0,
        0,
        0,
        0,
        0,
        0,
        0,
        0,
        0,
        0,
        0,
        0,
        0,
        0,
        0
      ]
    }
  ]
}
