{
  "results": [
    {
      "command": "warp",
      "mean": 0.46382121422000006,
      "stddev": 0.011749617711509655,
      "median": 0.46287098936000004,
      "user": 0.4806727199999997,
      "system": 0.0439078,
      "min": 0.45272673886000003,
      "max": 0.5657873638600001,
      "times": [
        0.47221419786,
        0.46995611386,
        0.45317828086,
        0.45964044786,
        0.46292344686000003,
        0.45517098886,
        0.46770536486000003,
        0.46326348986000004,
        0.45764015586,
        0.46140232186,
        0.46461640586,
        0.46282078086,
        0.47403369686,
        0.45278561486,
        0.47441611386000004,
        0.45669223986,
        0.45412123886,
        0.45272673886000003,
        0.45877407186,
        0.46568161486000004,
        0.45910886486,
        0.45870819786,
        0.46083553086,
        0.46868961386,
        0.46944940586,
        0.45991832286,
        0.45741698886000004,
        0.46797157286,
        0.45743465586000004,
        0.46359598886000003,
        0.45590998986000003,
        0.45673461386,
        0.47180782286,
        0.46971465586,
        0.45420978086,
        0.46292119786,
        0.45761940586000005,
        0.45681323986,
        0.45531815586,
        0.46144665586,
        0.46758557186000005,
        0.45683078086,
        0.46382582286,
        0.47075678086,
        0.46779232286,
        0.45786103086,
        0.46797086386000003,
        0.46101882186000004,
        0.46221736486000004,
        0.45784323986000003,
        0.45455632286000003,
        0.46480894786000004,
        0.45444465586000005,
        0.45613140586,
        0.45619644786,
        0.47218486486,
        0.45877307186000005,
        0.46014190586000003,
        0.45287503086,
        0.46892623886,
        0.46984694686,
        0.46457228086,
        0.45902748886,
        0.46225836386,
        0.46430219786000004,
        0.46695615586,
        0.45941473886,
        0.46182103086000004,
        0.46838373886,
        0.46551582186,
        0.46279723986000004,
        0.45931357286,
        0.45768169786,
        0.46757894786000004,
        0.46950711386000005,
        0.46647973886000005,
        0.46728069786000004,
        0.46603657186,
        0.46723278086000003,
        0.46179411486000005,
        0.46513348986,
        0.46739723886,
        0.46351740586,
        0.45867048886,
        0.46394548986,
        0.46089344686,
        0.46441373886000004,
        0.47498753086,
        0.45740319786,
        0.46222253086000004,
        0.46403078086000005,
        0.5657873638600001,
        0.47978403086000004,
        0.46133582286,
        0.46915698886,
        0.46363440586000004,
        0.46346569786,
        0.46361665586,
        0.46052473986000003,
        0.46626965586
      ],
      "exit_codes": [
        0,
        0,
        0,
        0,
        0,
        0,
        0,
        0,
        0,
        0,
        0,
        0,
        0,
        0,
        0,
        0,
        0,
        0,
        0,
        0,
        0,
        0,
        0,
        0,
        0,
        0,
        0,
        0,
        0,
        0,
        0,
        0,
        0,
        0,
        0,
        0,
        0,
        0,
        0,
        0,
        0,
        0,
        0,
        0,
        0,
        0,
        0,
        0,
        0,
        0,
        0,
        0,
        0,
        0,
        0,
        0,
        0,
        0,
        0,
        0,
        0,
        0,
        0,
        0,
        0,
        0,
        0,
        0,
        0,
        0,
        0,
        0,
        0,
        0,
        0,
        0,
        0,
        0,
        0,
        0,
        0,
        0,
        0,
        0,
        0,
        0,
        0,
        0,
        0,
        0,
        0,
        0,
        0,
        0,
        0,
        0,
        0,
        0,
        0,
        0
      ]
    },
    {
      "command": "cargo",
      "mean": 0.38799588174000016,
      "stddev": 0.08413332594331226,
      "median": 0.35313128136000005,
      "user": 0.15580453,
      "system": 0.11055113,
      "min": 0.29289761486,
      "max": 0.7545116138600001,
      "times": [
        0.39034073886000004,
        0.35411794786,
        0.31843290586,
        0.46339123886,
        0.34842115586,
        0.32994944786,
        0.36773828086000004,
        0.5062046558600001,
        0.7545116138600001,
        0.5253571138600001,
        0.33595515586,
        0.45524511386000005,
        0.5226972388600001,
        0.5171604058600001,
        0.40016594786000004,
        0.33744403086,
        0.33406048986000003,
        0.34764594786,
        0.32740907286000004,
        0.33834057286,
        0.37102732286,
        0.32632828086000004,
        0.31805728086,
        0.49191965586,
        0.32116398986,
        0.30496582286,
        0.39766507286,
        0.32613594686,
        0.34217048986000004,
        0.47882578086000005,
        0.65706690586,
        0.49735653086000003,
        0.33118378086,
        0.46684165586000004,
        0.32796257186,
        0.30821369686,
        0.38276732186,
        0.29289761486,
        0.33846969786000003,
        0.32504011386000004,
        0.32424582286000003,
        0.31080165586,
        0.37217819686000003,
        0.34719248886000004,
        0.33089861386,
        0.45808973886000004,
        0.34583415586,
        0.32572482186,
        0.39021815586,
        0.30262219786,
        0.35609607286,
        0.35966086486000004,
        0.32163548886000004,
        0.33485778086,
        0.5807031138600001,
        0.5261162808600001,
        0.35449373986,
        0.44308673986,
        0.42044119686000003,
        0.33820907286,
        0.31882573886000004,
        0.46805848986000004,
        0.32899848986,
        0.34056240586000003,
        0.40864240586,
        0.46676557186,
        0.52693890586,
        0.51490328086,
        0.40237511486,
        0.34656628086,
        0.32397482286,
        0.47381398886000003,
        0.35260969786,
        0.31547232286,
        0.37209628086,
        0.33614686386000003,
        0.34212240586000003,
        0.5642886138600001,
        0.40669682286000003,
        0.38830444786,
        0.34562286486,
        0.33220369786000004,
        0.39345336486000004,
        0.33037915586,
        0.31735398986,
        0.39359978086,
        0.47358998886000003,
        0.40990840586000005,
        0.34243657286,
        0.32265778086,
        0.35735390586000004,
        0.34151069786,
        0.32628165586,
        0.36596390586,
        0.31717586386,
        0.31534003086,
        0.38220853086,
        0.35365286486,
        0.39975715586000005,
        0.5572201968600001
      ],
      "exit_codes": [
        0,
        0,
        0,
        0,
        0,
        0,
        0,
        0,
        0,
        0,
        0,
        0,
        0,
        0,
        0,
        0,
        0,
        0,
        0,
        0,
        0,
        0,
        0,
        0,
        0,
        0,
        0,
        0,
        0,
        0,
        0,
        0,
        0,
        0,
        0,
        0,
        0,
        0,
        0,
        0,
        0,
        0,
        0,
        0,
        0,
        0,
        0,
        0,
        0,
        0,
        0,
        0,
        0,
        0,
        0,
        0,
        0,
        0,
        0,
        0,
        0,
        0,
        0,
        0,
        0,
        0,
        0,
        0,
        0,
        0,
        0,
        0,
        0,
        0,
        0,
        0,
        0,
        0,
        0,
        0,
        0,
        0,
        0,
        0,
        0,
        0,
        0,
        0,
        0,
        0,
        0,
        0,
        0,
        0,
        0,
        0,
        0,
        0,
        0,
        0
      ]
    }
  ]
}
