{
  "results": [
    {
      "command": "warp",
      "mean": 0.2593564486900001,
      "stddev": 0.0035598795970168675,
      "median": 0.2592995704600001,
      "user": 0.26343462,
      "system": 0.03110912000000001,
      "min": 0.25024219546000004,
      "max": 0.26740340446000005,
      "times": [
        0.25177586246000005,
        0.25324673746000004,
        0.26078457046000003,
        0.25320948746000005,
        0.26347473746000005,
        0.26051582046000005,
        0.25590419646000007,
        0.25907119546,
        0.26205227946000004,
        0.25763632046,
        0.25657982046000005,
        0.25563986246000003,
        0.25822757146,
        0.25431311246000005,
        0.25710807146000003,
        0.25219023746,
        0.25024219546000004,
        0.25460015446000006,
        0.26591382046000006,
        0.25849382146000005,
        0.25553715346000005,
        0.25761136246000005,
        0.25763123746000005,
        0.25679977846,
        0.26001732046000003,
        0.25845848746000005,
        0.25768107146,
        0.26416682046000006,
        0.26147040346000006,
        0.25983377946,
        0.25851236246000003,
        0.25281590446,
        0.25526469646000005,
        0.26134336246000006,
        0.25756436246000003,
        0.26139702946000004,
        0.25771940446,
        0.25628048746000004,
        0.25823940346,
        0.25507919546,
        0.25902077846000005,
        0.25695390346,
        0.26015786246000006,
        0.25940677846000004,
        0.26209082046000004,
        0.25788269546000003,
        0.25792594646000006,
        0.25475144546000006,
        0.26163036246000004,
        0.26025086246000007,
        0.26056627846,
        0.25793040446000004,
        0.25489461246000006,
        0.26004190446000003,
        0.25591286246000006,
        0.25874986246000004,
        0.26174848746,
        0.25227398746,
        0.25661265446000003,
        0.26577152946000004,
        0.25693861246000005,
        0.25836152846000005,
        0.25885490346000006,
        0.26259377946000007,
        0.26485265446000006,
        0.26160602946000006,
        0.26559577846000004,
        0.26259452946000006,
        0.25922961246000004,
        0.26035569646000006,
        0.26190144546000005,
        0.26251794546,
        0.25884186246,
        0.26415132046000006,
        0.26609998746,
        0.25448536246000003,
        0.26263590346000004,
        0.25769736246,
        0.26106611246000005,
        0.26302057146,
        0.25859073746000005,
        0.26494252946,
        0.26117444546,
        0.26284719546,
        0.26516498746000006,
        0.26451469546000006,
        0.26347073746000005,
        0.26183990446000005,
        0.26740340446000005,
        0.25961015446,
        0.26271177946,
        0.26314315446000003,
        0.26153423746000004,
        0.25759223746000004,
        0.26038069546000003,
        0.25984777946000004,
        0.26105407146000004,
        0.25936952846000005,
        0.25993519546000005,
        0.25813886246000006
      ],
      "exit_codes": [
        0,
        0,
        0,
        0,
        0,
        0,
        0,
        0,
        0,
        0,
        0,
        0,
        0,
        0,
        0,
        0,
        0,
        0,
        0,
        0,
        0,
        0,
        0,
        0,
        0,
        0,
        0,
        0,
        0,
        0,
        0,
        0,
        0,
        0,
        0,
        0,
        0,
        0,
        0,
        0,
        0,
        0,
        0,
        0,
        0,
        0,
        0,
        0,
        0,
        0,
        0,
        0,
        0,
        0,
        0,
        0,
        0,
        0,
        0,
        0,
        0,
        0,
        0,
        0,
        0,
        0,
        0,
        0,
        0,
        0,
        0,
        0,
        0,
        0,
        0,
        0,
        0,
        0,
        0,
        0,
        0,
        0,
        0,
        0,
        0,
        0,
        0,
        0,
        0,
        0,
        0,
        0,
        0,
        0,
        0,
        0,
        0,
        0,
        0,
        0
      ]
    },
    {
      "command": "cargo",
      "mean": 0.5286130620200002,
      "stddev": 0.09942572281503016,
      "median": 0.5152731749600001,
      "user": 0.18243965999999998,
      "system": 0.11341312000000006,
      "min": 0.39705540346000007,
      "max": 1.08447040446,
      "times": [
        0.52603177846,
        0.5184994874600001,
        0.5403366954600001,
        0.5240219874600001,
        0.4939948204600001,
        0.51481136246,
        0.49865477946000003,
        0.51944944646,
        0.41424023746000005,
        0.50590090446,
        0.5130965284600001,
        0.50660165446,
        0.41498723746000005,
        0.45212527846000006,
        0.8993307794600001,
        0.54694244546,
        0.40223515446,
        0.5242199874600001,
        0.51807119546,
        0.51943832046,
        0.5002739874600001,
        0.53321869546,
        0.5194645294600001,
        0.50877161246,
        0.5235081124600001,
        0.49540698746,
        0.40119752946000004,
        0.53492127946,
        0.5209915704600001,
        0.51369319546,
        0.5148804034600001,
        0.7344660714600001,
        0.6346217374600001,
        0.4508376954600001,
        0.42672548746000005,
        0.48336732046,
        0.5016082794600001,
        0.5287296544600001,
        0.49312594546000005,
        0.5315891124600001,
        0.5119203624600001,
        0.5522116544600001,
        0.47459107046000004,
        0.5200349454600001,
        0.5285588624600001,
        0.41345002946000003,
        0.49211023746000004,
        0.53584136246,
        0.7265209044600001,
        0.59342477946,
        0.63967807046,
        0.5049998624600001,
        0.52837482146,
        0.50479798746,
        0.5180035294600001,
        0.69350740446,
        0.45339532146000006,
        0.52433127946,
        0.51468527846,
        0.52063907046,
        0.52265377946,
        0.52554577946,
        0.50592986246,
        0.40526790346,
        1.08447040446,
        0.43975344646000003,
        0.5502624874600001,
        0.49577044646,
        0.51099257046,
        0.5207789044600001,
        0.50660107046,
        0.51854369546,
        0.43386115446000006,
        0.47895786246000005,
        0.5272176954600001,
        0.51807002846,
        0.4924841964600001,
        0.5207699454600001,
        0.7080394874600001,
        0.45384765346000006,
        0.58680077846,
        0.7359681544600001,
        0.60719782046,
        0.5259478204600001,
        0.5131482784600001,
        0.52701877846,
        0.49746665446000005,
        0.42445348746000006,
        0.49949440446000004,
        0.5019891534600001,
        0.50048748746,
        0.50316190346,
        0.52596861246,
        0.50393773746,
        0.5156659464600001,
        0.54320369546,
        0.5055715714600001,
        0.8501216124600001,
        0.42136240446000006,
        0.39705540346000007
      ],