{
  "results": [
    {
      "command": "warp",
      "mean": 0.27333931372,
      "stddev": 0.024329717589101463,
      "median": 0.26578962827999997,
      "user": 0.2854490599999999,
      "system": 0.029967990000000003,
      "min": 0.25113019078,
      "max": 0.39648314878,
      "times": [
        0.25739319078,
        0.26454914978,
        0.26866973178,
        0.26437256578,
        0.27184339978,
        0.30593064978,
        0.26255873178,
        0.26445248278,
        0.26109177378,
        0.26335906578,
        0.26143906578,
        0.26027277378,
        0.27020081578,
        0.26298060778,
        0.28604094078,
        0.26587419078,
        0.26588689878,
        0.25113019078,
        0.26524494078,
        0.25907335778,
        0.26847881578,
        0.26205444078,
        0.26443944078,
        0.26025752477999997,
        0.26867081578,
        0.27349127378,
        0.36356019078,
        0.27852948278,
        0.26529469078,
        0.39648314878,
        0.26654185778,
        0.26570506577999997,
        0.26739985777999997,
        0.26180531578,
        0.28439323278,
        0.26808064878,
        0.26146664878,
        0.26757923178,
        0.26216823278,
        0.26754423278,
        0.26610119078,
        0.25686123278,
        0.26428389978,
        0.27020169078,
        0.25837102378,
        0.28920723278,
        0.26526102478,
        0.26541923278,
        0.25944819078,
        0.26293452378,
        0.25879756578,
        0.28305835778,
        0.26653760678,
        0.26006702478,
        0.26873744078,
        0.26444802378,
        0.26175910778,
        0.25960114978,
        0.26710573178,
        0.28042198178,
        0.26308027478,
        0.27762148278,
        0.30008044078,
        0.28866314878,
        0.26259535778,
        0.26551560677999997,
        0.26174069078,
        0.27019927377999997,
        0.26223827478,
        0.26324564878,
        0.29370527378,
        0.27644452378,
        0.26529481577999997,
        0.27460977478,
        0.26120523178,
        0.27249173278,
        0.28708577478,
        0.26328410778,
        0.26856156578,
        0.36320394078,
        0.26691556578,
        0.28360681578,
        0.27482735678,
        0.26023539878,
        0.27321289878,
        0.27568623178,
        0.26116794078,
        0.26424839878,
        0.36362794078,
        0.26441156577999997,
        0.26691631577999997,
        0.36280656578,
        0.28329356578,
        0.27457381578,
        0.26310556578,
        0.26507548278,
        0.26917531578,
        0.26862248278,
        0.25578810778,
        0.26083519078
      ],
      "exit_codes": [
        0,
        0,
        0,
        0,
        0,
        0,
        0,
        0,
        0,
        0,
        0,
        0,
        0,
        0,
        0,
        0,
        0,
        0,
        0,
        0,
        0,
        0,
        0,
        0,
        0,
        0,
        0,
        0,
        0,
        0,
        0,
        0,
        0,
        0,
        0,
        0,
        0,
        0,
        0,
        0,
        0,
        0,
        0,
        0,
        0,
        0,
        0,
        0,
        0,
        0,
        0,
        0,
        0,
        0,
        0,
        0,
        0,
        0,
        0,
        0,
        0,
        0,
        0,
        0,
        0,
        0,
        0,
        0,
        0,
        0,
        0,
        0,
        0,
        0,
        0,
        0,
        0,
        0,
        0,
        0,
        0,
        0,
        0,
        0,
        0,
        0,
        0,
        0,
        0,
        0,
        0,
        0,
        0,
        0,
        0,
        0,
        0,
        0,
        0,
        0
      ]
    },
    {
      "command": "cargo",
      "mean": 0.30905406665999985,
      "stddev": 0.01615246883349675,
      "median": 0.30922787778,
      "user": 0.13787098000000003,
      "system": 0.11128794999999993,
      "min": 0.28383989978,
      "max": 0.40502827378,
      "times": [
        0.29909152478,
        0.32212814878,
        0.31997910778,
        0.30160423178,
        0.30028777378,
        0.30459702478,
        0.31962931578,
        0.30811331578,
        0.31518760778,
        0.31910256578,
        0.31540827378,
        0.30999023178,
        0.30791335778,
        0.31603531578,
        0.31185194078,
        0.31158152378,
        0.32052014878,
        0.31903389878,
        0.30247660778,
        0.30838519078,
        0.31593094078,
        0.31608023178,
        0.31438264978,
        0.31812914878,
        0.31796406578,
        0.31811281578,
        0.37111006578,
        0.32206244078,
        0.31753014878,
        0.30300948278,
        0.28930364978,
        0.30121035778,
        0.29372431578,
        0.30952460778,
        0.31341552478,
        0.30232381578,
        0.28689844078,
        0.28983306578,
        0.31294869078,
        0.28450364878,
        0.29377452478,
        0.29065031578,
        0.30433685778,
        0.31611727378,
        0.28686010778,
        0.31236235778,
        0.29220039878,
        0.28585498278,
        0.30629619078,
        0.28970935778,
        0.40502827378,
        0.30591139978,
        0.29412998178,
        0.29807239978,
        0.33460498278,
        0.30959431578,
        0.30924360678,
        0.31325073278,
        0.31144402378,
        0.30502823278,
        0.30786127378,
        0.30603064978,
        0.32351510778,
        0.31362560778,
        0.30502744078,
        0.30914885778,
        0.31378635778,
        0.31073852478,
        0.30921214878,
        0.31234877478,
        0.31288489878,
        0.31653744078,
        0.31435935678,
        0.29838889878,
        0.31983410678,
        0.31202869078,
        0.31376685778,
        0.32243364978,
        0.30736173178,
        0.30595985678,
        0.31475469078,
        0.30698623278,
        0.30207156578,
        0.31240264878,
        0.30647502378,
        0.29064077378,
        0.28834694078,
        0.30749514978,
        0.30931056578,
        0.34357302378,
        0.29918244078,
        0.29770706578,
        0.32149498278,
        0.29236681578,
        0.28586160678,
        0.29038214978,
        0.29788502378,
        0.31870264978,
        0.28383989978,
        0.30569164978
      ],
      "exit_codes": [
        0,
        0,
        0,
        0,
        0,
        0,
        0,
        0,
        0,
        0,
        0,
        0,
        0,
        0,
        0,
        0,
        0,
        0,
        0,
        0,
        0,
        0,
        0,
        0,
        0,
        0,
        0,
        0,
        0,
        0,
        0,
        0,
        0,
        0,
        0,
        0,
        0,
        0,
        0,
        0,
        0,
        0,
        0,
        0,
        0,
        0,
        0,
        0,
        0,
        0,
        0,
        0,
        0,
        0,
        0,
        0,
        0,
        0,
        0,
        0,
        0,
        0,
        0,
        0,
        0,
        0,
        0,
        0,
        0,
        0,
        0,
        0,
        0,
        0,
        0,
        0,
        0,
        0,
        0,
        0,
        0,
        0,
        0,
        0,
        0,
        0,
        0,
        0,
        0,
        0,
        0,
        0,
        0,
        0,
        0,
        0,
        0,
        0,
        0,
        0
      ]
    }
  ]
}
