{
  "results": [
    {
      "command": "warp",
      "mean": 0.9213138071700002,
      "stddev": 0.14382195368556516,
      "median": 0.8709538126,
      "user": 1.0097668099999997,
      "system": 0.07611313000000001,
      "min": 0.7392361251,
      "max": 1.2754421251,
      "times": [
        0.7819288751,
        0.9450318331,
        0.7536417081,
        0.7680599171,
        0.8751363331,
        0.8378604581,
        0.7878054591,
        0.7856854161,
        0.8002417091,
        1.2299231251,
        1.0225159591000001,
        0.8684845421,
        0.7987425001,
        1.0277820831,
        0.8031083331,
        0.8331594171,
        0.7872520830999999,
        0.8606127091,
        0.7693850841,
        1.0206895411,
        0.8569806251,
        0.8568513341,
        0.8848564171,
        0.7515122911,
        0.7763396251,
        0.7863432081,
        0.8162235421,
        1.2312531661000001,
        1.0385966671,
        0.8009482911,
        1.0483725421,
        0.7808979581,
        1.2326386251,
        1.2216702911000001,
        0.8614962921,
        0.8935367911,
        0.8510865001,
        0.8187516661,
        1.0293366661,
        0.7928855841,
        0.8329262921,
        0.8317420001,
        0.9124851661,
        0.8485883751,
        0.7392361251,
        0.8659890001,
        0.7764691251,
        0.8270005411,
        0.8394746251,
        0.9377315841,
        0.8395845831,
        0.8355089581,
        1.0310465831,
        0.7878756251,
        0.9869596671,
        0.8734230831,
        1.1169267501,
        0.8269655831,
        0.9205405001,
        1.2148941671,
        0.9395408331,
        1.1412874171,
        0.9354521671,
        1.2754421251,
        0.8338477081,
        0.8766728751,
        1.2135525841,
        1.0337930831000002,
        0.9187010001,
        0.8197618751,
        0.9477790001,
        1.0335800421,
        0.8927704591,
        0.8377030411,
        1.2507767911,
        1.1725753331,
        0.8849622921,
        0.8628022921,
        0.8283028751,
        0.8377238751,
        0.9237067921,
        1.1770143331,
        0.7966281251,
        1.1880120001,
        0.8978957921,
        0.8397425831,
        0.8836651251000001,
        0.8508905421,
        0.9458052091,
        1.2418432501,
        0.9942928750999999,
        0.7729006661,
        0.7841625421,
        0.8288775411,
        1.2260589591000002,
        0.8753605421,
        0.9252374581,
        1.0410506251,
        0.9802677091,
        0.8879468751
      ],
      "exit_codes": [
        0,
        0,
        0,
        0,
        0,
        0,
        0,
        0,
        0,
        0,
        0,
        0,
        0,
        0,
        0,
        0,
        0,
        0,
        0,
        0,
        0,
        0,
        0,
        0,
        0,
        0,
        0,
        0,
        0,
        0,
        0,
        0,
        0,
        0,
        0,
        0,
        0,
        0,
        0,
        0,
        0,
        0,
        0,
        0,
        0,
        0,
        0,
        0,
        0,
        0,
        0,
        0,
        0,
        0,
        0,
        0,
        0,
        0,
        0,
        0,
        0,
        0,
        0,
        0,
        0,
        0,
        0,
        0,
        0,
        0,
        0,
        0,
        0,
        0,
        0,
        0,
        0,
        0,
        0,
        0,
        0,
        0,
        0,
        0,
        0,
        0,
        0,
        0,
        0,
        0,
        0,
        0,
        0,
        0,
        0,
        0,
        0,
        0,
        0,
        0
      ]
    },
    {
      "command": "cargo",
      "mean": 0.3140801279900002,
      "stddev": 0.020000086288179935,
      "median": 0.3089470836,
      "user": 0.14056387,
      "system": 0.11099880000000001,
      "min": 0.28605420810000004,
      "max": 0.4133478331,
      "times": [
        0.37798683310000003,
        0.3083259171,
        0.2981905421,
        0.3160192081,
        0.3265333751,
        0.31592091710000003,
        0.3131685831,
        0.3081812501,
        0.28605420810000004,
        0.3005219161,
        0.3185149171,
        0.3407532501,
        0.2966745831,
        0.29150570810000004,
        0.29880933410000005,
        0.34262125010000005,
        0.35740775010000003,
        0.3065085001,
        0.3112712091,
        0.3561039581,
        0.3986821251,
        0.31845612510000004,
        0.3282160841,
        0.3337071251,
        0.3214764171,
        0.2985898751,
        0.2972485421,
        0.3159920841,
        0.30809833410000004,
        0.3338805831,
        0.3071510841,
        0.3259811671,
        0.3077216661,
        0.3091359161,
        0.30614145810000004,
        0.3132451251,
        0.31417516710000004,
        0.34809537510000005,
        0.3245609581,
        0.31728137510000004,
        0.3099437921,
        0.30411750010000005,
        0.3156566671,
        0.3028220841,
        0.30435725010000003,
        0.3141854161,
        0.3064133331,
        0.3365323751,
        0.3165443751,
        0.2915980831,
        0.4133478331,
        0.3395935411,
        0.3013385001,
        0.3065912081,
        0.3204829591,
        0.31489520810000005,
        0.3088974171,
        0.30899675010000005,
        0.29969308310000004,
        0.2981420831,
        0.3093340411,
        0.3101165831,
        0.3068484591,
        0.3061484171,
        0.31962108310000004,
        0.3154868341,
        0.30735583310000003,
        0.30391108310000003,
        0.3250374581,
        0.31577158310000003,
        0.3235697081,
        0.3015730841,
        0.3076991671,
        0.30002195810000004,
        0.2951872091,
        0.30871508410000004,
        0.2986893331,
        0.30512958310000005,
        0.3087201671,
        0.3108220411,
        0.3253005001,
        0.3157750421,
        0.31322670810000003,
        0.3043203331,
        0.3039956661,
        0.31739462510000005,
        0.3087559581,
        0.3066975001,
        0.30048600010000004,
        0.3156623331,
        0.29085383410000004,
        0.3014107911,
        0.3115069171,
        0.2951745001,
        0.3073304161,
        0.3004392501,
        0.2932130411,
        0.2927654591,
        0.31164562510000005,
        0.29924033310000003
      ],
      "exit_codes": [
        0,
        0,
        0,
        0,
        0,
        0,
        0,
        0,
        0,
        0,
        0,
        0,
        0,
        0,
        0,
        0,
        0,
        0,
        0,
        0,
        0,
        0,
        0,
        0,
        0,
        0,
        0,
        0,
        0,
        0,
        0,
        0,
        0,
        0,
        0,
        0,
        0,
        0,
        0,
        0,
        0,
        0,
        0,
        0,
        0,
        0,
        0,
        0,
        0,
        0,
        0,
        0,
        0,
        0,
        0,
        0,
        0,
        0,
        0,
        0,
        0,
        0,
        0,
        0,
        0,
        0,
        0,
        0,
        0,
        0,
        0,
        0,
        0,
        0,
        0,
        0,
        0,
        0,
        0,
        0,
        0,
        0,
        0,
        0,
        0,
        0,
        0,
        0,
        0,
        0,
        0,
        0,
        0,
        0,
        0,
        0,
        0,
        0,
        0,
        0
      ]
    }
  ]
}
