{
  "results": [
    {
      "command": "warp",
      "mean": 0.3201613917300001,
      "stddev": 0.03896414291963731,
      "median": 0.32244914638,
      "user": 0.3349680799999999,
      "system": 0.0338063,
      "min": 0.26108668788,
      "max": 0.43146089588000003,
      "times": [
        0.26504339588000003,
        0.28748310488,
        0.34029285488,
        0.32173243688000003,
        0.33769939588000003,
        0.26159935488,
        0.27297985388,
        0.29773589588,
        0.32770114588,
        0.28143418688,
        0.33917027088,
        0.37821897888,
        0.39752539588,
        0.32481835388,
        0.29166872888,
        0.34515397888,
        0.34852847988,
        0.31192147988,
        0.34818102088,
        0.32014427088,
        0.34775285388,
        0.40144356188,
        0.26536206188,
        0.29174660388,
        0.34372343688,
        0.26326264588000003,
        0.26997922888000003,
        0.41510760488000004,
        0.26576668788,
        0.29039702088,
        0.34346085388,
        0.27386085388000003,
        0.34417677088000004,
        0.32580081188,
        0.39259943788,
        0.39963727088,
        0.34369806288,
        0.28307277088,
        0.31017106288,
        0.27797343788,
        0.35454343788000003,
        0.34842431188,
        0.32248310488000004,
        0.34765589588,
        0.26573022888000003,
        0.35007556288,
        0.33810631188,
        0.43146089588000003,
        0.32294193788000003,
        0.32650722988,
        0.30142172888,
        0.26734843788,
        0.35184418688,
        0.35287552088,
        0.32637493688,
        0.33901652088,
        0.26242039588,
        0.31321027088000003,
        0.33038464588,
        0.33437693688000003,
        0.26937952088,
        0.35367889588,
        0.40216281288,
        0.28590256288,
        0.32406497888,
        0.31827047888,
        0.34014522988,
        0.32021664588,
        0.26108668788,
        0.26992872988,
        0.29223910488,
        0.32882806288,
        0.31982197988,
        0.26492947988,
        0.34903539588,
        0.34017064588,
        0.32044847888,
        0.26996127088,
        0.34569972888,
        0.39323677088000003,
        0.29145381188,
        0.28461102088,
        0.32241518788,
        0.26353060488,
        0.27793710488,
        0.29706735388,
        0.27416027088,
        0.31876060488,
        0.29740035488,
        0.27741527088,
        0.35585056288,
        0.32277322888,
        0.32106739588,
        0.30689064588000003,
        0.34897364588,
        0.31649652088,
        0.34348389588,
        0.32490552088,
        0.34524968688,
        0.32126089588
      ],
      "exit_codes": [
        0,
        0,
        0,
        0,
        0,
        0,
        0,
        0,
        0,
        0,
        0,
        0,
        0,
        0,
        0,
        0,
        0,
        0,
        0,
        0,
        0,
        0,
        0,
        0,
        0,
        0,
        0,
        0,
        0,
        0,
        0,
        0,
        0,
        0,
        0,
        0,
        0,
        0,
        0,
        0,
        0,
        0,
        0,
        0,
        0,
        0,
        0,
        0,
        0,
        0,
        0,
        0,
        0,
        0,
        0,
        0,
        0,
        0,
        0,
        0,
        0,
        0,
        0,
        0,
        0,
        0,
        0,
        0,
        0,
        0,
        0,
        0,
        0,
        0,
        0,
        0,
        0,
        0,
        0,
        0,
        0,
        0,
        0,
        0,
        0,
        0,
        0,
        0,
        0,
        0,
        0,
        0,
        0,
        0,
        0,
        0,
        0,
        0,
        0,
        0
      ]
    },
    {
      "command": "cargo",
      "mean": 0.3026980504799999,
      "stddev": 0.010693448784111428,
      "median": 0.30204872938000005,
      "user": 0.13726205999999994,
      "system": 0.10714649999999998,
      "min": 0.27729489588,
      "max": 0.35956518688,
      "times": [
        0.29410422888,
        0.30584593688,
        0.30291593688,
        0.29481668688,
        0.28935360388000003,
        0.28905456288000003,
        0.29696931288,
        0.28797372988000003,
        0.32548727088,
        0.30574731288,
        0.30157277088,
        0.30574352088,
        0.31215231288,
        0.29751197888,
        0.30284481288000004,
        0.30323747888,
        0.30069885488000003,
        0.29481831288,
        0.30208785388000003,
        0.29681277088,
        0.28381281288,
        0.30061189588000004,
        0.28541477088,
        0.30241118788,
        0.31198156188000004,
        0.30030868688,
        0.30135272988,
        0.30130247888,
        0.29976389588,
        0.29966935488,
        0.29860427088,
        0.30498464588,
        0.29769889588000004,
        0.29291627088,
        0.30358481288,
        0.30391268788000003,
        0.29648193788,
        0.30898268688,
        0.29979481188,
        0.29873114588,
        0.30225952088,
        0.30460285488,
        0.30187431288,
        0.29733693788,
        0.31358706288,
        0.31300656188000003,
        0.30119089588000003,
        0.29089968688,
        0.29689385388,
        0.31016368788,
        0.35956518688,
        0.31522822888,
        0.31229947888000004,
        0.31321385488000003,
        0.30030793788,
        0.31438581188000003,
        0.30707597988,
        0.30901564588,
        0.30734922988,
        0.31133697988000003,
        0.29748272988,
        0.29373302088000003,
        0.27729489588,
        0.27923731288000003,
        0.31673510388000004,
        0.31421131288000004,
        0.31243397888,
        0.30754364588,
        0.30335406188,
        0.30608056288,
        0.29709647888,
        0.30938206188,
        0.30115668788,
        0.31257918788,
        0.30120435388,
        0.28463981288,
        0.30200960488,
        0.30732606288000003,
        0.31135314588,
        0.30317427088,
        0.30192206288,
        0.31343922988,
        0.30069331188000004,
        0.29722243788,
        0.29112989588,
        0.30394827088,
        0.30155172888000004,
        0.30334956188,
        0.29041827088,
        0.29141264588,
        0.30120993788,
        0.32434793788,
        0.30510289588,
        0.31370997888,
        0.28496047888000003,
        0.30855977088000003,
        0.31115727088,
        0.31449577088,
        0.28501439588,
        0.30446639588
      ],
      "exit_codes": [
        0,
        0,
        0,
        0,
        0,
        0,
        0,
        0,
        0,
        0,
        0,
        0,
        0,
        0,
        0,
        0,
        0,
        0,
        0,
        0,
        0,
        0,
        0,
        0,
        0,
        0,
        0,
        0,
        0,
        0,
        0,
        0,
        0,
        0,
        0,
        0,
        0,
        0,
        0,
        0,
        0,
        0,
        0,
        0,
        0,
        0,
        0,
        0,
        0,
        0,
        0,
        0,
        0,
        0,
        0,
        0,
        0,
        0,
        0,
        0,
        0,
        0,
        0,
        0,
        0,
        0,
        0,
        0,
        0,
        0,
        0,
        0,
        0,
        0,
        0,
        0,
        0,
        0,
        0,
        0,
        0,
        0,
        0,
        0,
        0,
        0,
        0,
        0,
        0,
        0,
        0,
        0,
        0,
        0,
        0,
        0,
        0,
        0,
        0,
        0
      ]
    }
  ]
}
