{
  "results": [
    {
      "command": "warp",
      "mean": 0.4660428766600001,
      "stddev": 0.005833383301832099,
      "median": 0.46573566832,
      "user": 0.48404529999999996,
      "system": 0.04283933,
      "min": 0.45367591832000004,
      "max": 0.48065446032000003,
      "times": [
        0.46197062632,
        0.45367591832000004,
        0.46123950132,
        0.45608896032,
        0.46337441832000004,
        0.46853183432,
        0.47036754332,
        0.45901041832,
        0.45489429332000003,
        0.46548625132000004,
        0.45616041832000004,
        0.46098741832,
        0.46067895932,
        0.46159929332,
        0.46793758532,
        0.45794900232,
        0.46571762632,
        0.47116525132000003,
        0.46622312732000004,
        0.46865987632,
        0.47287100232,
        0.46375604332000003,
        0.46575408432000004,
        0.46418775132,
        0.47114025132000004,
        0.46702116832,
        0.46183837632,
        0.45869545932,
        0.46319421032,
        0.46935029332,
        0.46393579332,
        0.46192654332,
        0.46388712632,
        0.45489271032,
        0.47032341832,
        0.47571346032,
        0.45869675132000004,
        0.46928083532000003,
        0.46916483432,
        0.46992920932000004,
        0.46533654332,
        0.47355887732,
        0.46747025232,
        0.46773229332,
        0.47801196032000004,
        0.46178675132,
        0.46202121032000004,
        0.46238800232,
        0.46386354332,
        0.46531937732,
        0.46224221032,
        0.47457791832,
        0.45986229332,
        0.46620329332,
        0.46009954332,
        0.45579579332000003,
        0.45822262632,
        0.46455283432,
        0.47153171032,
        0.47116896032,
        0.46840896032,
        0.46665937632000004,
        0.46347596032,
        0.46321162632,
        0.46312429332,
        0.47344154332,
        0.46612533432000003,
        0.47012300132,
        0.48065446032000003,
        0.47801800132,
        0.46304646032,
        0.46132550132,
        0.46628054332,
        0.46790504332,
        0.46357700232000004,
        0.46812791832,
        0.46500537632,
        0.46028787632,
        0.48029825132000004,
        0.47797137732,
        0.45813866832,
        0.46677946032,
        0.46568687732,
        0.46575371032,
        0.46659358432000003,
        0.46910779332,
        0.46925337632,
        0.47285979332,
        0.47455366832,
        0.46820450232,
        0.47674062632,
        0.46258741832,
        0.46914429332,
        0.46747825132000004,
        0.46692125132,
        0.46110758532,
        0.46321971032000003,
        0.47829787732,
        0.46548008532,
        0.47028758532000003
      ],
      "exit_codes": [
        0,
        0,
        0,
        0,
        0,
        0,
        0,
        0,
        0,
        0,
        0,
        0,
        0,
        0,
        0,
        0,
        0,
        0,
        0,
        0,
        0,
        0,
        0,
        0,
        0,
        0,
        0,
        0,
        0,
        0,
        0,
        0,
        0,
        0,
        0,
        0,
        0,
        0,
        0,
        0,
        0,
        0,
        0,
        0,
        0,
        0,
        0,
        0,
        0,
        0,
        0,
        0,
        0,
        0,
        0,
        0,
        0,
        0,
        0,
        0,
        0,
        0,
        0,
        0,
        0,
        0,
        0,
        0,
        0,
        0,
        0,
        0,
        0,
        0,
        0,
        0,
        0,
        0,
        0,
        0,
        0,
        0,
        0,
        0,
        0,
        0,
        0,
        0,
        0,
        0,
        0,
        0,
        0,
        0,
        0,
        0,
        0,
        0,
        0,
        0
      ]
    },
    {
      "command": "cargo",
      "mean": 0.37550102835999993,
      "stddev": 0.07057754209642067,
      "median": 0.34648683482,
      "user": 0.1554562,
      "system": 0.10805401000000003,
      "min": 0.29583346032,
      "max": 0.66963041832,
      "times": [
        0.30087821032,
        0.29583346032,
        0.42592100132,
        0.48630079332000004,
        0.40531662632000004,
        0.33947208532,
        0.33214937632,
        0.34627370932,
        0.33782900232,
        0.33653262632000003,
        0.36275421032,
        0.32845616832,
        0.33273608532,
        0.66963041832,
        0.55374496032,
        0.35246966832,
        0.43749158532000004,
        0.38877587732,
        0.30878554332,
        0.35272116832,
        0.39489737732,
        0.33895383532,
        0.33542983432,
        0.46615800132,
        0.35106033432,
        0.33140320932,
        0.35313958432000003,
        0.33244208532,
        0.33353762632,
        0.36848025132,
        0.31847920932,
        0.32847254332000003,
        0.37742779332000004,
        0.35001716832,
        0.33316333532000003,
        0.34368933432,
        0.33492929332,
        0.37641650132,
        0.52762208532,
        0.43882887632,
        0.38381650132,
        0.33744246032,
        0.32876321032,
        0.38695508532,
        0.47104537632000004,
        0.5192253773200001,
        0.30731758432,
        0.31707508532,
        0.39137446032,
        0.30568083532,
        0.47708304332,
        0.34973562632,
        0.44664400232,
        0.48726237732,
        0.32883829332000003,
        0.34569804332000004,
        0.37083233532,
        0.5066390013200001,
        0.39797629332,
        0.31513641832,
        0.53513100232,
        0.51608725132,
        0.34654996032,
        0.34557008532,
        0.32495241832,
        0.31867637732,
        0.40015304332,
        0.34230291832,
        0.32199271032,
        0.34642370932,
        0.34557800132,
        0.33518079332,
        0.34967191832,
        0.32569804332,
        0.32949666832,
        0.35777721032,
        0.33054429332,
        0.30970200232,
        0.52196675132,
        0.5155149183200001,
        0.40757066832,
        0.33407479332,
        0.33749546032,
        0.34031150232,
        0.33313908532000003,
        0.53394733532,
        0.35782483532000003,
        0.46466008432,
        0.36580483532,
        0.34707966832000003,
        0.32982962632,
        0.34749587632,
        0.30981633532,
        0.34881804332,
        0.38266241832000003,
        0.33819900132,
        0.32972641832,
        0.35198875232,
        0.34240400232,
        0.32512175132
      ],
      "exit_codes": [
        0,
        0,
        0,
        0,
        0,
        0,
        0,
        0,
        0,
        0,
        0,
        0,
        0,
        0,
        0,
        0,
        0,
        0,
        0,
        0,
        0,
        0,
        0,
        0,
        0,
        0,
        0,
        0,
        0,
        0,
        0,
        0,
        0,
        0,
        0,
        0,
        0,
        0,
        0,
        0,
        0,
        0,
        0,
        0,
        0,
        0,
        0,
        0,
        0,
        0,
        0,
        0,
        0,
        0,
        0,
        0,
        0,
        0,
        0,
        0,
        0,
        0,
        0,
        0,
        0,
        0,
        0,
        0,
        0,
        0,
        0,
        0,
        0,
        0,
        0,
        0,
        0,
        0,
        0,
        0,
        0,
        0,
        0,
        0,
        0,
        0,
        0,
        0,
        0,
        0,
        0,
        0,
        0,
        0,
        0,
        0,
        0,
        0,
        0,
        0
      ]
    }
  ]
}
