{
  "results": [
    {
      "command": "warp",
      "mean": 0.37987940220000005,
      "stddev": 0.047471010732054536,
      "median": 0.36801613592000004,
      "user": 0.39579531,
      "system": 0.03382790999999998,
      "min": 0.28123782342000003,
      "max": 0.57955174042,
      "times": [
        0.43071194842000005,
        0.34809715642000005,
        0.37051332342000004,
        0.36024011442000003,
        0.35541240642000005,
        0.36757861442,
        0.33870449042,
        0.45269128142000004,
        0.30206569842000003,
        0.34637994842000003,
        0.44514715742000005,
        0.42663698942000006,
        0.34597590642000003,
        0.28171965742000005,
        0.42972824042,
        0.37237444842,
        0.36759853142000004,
        0.28123782342000003,
        0.37064648942,
        0.35893982342,
        0.36133990742000005,
        0.36056611542000006,
        0.40052665742000004,
        0.42238778142000005,
        0.34858544842000005,
        0.36158486542,
        0.35860036442000004,
        0.36876015742,
        0.37435403142,
        0.36246349042000003,
        0.40728294842,
        0.29949082342,
        0.29830532342000005,
        0.53122686442,
        0.37475715642,
        0.41351503142,
        0.34149519842000003,
        0.38998686542000005,
        0.36197257342000005,
        0.36523411542,
        0.36651707342,
        0.39962365642000003,
        0.42731190642000005,
        0.42604178242,
        0.41325057342000004,
        0.33524849042000004,
        0.36248115642,
        0.34021278242,
        0.39233994842000003,
        0.40726436542000005,
        0.44102249042,
        0.32618003242000004,
        0.36857128242000003,
        0.35586849042,
        0.44150694842000004,
        0.43644273942000006,
        0.34945107342000004,
        0.34104540642000003,
        0.36628278142000004,
        0.39486344842000004,
        0.40199249042,
        0.42553078142000006,
        0.42524248942000004,
        0.38676169842,
        0.41644815742,
        0.37672253142,
        0.36843374042000004,
        0.40567478242000005,
        0.35079549042,
        0.36325674042,
        0.33885761542000004,
        0.42979707342,
        0.42840315642000004,
        0.35915165742000005,
        0.44110774042,
        0.44018799042,
        0.36437915642,
        0.34452494842000003,
        0.36352390642000004,
        0.34219390642,
        0.57955174042,
        0.33691840642000004,
        0.34681986542000004,
        0.36051374042,
        0.39546340642000005,
        0.33909465642000003,
        0.36959324042,
        0.28908636542000005,
        0.45752344842000003,
        0.40068382342000003,
        0.34257273942000005,
        0.36147440642,
        0.43420019842,
        0.36918061542,
        0.43366128242,
        0.42337340642000004,
        0.40985211542000005,
        0.33977644842000004,
        0.33690394842000004,
        0.34234811542000004
      ],
      "exit_codes": [
        0,
        0,
        0,
        0,
        0,
        0,
        0,
        0,
        0,
        0,
        0,
        0,
        0,
        0,
        0,
        0,
        0,
        0,
        0,
        0,
        0,
        0,
        0,
        0,
        0,
        0,
        0,
        0,
        0,
        0,
        0,
        0,
        0,
        0,
        0,
        0,
        0,
        0,
        0,
        0,
        0,
        0,
        0,
        0,
        0,
        0,
        0,
        0,
        0,
        0,
        0,
        0,
        0,
        0,
        0,
        0,
        0,
        0,
        0,
        0,
        0,
        0,
        0,
        0,
        0,
        0,
        0,
        0,
        0,
        0,
        0,
        0,
        0,
        0,
        0,
        0,
        0,
        0,
        0,
        0,
        0,
        0,
        0,
        0,
        0,
        0,
        0,
        0,
        0,
        0,
        0,
        0,
        0,
        0,
        0,
        0,
        0,
        0,
        0,
        0
      ]
    },
    {
      "command": "cargo",
      "mean": 0.32949880265000003,
      "stddev": 0.18831427150143545,
      "median": 0.30580061492,
      "user": 0.14138952,
      "system": 0.10918414000000003,
      "min": 0.28555540742,
      "max": 2.18128553242,
      "times": [
        0.31121969842,
        0.30266524042000004,
        0.31161007342,
        0.30373719842,
        0.30290611542,
        0.30358215642,
        0.30118407342000003,
        0.30154249042000003,
        0.30216994842,
        0.29795694842000003,
        0.30512190742,
        0.29992878142,
        0.30629023942,
        0.30583953142000003,
        0.29139786542,
        0.29219523942000003,
        0.30029936542,
        0.30087732342,
        0.30111619842000004,
        0.30774882342000004,
        0.30066098942,
        0.30863249042,
        0.29309074042000005,
        0.30190982342,
        0.30412732342000004,
        0.33037536542,
        0.31873240642,
        0.31840103142000004,
        0.33562982342000003,
        0.31070724042000003,
        0.30518244842000003,
        0.29896553142000004,
        0.29703544842,
        0.31094299042,
        0.30172565642000004,
        0.29921736542000005,
        0.36104424042000005,
        0.30602786542000004,
        0.30300336542,
        0.29836103242,
        0.31319474042,
        0.30695428142000003,
        0.30505082342,
        0.30442553142,
        0.31569836542,
        0.31514311542,
        0.30519465742,
        0.29626215642000003,
        0.31034294842000004,
        0.31518632342,
        2.18128553242,
        0.33712828142,
        0.31609032342000004,
        0.31020149042,
        0.31507711442,
        0.30803098942,
        0.30942203242000005,
        0.31366536542,
        0.33329228242000003,
        0.36953761542,
        0.31941244842000005,
        0.29701061542,
        0.32135694842,
        0.31729815642000003,
        0.31412740642000003,
        0.30559728242,
        0.30459549042,
        0.33971698942,
        0.30113236542000005,
        0.29726203142,
        0.30675019842,
        0.31127698942000004,
        0.30182519842000005,
        0.31086603242000005,
        0.28555540742,
        0.30180690742000005,
        0.32517723942000004,
        0.29504724042,
        0.29766032342000004,
        0.30576169842,
        0.30737898942,
        0.31806003242,
        0.47692115642000005,
        0.36479378242000005,
        0.31075994842000004,
        0.31332940642,
        0.29845711542000003,
        0.29687740742,
        0.30202799042,
        0.29673132342,
        0.30323232342,
        0.31810590642000003,
        0.30316507342000004,
        0.30713069842,
        0.31410478242,
        0.30343240642,
        0.30972978142,
        0.29106486542000004,
        0.30349824042,
        0.31749569842
      ],