{
  "results": [
    {
      "command": "warp",
      "mean": 0.2815914500999999,
      "stddev": 0.03197135714710075,
      "median": 0.26944766206000004,
      "user": 0.29378999999999983,
      "system": 0.030634610000000003,
      "min": 0.25219239056000003,
      "max": 0.37229609956000004,
      "times": [
        0.26361680756,
        0.27595209856,
        0.25846455756000003,
        0.27338905756000004,
        0.27500072456,
        0.29060301656000004,
        0.37229609956000004,
        0.27371872456,
        0.27243126656,
        0.28284714056000004,
        0.27885734956,
        0.36238130756000003,
        0.27996759856000003,
        0.26060884956,
        0.26451647456,
        0.28439076656,
        0.27492926656,
        0.26586118256,
        0.26904472456,
        0.26076901656,
        0.27056064156000004,
        0.26284609856,
        0.36555201556,
        0.26366234856000004,
        0.26462276656,
        0.26651601656,
        0.28876747456,
        0.26467018256,
        0.27658193256,
        0.27771447456000004,
        0.27894451656,
        0.26826914056,
        0.26419926656000003,
        0.26316322356,
        0.26308701656,
        0.26204572456,
        0.27183114056,
        0.26834172456,
        0.25686693256000004,
        0.26334126556000004,
        0.26220764056,
        0.26684559956000004,
        0.35788597356,
        0.26418601656,
        0.26169397456000004,
        0.25781034856,
        0.25624551556,
        0.27419772456,
        0.25891676656,
        0.28009084856,
        0.37208672456,
        0.36085668256000003,
        0.28012734956,
        0.26482976556000004,
        0.26956093256,
        0.26401501656000004,
        0.30191239056,
        0.27617722456,
        0.28685293256,
        0.28136589156,
        0.30047951556,
        0.35899155756,
        0.26191293256000003,
        0.26601084856,
        0.26239726556000004,
        0.26933439156,
        0.27830989056,
        0.28164072456,
        0.26407043256,
        0.36033018256000005,
        0.29004164156,
        0.26072618256,
        0.27122051556000004,
        0.25799939056000004,
        0.26360976556000004,
        0.27984705756,
        0.36030618256,
        0.25402222356000004,
        0.26386093256000004,
        0.28083839056000004,
        0.26207709856,
        0.26544726556000003,
        0.26723889056,
        0.27896822456000003,
        0.25779355756,
        0.28120643256,
        0.26149493256,
        0.26215405756000004,
        0.26453126556,
        0.26078239056,
        0.29460626656,
        0.36431659956,
        0.28960843256,
        0.28558622456,
        0.25838389056,
        0.36171464056,
        0.25219239056000003,
        0.25610647456,
        0.36009759856,
        0.28979309956000004
      ],
      "exit_codes": [
        0,
        0,
        0,
        0,
        0,
        0,
        0,
        0,
        0,
        0,
        0,
        0,
        0,
        0,
        0,
        0,
        0,
        0,
        0,
        0,
        0,
        0,
        0,
        0,
        0,
        0,
        0,
        0,
        0,
        0,
        0,
        0,
        0,
        0,
        0,
        0,
        0,
        0,
        0,
        0,
        0,
        0,
        0,
        0,
        0,
        0,
        0,
        0,
        0,
        0,
        0,
        0,
        0,
        0,
        0,
        0,
        0,
        0,
        0,
        0,
        0,
        0,
        0,
        0,
        0,
        0,
        0,
        0,
        0,
        0,
        0,
        0,
        0,
        0,
        0,
        0,
        0,
        0,
        0,
        0,
        0,
        0,
        0,
        0,
        0,
        0,
        0,
        0,
        0,
        0,
        0,
        0,
        0,
        0,
        0,
        0,
        0,
        0,
        0,
        0
      ]
    },
    {
      "command": "cargo",
      "mean": 0.30749540052000013,
      "stddev": 0.019052271721404442,
      "median": 0.30687759956000005,
      "user": 0.13790536,
      "system": 0.11053946999999999,
      "min": 0.26715522356000004,
      "max": 0.44020076656,
      "times": [
        0.28642205756,
        0.28055868256,
        0.29876914056000003,
        0.30406097456000003,
        0.30967851556000003,
        0.29763864156000003,
        0.29204789056,
        0.31629130756,
        0.31425068256,
        0.30840726556000003,
        0.30906559956,
        0.31447372456,
        0.30615151556000003,
        0.30953830756,
        0.31680068256000005,
        0.30789026656,
        0.31567109956,
        0.30718118256000004,
        0.30693143256,
        0.32860509956,
        0.29708576556,
        0.29115076556,
        0.28244884956,
        0.30682376656000004,
        0.30194080756,
        0.30772464056000004,
        0.31184343256,
        0.30368801556,
        0.30859268256,
        0.31829630756000005,
        0.31796239056000003,
        0.34116772456,
        0.31464868256,
        0.30028768256,
        0.31109664056,
        0.29718143256,
        0.32152901656000005,
        0.30083076656,
        0.32256205756,
        0.31938226556000004,
        0.31359714056000004,
        0.30146414156,
        0.30178147456000004,
        0.31407934956,
        0.31921405756000004,
        0.32088809956000003,
        0.31336868256,
        0.31095576656,
        0.30401889056000003,
        0.29783764056,
        0.44020076656,
        0.31405134956,
        0.30330564056000003,
        0.29130339056000004,
        0.29710339156000004,
        0.31412047456000003,
        0.30759409956,
        0.32567430756000004,
        0.29826768256,
        0.30892014156000003,
        0.32371959956,
        0.28688559856,
        0.28805389156,
        0.30627089156000004,
        0.31250243256000004,
        0.28516330756,
        0.28109905756000003,
        0.30990559956,
        0.30302893256,
        0.30171351656,
        0.30402068256000003,
        0.29477218256000004,
        0.30891889156,
        0.30151401556,
        0.29544343256,
        0.30897889056,
        0.30488522456,
        0.30292205756,
        0.30199159956000005,
        0.30856509856000003,
        0.29670393256,
        0.31779272356000005,
        0.30206030756,
        0.28946409856,
        0.29912076656000003,
        0.28592226656,
        0.34983214056,
        0.34228076556000003,
        0.31501076556,
        0.26715522356000004,
        0.28556309956000003,
        0.29984039056,
        0.31581801556,
        0.30712272456,
        0.34146839056,
        0.29836580756000003,
        0.29034305756,
        0.28803997356,
        0.30593359856,
        0.31692284956
      ],
      "exit_codes": [
        0,
        0,
        0,
        0,
        0,
        0,
        0,
        0,
        0,
        0,
        0,
        0,
        0,
        0,
        0,
        0,
        0,
        0,
        0,
        0,
        0,
        0,
        0,
        0,
        0,
        0,
        0,
        0,
        0,
        0,
        0,
        0,
        0,
        0,
        0,
        0,
        0,
        0,
        0,
        0,
        0,
        0,
        0,
        0,
        0,
        0,
        0,
        0,
        0,
        0,
        0,
        0,
        0,
        0,
        0,
        0,
        0,
        0,
        0,
        0,
        0,
        0,
        0,
        0,
        0,
        0,
        0,
        0,
        0,
        0,
        0,
        0,
        0,
        0,
        0,
        0,
        0,
        0,
        0,
        0,
        0,
        0,
        0,
        0,
        0,
        0,
        0,
        0,
        0,
        0,
        0,
        0,
        0,
        0,
        0,
        0,
        0,
        0,
        0,
        0
      ]
    }
  ]
}
