{
  "results": [
    {
      "command": "warp",
      "mean": 0.20364225663000007,
      "stddev": 0.009596685942201758,
      "median": 0.20219423479999998,
      "user": 0.21023325999999998,
      "system": 0.026632399999999997,
      "min": 0.1877197978,
      "max": 0.2368304638,
      "times": [
        0.1911637148,
        0.1974859218,
        0.2101305478,
        0.1916217968,
        0.1950262558,
        0.1980794228,
        0.1942493398,
        0.1981517138,
        0.1877197978,
        0.2024864638,
        0.2046415058,
        0.2029857558,
        0.1928428808,
        0.1926492558,
        0.1975384228,
        0.1970094638,
        0.1962829228,
        0.1955010478,
        0.1916252558,
        0.1945431308,
        0.1927843808,
        0.1914155058,
        0.2114843808,
        0.2071438388,
        0.1961382968,
        0.1913917558,
        0.1996805058,
        0.2028570478,
        0.2068973398,
        0.2065209638,
        0.2109447968,
        0.2022910888,
        0.2109322558,
        0.1981269638,
        0.2009072558,
        0.1941620468,
        0.1962196308,
        0.1999390468,
        0.1982530478,
        0.1997965898,
        0.1977351728,
        0.2056242558,
        0.1974041718,
        0.2043748808,
        0.1934658808,
        0.1954667148,
        0.1909332148,
        0.2016010058,
        0.2116738808,
        0.1934750478,
        0.1997370478,
        0.2001164218,
        0.1965804638,
        0.1995096308,
        0.2077104638,
        0.2110305468,
        0.2098304228,
        0.2137735058,
        0.2099471308,
        0.2071593808,
        0.2175083808,
        0.2360692148,
        0.2025722978,
        0.2023322968,
        0.2076109228,
        0.2223924228,
        0.1986475888,
        0.2143973388,
        0.2368304638,
        0.2311267968,
        0.2307039648,
        0.2016715468,
        0.2003002138,
        0.2094300478,
        0.2148262558,
        0.2071171308,
        0.2033336728,
        0.2176322978,
        0.2020973808,
        0.2241140468,
        0.2030752558,
        0.2115168808,
        0.2205037558,
        0.2075281308,
        0.2001995898,
        0.2005531308,
        0.2049031718,
        0.2032830478,
        0.2105552138,
        0.2053640478,
        0.2040206308,
        0.1995202558,
        0.2049118808,
        0.2011324228,
        0.2042787148,
        0.2075286718,
        0.1959562138,
        0.1989419648,
        0.1998698808,
        0.2030979228
      ],
      "exit_codes": [
        0,
        0,
        0,
        0,
        0,
        0,
        0,
        0,
        0,
        0,
        0,
        0,
        0,
        0,
        0,
        0,
        0,
        0,
        0,
        0,
        0,
        0,
        0,
        0,
        0,
        0,
        0,
        0,
        0,
        0,
        0,
        0,
        0,
        0,
        0,
        0,
        0,
        0,
        0,
        0,
        0,
        0,
        0,
        0,
        0,
        0,
        0,
        0,
        0,
        0,
        0,
        0,
        0,
        0,
        0,
        0,
        0,
        0,
        0,
        0,
        0,
        0,
        0,
        0,
        0,
        0,
        0,
        0,
        0,
        0,
        0,
        0,
        0,
        0,
        0,
        0,
        0,
        0,
        0,
        0,
        0,
        0,
        0,
        0,
        0,
        0,
        0,
        0,
        0,
        0,
        0,
        0,
        0,
        0,
        0,
        0,
        0,
        0,
        0,
        0
      ]
    },
    {
      "command": "cargo",
      "mean": 0.3678220383100001,
      "stddev": 0.08563099347242574,
      "median": 0.3292043183000001,
      "user": 0.15183619000000004,
      "system": 0.10736561000000004,
      "min": 0.28455175580000003,
      "max": 0.6925589228,
      "times": [
        0.31365025580000006,
        0.5575655898,
        0.5316982148,
        0.3017493808,
        0.3682403388,
        0.3172607148,
        0.36231200580000006,
        0.4941237978000001,
        0.33426713080000003,
        0.30216938080000005,
        0.3067815468,
        0.3231520888,
        0.3125915898,
        0.36865429780000003,
        0.31869954780000004,
        0.3499827978,
        0.3437915058,
        0.31010279780000005,
        0.3477202978,
        0.4973195888,
        0.3297606718,
        0.31843821380000004,
        0.3781299638,
        0.31741338080000003,
        0.3135998808,
        0.6532986718,
        0.4984820478,
        0.3465192978,
        0.46681733980000006,
        0.39622121480000005,
        0.31399200580000003,
        0.3250435468,
        0.40170642180000005,
        0.3029737558,
        0.32080283880000005,
        0.42037538080000003,
        0.32906958880000003,
        0.31762504780000006,
        0.3686955478,
        0.32933904780000006,
        0.31604100580000005,
        0.3744059228,
        0.28455175580000003,
        0.36087538080000003,
        0.35382438080000006,
        0.29430821380000005,
        0.39206483880000004,
        0.49277254680000004,
        0.33171058880000004,
        0.40717996380000004,
        0.5936515888,
        0.34359567280000003,
        0.3848596308,
        0.31992683980000003,
        0.3133030888,
        0.3193085888,
        0.2907849638,
        0.32684504680000004,
        0.5077655888,
        0.32722654780000004,
        0.31869463080000004,
        0.3701917148,
        0.3133087968,
        0.31145779780000005,
        0.2983814228,
        0.28828063080000005,
        0.36232808880000006,
        0.38473513080000005,
        0.32171996480000004,
        0.3220705058,
        0.48094429780000003,
        0.29319471480000003,
        0.3215605898,
        0.32577371480000006,
        0.3171584638,
        0.5287667967999999,
        0.48676892180000003,
        0.3357933388,
        0.6393378808,
        0.40602338080000006,
        0.5087347557999999,
        0.6925589228,
        0.34738529780000005,
        0.3257445888,
        0.3174895468,
        0.39615950580000003,
        0.31532308880000004,
        0.30546967280000004,
        0.41601863080000007,
        0.32572783880000006,
        0.29520654780000005,
        0.39037458880000003,
        0.31820629780000004,
        0.3118837138,
        0.3975106728,
        0.30163875580000005,
        0.3066107558,
        0.30081100580000003,
        0.3074365478,
        0.33028342280000006
      ],
      "exit_codes": [
        0,
        0,
        0,
        0,
        0,
        0,
        0,
        0,
        0,
        0,
        0,
        0,
        0,
        0,
        0,
        0,
        0,
        0,
        0,
        0,
        0,
        0,
        0,
        0,
        0,
        0,
        0,
        0,
        0,
        0,
        0,
        0,
        0,
        0,
        0,
        0,
        0,
        0,
        0,
        0,
        0,
        0,
        0,
        0,
        0,
        0,
        0,
        0,
        0,
        0,
        0,
        0,
        0,
        0,
        0,
        0,
        0,
        0,
        0,
        0,
        0,
        0,
        0,
        0,
        0,
        0,
        0,
        0,
        0,
        0,
        0,
        0,
        0,
        0,
        0,
        0,
        0,
        0,
        0,
        0,
        0,
        0,
        0,
        0,
        0,
        0,
        0,
        0,
        0,
        0,
        0,
        0,
        0,
        0,
        0,
        0,
        0,
        0,
        0,
        0
      ]
    }
  ]
}
