{
  "results": [
    {
      "command": "warp",
      "mean": 0.31588017334,
      "stddev": 0.0398398727988107,
      "median": 0.32081108982000006,
      "user": 0.32967241,
      "system": 0.03567412000000001,
      "min": 0.25074552632,
      "max": 0.48346236032000006,
      "times": [
        0.27792615232,
        0.25792827632000004,
        0.28564810932,
        0.31688615132000003,
        0.34181286032,
        0.33258490132,
        0.30734144332,
        0.31168881832,
        0.27734544332000005,
        0.25143294332000005,
        0.39032673532,
        0.31941344332000005,
        0.33620798532,
        0.39707919332,
        0.36313731832,
        0.25667948432000004,
        0.33638336032000005,
        0.25978036032,
        0.34454102632000005,
        0.25797023432000005,
        0.27749885932,
        0.34675477732000004,
        0.26219186032,
        0.34704510932000004,
        0.35549010932,
        0.32817169332,
        0.33811261032,
        0.30888065132000003,
        0.31677294332000006,
        0.25074552632,
        0.33503761032,
        0.32915361032,
        0.34036615132000003,
        0.28743340232000003,
        0.31867373432,
        0.28129940232,
        0.27294111032,
        0.35919631832000004,
        0.39146640232,
        0.31059636032000004,
        0.33548569332000006,
        0.38898856832000006,
        0.25932244332000004,
        0.36636981832000004,
        0.25653836032000005,
        0.33325215132,
        0.31160231832,
        0.35054765132000004,
        0.27690748532000004,
        0.34206056832000004,
        0.35559711032,
        0.27783452632000005,
        0.25980690132,
        0.33271269332000003,
        0.28542465132,
        0.34767915132000005,
        0.27972094332,
        0.29086065132000005,
        0.31892240132000005,
        0.28550277732,
        0.28181594332000004,
        0.34328269332000005,
        0.28004640232000005,
        0.33489048532000004,
        0.32145152732000004,
        0.26290119332,
        0.32804610932000006,
        0.34334035932,
        0.32158569332000003,
        0.48346236032000006,
        0.27831911032,
        0.31108094332,
        0.25303394332,
        0.33995073532000003,
        0.34219044332000004,
        0.28514344332,
        0.34414990132,
        0.33283194332000005,
        0.32017065232,
        0.34733769332000003,
        0.28818381832,
        0.35821740232000004,
        0.33542815232,
        0.32513981832000005,
        0.33933102632,
        0.33423585932000005,
        0.31904319332000003,
        0.36162790132000006,
        0.31746198532000003,
        0.28593415232,
        0.33939648532000005,
        0.28298156832000004,
        0.32476711032000005,
        0.28641790132,
        0.26247261032,
        0.26295856832000003,
        0.27105019332,
        0.33292752632000006,
        0.33737961032,
        0.33295152632
      ],
      "exit_codes": [
        0,
        0,
        0,
        0,
        0,
        0,
        0,
        0,
        0,
        0,
        0,
        0,
        0,
        0,
        0,
        0,
        0,
        0,
        0,
        0,
        0,
        0,
        0,
        0,
        0,
        0,
        0,
        0,
        0,
        0,
        0,
        0,
        0,
        0,
        0,
        0,
        0,
        0,
        0,
        0,
        0,
        0,
        0,
        0,
        0,
        0,
        0,
        0,
        0,
        0,
        0,
        0,
        0,
        0,
        0,
        0,
        0,
        0,
        0,
        0,
        0,
        0,
        0,
        0,
        0,
        0,
        0,
        0,
        0,
        0,
        0,
        0,
        0,
        0,
        0,
        0,
        0,
        0,
        0,
        0,
        0,
        0,
        0,
        0,
        0,
        0,
        0,
        0,
        0,
        0,
        0,
        0,
        0,
        0,
        0,
        0,
        0,
        0,
        0,
        0
      ]
    },
    {
      "command": "cargo",
      "mean": 0.2808608775300001,
      "stddev": 0.013716653046510137,
      "median": 0.28113461032,
      "user": 0.12317218999999996,
      "system": 0.09936720000000003,
      "min": 0.25237611032,
      "max": 0.33529931832000004,
      "times": [
        0.28747840232000005,
        0.31882769332000005,
        0.28382981832000004,
        0.28032261032000005,
        0.29156706832,
        0.27709936032000004,
        0.26250661032,
        0.25948227632000004,
        0.27541931832000005,
        0.25447110932,
        0.25237611032,
        0.28213481832000004,
        0.27277873532,
        0.28064961032,
        0.29018052632,
        0.27830511032000005,
        0.28016006832,
        0.28504102732000003,
        0.28105202732,
        0.29320844332,
        0.27222515232000005,
        0.26971631832000004,
        0.28719027732,
        0.29635040132,
        0.27856211032,
        0.29402427632000006,
        0.28062365132,
        0.28253731832,
        0.28627394332,
        0.28674686032,
        0.28510823532,
        0.27463977632000003,
        0.28821877632000004,
        0.28598990132,
        0.28732911032,
        0.28579998532,
        0.28178169332,
        0.30037656832000004,
        0.28520119332000005,
        0.29399406832,
        0.28121719332,
        0.28603919332000005,
        0.28877373532,
        0.28851823432,
        0.27622644332,
        0.27789727632000005,
        0.27285948432,
        0.25424306832000004,
        0.27114106832,
        0.27906894332000004,
        0.33529931832000004,
        0.26205431832000003,
        0.26238560932000005,
        0.26831623532000004,
        0.28094215132,
        0.27466361032000003,
        0.26618956832,
        0.25940781832000004,
        0.25609644332000003,
        0.28616694332000003,
        0.25695515232000005,
        0.27343285932,
        0.26811294332,
        0.28786531832,
        0.32759669332,
        0.28965515132,
        0.27609331832,
        0.25282465232,
        0.27645715232,
        0.29695111032000004,
        0.27204002732000004,
        0.27633065132,
        0.29745252632,
        0.28078085932,
        0.29036611032000004,
        0.27548160932000004,
        0.27012569332,
        0.28856681832000003,
        0.28514435932000004,
        0.29228935932000005,
        0.28356361032000005,
        0.28819465132000005,
        0.29197923532000003,
        0.27975152732,
        0.26607331832000003,
        0.26481811032,
        0.27914344332,
        0.28256615232000004,
        0.27531669332,
        0.29256481832000003,
        0.27252377732000005,
        0.28467323532000005,
        0.28487281832000005,
        0.26764944332,
        0.28221248532000004,
        0.27344269332000004,
        0.28911931832000004,
        0.29083556832,
        0.29451965132,
        0.29065781832000004
      ],