{
  "results": [
    {
      "command": "warp",
      "mean": 0.13475155076,
      "stddev": 0.004663480732163087,
      "median": 0.13454587628,
      "user": 0.13416040999999995,
      "system": 0.02478967,
      "min": 0.12129689778000002,
      "max": 0.14734764678,
      "times": [
        0.13015564678000002,
        0.13213652178000002,
        0.12528831378000002,
        0.12129689778000002,
        0.13290352278,
        0.12944956378000003,
        0.12663268978,
        0.12976306378000002,
        0.12982098078,
        0.12775043978,
        0.13306760578000001,
        0.13143193878,
        0.13119639678,
        0.13209093978,
        0.12946548078,
        0.13097435578000002,
        0.12816785578,
        0.13613064778,
        0.12741960578,
        0.12824652278,
        0.12880439678000002,
        0.13469006378,
        0.13093898078000002,
        0.13912006378000003,
        0.13038110578,
        0.12817106378,
        0.12951231478000003,
        0.13274706378,
        0.12977406478,
        0.13715443878000003,
        0.13208960578,
        0.13382968978,
        0.13118235578,
        0.13274652178000002,
        0.13127014678,
        0.13538356378000002,
        0.13272631378000002,
        0.13900148078000002,
        0.13174181478000002,
        0.12892089778000002,
        0.13334273078,
        0.13024793978000002,
        0.13099393878,
        0.13670202178000002,
        0.13351623078000002,
        0.13347498078,
        0.13335039778000002,
        0.13174889778,
        0.13862060578000002,
        0.13279581378000002,
        0.13593668978,
        0.13565714678000002,
        0.13371773078000002,
        0.13761281478,
        0.13525873078,
        0.13433789778000002,
        0.13247285578,
        0.13239439678,
        0.13530977278,
        0.13759010578000003,
        0.13646031478,
        0.13440168878,
        0.13664168978000002,
        0.13754218878000002,
        0.13672210578000002,
        0.13483731378000002,
        0.13680514778000002,
        0.13794439678,
        0.13866856378,
        0.14308773078,
        0.13414893878,
        0.13414656478,
        0.13734356378,
        0.14101085578000003,
        0.13192881378000001,
        0.13580568978000002,
        0.13897239778,
        0.13797498078,
        0.13651606378,
        0.14215081378000002,
        0.13732506378,
        0.13839702278000002,
        0.14060831378000002,
        0.13638810578000002,
        0.13681006378000002,
        0.14102360578,
        0.14045939778000002,
        0.14115431378,
        0.13714706478000002,
        0.14091764778000002,
        0.14655693878,
        0.14234623078000003,
        0.13628506378000002,
        0.13998598078000002,
        0.14350973078,
        0.14018893878000002,
        0.13705627278000002,
        0.13731793878,
        0.14734764678,
        0.14256327278
      ],
      "exit_codes": [
        0,
        0,
        0,
        0,
        0,
        0,
        0,
        0,
        0,
        0,
        0,
        0,
        0,
        0,
        0,
        0,
        0,
        0,
        0,
        0,
        0,
        0,
        0,
        0,
        0,
        0,
        0,
        0,
        0,
        0,
        0,
        0,
        0,
        0,
        0,
        0,
        0,
        0,
        0,
        0,
        0,
        0,
        0,
        0,
        0,
        0,
        0,
        0,
        0,
        0,
        0,
        0,
        0,
        0,
        0,
        0,
        0,
        0,
        0,
        0,
        0,
        0,
        0,
        0,
        0,
        0,
        0,
        0,
        0,
        0,
        0,
        0,
        0,
        0,
        0,
        0,
        0,
        0,
        0,
        0,
        0,
        0,
        0,
        0,
        0,
        0,
        0,
        0,
        0,
        0,
        0,
        0,
        0,
        0,
        0,
        0,
        0,
        0,
        0,
        0
      ]
    },
    {
      "command": "cargo",
      "mean": 0.4886199885900001,
      "stddev": 0.2036577994496493,
      "median": 0.42261531428000004,
      "user": 0.18740318000000009,
      "system": 0.09789954000000002,
      "min": 0.38519193978000005,
      "max": 1.16981256378,
      "times": [
        0.41686002178000003,
        0.41387393878,
        0.41770839678000005,
        0.41838418878000005,
        0.39581068878000003,
        0.40865302178,
        0.42925410578,
        0.40747231378000004,
        0.40628414778000005,
        0.41492914678000004,
        0.42178077278000004,
        0.41134077278000003,
        0.41076214778000003,
        0.42499506378,
        0.41658952278000005,
        0.40709639778,
        0.42588885578,
        0.41502356478,
        0.42008739678,
        0.42236302178,
        0.43198864678000004,
        0.40838227178000003,
        0.42327656478000003,
        0.40767773078,
        0.38519193978000005,
        0.42547468878000005,
        0.42120485578000005,
        0.41334277278000003,
        0.41917864678000005,
        0.40849131378000003,
        0.43123218978000005,
        0.41997531378,
        0.41926656378000005,
        0.41698085578000005,
        0.42987873078000005,
        0.41832914778,
        0.39420960578,
        0.41548402278,
        0.42788993878000003,
        0.43269523078000005,
        0.42814935578,
        0.41827514678000005,
        0.43969589678000004,
        0.42115323078000005,
        0.42233773078000003,
        0.43146914778,
        0.42740656378,
        0.44812768878000003,
        0.42573985578,
        0.43148310578000004,
        0.50199902178,
        0.42376789778,
        0.42133331378000005,
        0.42285573078000005,
        0.41523427178000005,
        0.42278585578000005,
        0.42194456478000003,
        0.42972431478,
        0.40494889678,
        0.39589481378,
        0.41886281378,
        0.40919289778,
        0.41991456378,
        0.41654031478000003,
        0.41692748078,
        0.43264110578000003,
        0.42704406378000004,
        0.42993706378,
        0.42821898078000004,
        0.42691314778000006,
        0.43290685578000004,
        0.41386464678,
        0.42694956378000004,
        0.42480835578000004,
        0.43342981378,
        0.42304381478,
        0.43301702178,
        0.42244477278000003,
        0.42667210578000003,
        0.42095718878000005,
        0.42834493878,
        0.41621610578,
        0.40426935578,
        0.42349852178,
        0.44295768878,
        0.43773031478,
        0.42126052278000004,
        0.41510081378,
        0.42517406378000006,
        0.43078802178000003,
        1.16981256378,
        1.10678927178,
        0.98449618878,
        0.98117164778,
        1.1292093137800001,
        1.1339999387800002,
        1.03293668978,
        1.11915410578,
        1.1422111057800002,
        1.1229561887800001
      ],