{
  "results": [
    {
      "command": "warp",
      "mean": 0.029943032829999997,
      "stddev": 0.0021127737920959002,
      "median": 0.029737287100000002,
      "user": 0.025070620000000012,
      "system": 0.01588177999999999,
      "min": 0.025215746100000002,
      "max": 0.0364050791,
      "times": [
        0.031700704100000004,
        0.028021745100000002,
        0.0364050791,
        0.0313432451,
        0.0311826621,
        0.031461037100000006,
        0.029679371100000004,
        0.031722162100000006,
        0.0282526211,
        0.031303662100000004,
        0.029608246100000006,
        0.026078371100000004,
        0.032122370100000006,
        0.029225204100000006,
        0.027202162100000003,
        0.026229079100000004,
        0.0304622451,
        0.025215746100000002,
        0.026504287100000003,
        0.030795913100000002,
        0.0290181631,
        0.0288436621,
        0.029012037100000006,
        0.027363370100000006,
        0.0306424951,
        0.030795162100000002,
        0.030874162100000005,
        0.027953121100000006,
        0.028849162100000006,
        0.028008371100000005,
        0.029262954100000002,
        0.030371370100000003,
        0.034076329100000004,
        0.035147870100000006,
        0.031083704100000005,
        0.035772954100000004,
        0.030353162100000004,
        0.0287666211,
        0.032367496100000004,
        0.031003538100000005,
        0.027212663100000006,
        0.031621329100000005,
        0.031882287100000004,
        0.0294963711,
        0.0318250381,
        0.029177871100000002,
        0.032171662100000005,
        0.028951663100000004,
        0.030070746100000004,
        0.031013954100000005,
        0.029584746100000003,
        0.030424288100000002,
        0.028412287100000003,
        0.029712370100000003,
        0.0266472461,
        0.0293651621,
        0.0275129131,
        0.0289442451,
        0.026755037100000004,
        0.030103495100000002,
        0.0271742461,
        0.0260316631,
        0.029805454100000003,
        0.028814454100000005,
        0.031543829100000004,
        0.026289954100000002,
        0.029413746100000006,
        0.028688412100000005,
        0.030095913100000003,
        0.0290918291,
        0.029051162100000007,
        0.0333911621,
        0.029703204100000005,
        0.030994038100000003,
        0.031051662100000002,
        0.0292295791,
        0.0301274131,
        0.0324294961,
        0.028003954100000006,
        0.0306009541,
        0.028459454100000003,
        0.031235370100000007,
        0.027476829100000003,
        0.029037579100000002,
        0.028598371100000006,
        0.029091621100000006,
        0.028399204100000006,
        0.0313672871,
        0.030075996100000002,
        0.0315094541,
        0.029735912100000005,
        0.035101787100000004,
        0.030662745100000006,
        0.031648537100000006,
        0.030064163100000006,
        0.0297386621,
        0.032001579100000004,
        0.0296652461,
        0.033625287100000005,
        0.030309079100000004
      ],
      "exit_codes": [
        0,
        0,
        0,
        0,
        0,
        0,
        0,
        0,
        0,
        0,
        0,
        0,
        0,
        0,
        0,
        0,
        0,
        0,
        0,
        0,
        0,
        0,
        0,
        0,
        0,
        0,
        0,
        0,
        0,
        0,
        0,
        0,
        0,
        0,
        0,
        0,
        0,
        0,
        0,
        0,
        0,
        0,
        0,
        0,
        0,
        0,
        0,
        0,
        0,
        0,
        0,
        0,
        0,
        0,
        0,
        0,
        0,
        0,
        0,
        0,
        0,
        0,
        0,
        0,
        0,
        0,
        0,
        0,
        0,
        0,
        0,
        0,
        0,
        0,
        0,
        0,
        0,
        0,
        0,
        0,
        0,
        0,
        0,
        0,
        0,
        0,
        0,
        0,
        0,
        0,
        0,
        0,
        0,
        0,
        0,
        0,
        0,
        0,
        0,
        0
      ]
    },
    {
      "command": "cargo",
      "mean": 1.0895334399399992,
      "stddev": 0.09982625072852933,
      "median": 1.0640903920999998,
      "user": 0.18994504999999998,
      "system": 0.09877832999999998,
      "min": 0.9683679131,
      "max": 1.8314120371,
      "times": [
        1.1223253291,
        1.0561782870999998,
        1.1076082460999999,
        1.1417080371,
        1.0986852041,
        1.0442915381,
        1.0294260371,
        1.0253447041,
        1.1434142460999999,
        1.0213314540999998,
        1.0656773710999998,
        1.1403249541,
        1.1447023290999998,
        1.0490241620999998,
        1.0625034131,
        1.0283891210999998,
        1.1787188710999998,
        1.0270967870999999,
        1.0086880791,
        1.1221077450999999,
        1.0365252871,
        1.1526929541,
        1.1367332041,
        1.0768037461,
        1.0396550790999999,
        0.9693706211,
        1.1228355791,
        1.1012236630999999,
        1.0518582041,
        1.0616408291,
        1.0419282461,
        1.0432578710999998,
        1.0783801211,
        1.1578492460999998,
        1.0833583291,
        1.0274967461,
        1.0845554120999998,
        1.0197420790999998,
        1.0025487881,
        1.0170940371,
        1.0767059541,
        1.0360912881,
        1.0484956621,
        1.0767972461,
        1.0500082040999998,
        1.0763969120999999,
        1.1502419541,
        1.2172818290999998,
        1.0423464540999998,
        1.0119153290999998,
        1.0746948290999998,
        0.9867554121000001,
        0.9744755381000001,
        1.0121180370999998,
        1.1140043291,
        1.0122522881,
        1.0448686620999998,
        1.0497938291,
        1.0512198701,
        1.0454458291,
        1.1532717040999998,
        1.1452195380999999,
        1.0358200371,
        1.0450872460999998,
        1.0494237881,
        1.1538709121,
        0.9683679131,
        1.1373977451,
        1.0586240791,
        1.1586046201,
        1.0772102871,
        1.0902189540999998,
        1.0472073291,
        1.0485283700999999,
        1.1104408711,
        1.1542191200999998,
        1.0811773700999998,
        1.1429942451,
        1.1069467040999998,
        1.0575489950999999,
        1.1426857880999999,
        1.0463834130999998,
        1.0500594951,
        1.1536446201,
        1.0475358710999998,
        1.0585271631,
        1.0616078701,
        1.1655539131,
        1.1156215791,
        1.8314120371,
        1.1594202460999998,
        1.1441114960999998,
        1.1493640791,
        1.0906034121,
        1.4733437871,
        1.0667376621,
        1.0588590790999999,
        1.0270117461,
        1.0569710791,
        1.1567044120999999
      ],