{
  "results": [
    {
      "command": "warp",
      "mean": 0.22853872378999993,
      "stddev": 0.0061471369635128625,
      "median": 0.22709556404000003,
      "user": 0.23693183000000004,
      "system": 0.029802729999999986,
      "min": 0.21589535654000003,
      "max": 0.24453227254,
      "times": [
        0.22223977254000002,
        0.22488073054000002,
        0.22791968954000003,
        0.22085989754000002,
        0.21990935554000002,
        0.22677614754000003,
        0.22320177254,
        0.22518473154000002,
        0.22519493954000003,
        0.21589535654000003,
        0.23646039754000003,
        0.22372860554000001,
        0.24453227254,
        0.23032443954,
        0.21753489754000002,
        0.22793068954,
        0.22296793954000002,
        0.23366343954000002,
        0.22333148054000002,
        0.22720893854000002,
        0.22177968854000002,
        0.22551839754000003,
        0.24257652254000003,
        0.22493356454000002,
        0.22973764754000003,
        0.22468252254,
        0.23544602254000002,
        0.22328852254000003,
        0.22942056454,
        0.23295473154000002,
        0.21788702254000003,
        0.22251039754000002,
        0.23047310554000003,
        0.22607581354000003,
        0.22500573054000003,
        0.23806423054000003,
        0.22536402254000001,
        0.22734681454000003,
        0.23224814754000003,
        0.22601477254000002,
        0.22424252254000002,
        0.22466868954000002,
        0.22364214754000003,
        0.22784323154000002,
        0.23203064754000002,
        0.23535993954000003,
        0.22317918854000002,
        0.22669135554000003,
        0.22840843954000004,
        0.22719873054000003,
        0.22448864754000003,
        0.22822539754,
        0.22052331454000001,
        0.22681198054,
        0.22306085654000002,
        0.22943831354000002,
        0.23826614754000003,
        0.23830223054000002,
        0.23144660554000002,
        0.23100923154000003,
        0.23310906454000002,
        0.22578181454000001,
        0.22287873154,
        0.22376714754000002,
        0.22321710554000002,
        0.24336614754000002,
        0.22408502254,
        0.23101510554000002,
        0.22696756354000003,
        0.22296285554000003,
        0.23268018954000003,
        0.23085881454,
        0.24293673054000003,
        0.22256673054000004,
        0.22381668854000003,
        0.23991348154000003,
        0.23299614754000003,
        0.22623389754000003,
        0.23089614754,
        0.22774452254000002,
        0.23350802254000003,
        0.22493381454000003,
        0.23405310554000003,
        0.22697510554000003,
        0.24077648054000003,
        0.22907639754000003,
        0.23078402254000002,
        0.22918281454000003,
        0.24086660554000003,
        0.22766706354000002,
        0.22699239754000003,
        0.22480043854000004,
        0.24355685654000003,
        0.23695414754000002,
        0.22102843954,
        0.23147427254000003,
        0.23230839754000002,
        0.22648960654000003,
        0.22543156354000002,
        0.23330756454
      ],
      "exit_codes": [
        0,
        0,
        0,
        0,
        0,
        0,
        0,
        0,
        0,
        0,
        0,
        0,
        0,
        0,
        0,
        0,
        0,
        0,
        0,
        0,
        0,
        0,
        0,
        0,
        0,
        0,
        0,
        0,
        0,
        0,
        0,
        0,
        0,
        0,
        0,
        0,
        0,
        0,
        0,
        0,
        0,
        0,
        0,
        0,
        0,
        0,
        0,
        0,
        0,
        0,
        0,
        0,
        0,
        0,
        0,
        0,
        0,
        0,
        0,
        0,
        0,
        0,
        0,
        0,
        0,
        0,
        0,
        0,
        0,
        0,
        0,
        0,
        0,
        0,
        0,
        0,
        0,
        0,
        0,
        0,
        0,
        0,
        0,
        0,
        0,
        0,
        0,
        0,
        0,
        0,
        0,
        0,
        0,
        0,
        0,
        0,
        0,
        0,
        0,
        0
      ]
    },
    {
      "command": "cargo",
      "mean": 0.3654551738400001,
      "stddev": 0.07214363913698076,
      "median": 0.33779702254,
      "user": 0.16366059,
      "system": 0.10933675000000002,
      "min": 0.29863360654,
      "max": 0.73978139754,
      "times": [
        0.34416210654,
        0.37498673054,
        0.31844898054,
        0.32987468954,
        0.38016010554,
        0.30085052254,
        0.34474256454,
        0.36561693954,
        0.33002923154,
        0.33851835554,
        0.36539835554,
        0.31394981354,
        0.38043260554,
        0.35654573054,
        0.30685560554,
        0.52939556454,
        0.55112802254,
        0.33902710554,
        0.46676473054,
        0.32991410554,
        0.30964898154,
        0.37519827254,
        0.31081448154,
        0.31780452254,
        0.32863964754,
        0.31819039754,
        0.31622510554,
        0.37381164754,
        0.33181048154,
        0.31745927254,
        0.35304802254,
        0.33160318954,
        0.34669735654,
        0.50511035654,
        0.33328460554,
        0.32367481354,
        0.39903156454,
        0.33116856454,
        0.30584231354,
        0.38748014754,
        0.31908364754,
        0.40064614754,
        0.45552998054,
        0.37457577254,
        0.50121043954,
        0.5068647725400001,
        0.40766968954,
        0.29923964754,
        0.34930681454,
        0.39787123054,
        0.36501281354,
        0.33365198054,
        0.32320031454,
        0.30176856454,
        0.34988214754,
        0.50315477254,
        0.52291068954,
        0.39500689754,
        0.32989939754000003,
        0.32080268954,
        0.37435252254,
        0.32616268954,
        0.32767756454,
        0.73978139754,
        0.52282427254,
        0.32072577254,
        0.30315798054,
        0.32907243954,
        0.37224610654,
        0.32774727254,
        0.32300527254,
        0.37812431454,
        0.31367606354,
        0.31903589754,
        0.36565010554,
        0.29863360654,
        0.32936818954,
        0.31827164754,
        0.32178156454,
        0.32155439754,
        0.38781535654,
        0.36204727254,
        0.33015806454,
        0.32606768954,
        0.31529985554,
        0.33366802254,
        0.39523931454,
        0.33164985554,
        0.52201856354,
        0.5238014815400001,
        0.34760268854,
        0.33707568954,
        0.32733468954,
        0.30372131454,
        0.37312768854,
        0.33126681454,
        0.34151810654,
        0.39535152254,
        0.33992764754,
        0.34734264754
      ],