{
  "results": [
    {
      "command": "warp",
      "mean": 0.22244063419000007,
      "stddev": 0.014416341606275888,
      "median": 0.21934243086000002,
      "user": 0.22348054999999992,
      "system": 0.02950602,
      "min": 0.20332774336000004,
      "max": 0.30763836836,
      "times": [
        0.21145120136000004,
        0.20692999336000004,
        0.20918099336,
        0.20743416036000004,
        0.20618682636000002,
        0.20531457736000003,
        0.30763836836,
        0.20332774336000004,
        0.21162490936000003,
        0.21205245136000003,
        0.20778041036000003,
        0.21303395136000003,
        0.20839516036000003,
        0.21038695136000002,
        0.21035295136,
        0.21093528536000003,
        0.20984395136000003,
        0.20752170136000003,
        0.21386436836000003,
        0.21578703436000002,
        0.21104832636000004,
        0.21328353536000003,
        0.20690961836000002,
        0.21183182736000003,
        0.20886128436000004,
        0.21298441036000001,
        0.21717320136,
        0.20952703536000003,
        0.21692199336000004,
        0.21560078536000002,
        0.20947445136000004,
        0.21244574336000002,
        0.21653516036000003,
        0.21635241036000002,
        0.21574482636000003,
        0.21235653536000001,
        0.21405682636000004,
        0.21476857636000002,
        0.21555624336000004,
        0.21571224336000003,
        0.22240640936000003,
        0.21605211836000002,
        0.21680486836,
        0.21161099336000003,
        0.21775166036000002,
        0.21903845236000002,
        0.22830807636000003,
        0.21479116036,
        0.21978165936000002,
        0.22535382636000004,
        0.21462749336000003,
        0.21730241036000003,
        0.21955653536000003,
        0.21573111836000003,
        0.22151966036000004,
        0.22411741036000002,
        0.22350957636000002,
        0.21796599336000003,
        0.22299728436000002,
        0.22401416036000002,
        0.21912832636000001,
        0.22512320236000002,
        0.22744032636000003,
        0.22990211836000002,
        0.22290490936000001,
        0.22477278536000003,
        0.22533603436000002,
        0.22941666036000002,
        0.22537486836000004,
        0.22322899336000002,
        0.23337211836000002,
        0.22064657736,
        0.22183407736000002,
        0.22602349336000002,
        0.23183882736000003,
        0.22671316036000003,
        0.22640632636000002,
        0.22971691036000003,
        0.22542811836,
        0.23533795136000002,
        0.23545061836000003,
        0.23443666036000002,
        0.22667978536000002,
        0.22216036836000003,
        0.22959928436000002,
        0.23499532636000003,
        0.24773432736,
        0.23761436836000002,
        0.23592891036000002,
        0.24662903436,
        0.23591057636,
        0.24783949336000005,
        0.23592566036000004,
        0.23291241036000002,
        0.23479886836000002,
        0.23288120136,
        0.24375786836000002,
        0.23964586836000001,
        0.23771161836000002,
        0.27207649336
      ],
      "exit_codes": [
        0,
        0,
        0,
        0,
        0,
        0,
        0,
        0,
        0,
        0,
        0,
        0,
        0,
        0,
        0,
        0,
        0,
        0,
        0,
        0,
        0,
        0,
        0,
        0,
        0,
        0,
        0,
        0,
        0,
        0,
        0,
        0,
        0,
        0,
        0,
        0,
        0,
        0,
        0,
        0,
        0,
        0,
        0,
        0,
        0,
        0,
        0,
        0,
        0,
        0,
        0,
        0,
        0,
        0,
        0,
        0,
        0,
        0,
        0,
        0,
        0,
        0,
        0,
        0,
        0,
        0,
        0,
        0,
        0,
        0,
        0,
        0,
        0,
        0,
        0,
        0,
        0,
        0,
        0,
        0,
        0,
        0,
        0,
        0,
        0,
        0,
        0,
        0,
        0,
        0,
        0,
        0,
        0,
        0,
        0,
        0,
        0,
        0,
        0,
        0
      ]
    },
    {
      "command": "cargo",
      "mean": 1.13141451051,
      "stddev": 0.05748911839565136,
      "median": 1.14628593036,
      "user": 0.19721444999999996,
      "system": 0.10609848999999998,
      "min": 0.92989566036,
      "max": 1.20889791036,
      "times": [
        1.1323801603599999,
        1.0589955353599998,
        1.12427995136,
        1.14698132636,
        1.1508422023599998,
        1.14970911836,
        0.92989566036,
        1.15152949336,
        1.1158796603599999,
        1.1472548273599998,
        1.1370584933599999,
        1.12894670236,
        1.1382382013599999,
        1.01975457636,
        1.01940886836,
        1.1102437433599999,
        1.1594643683599999,
        1.1894329933599999,
        1.1782918273599998,
        1.14269370236,
        1.1257627023599999,
        1.1379807013599998,
        1.0090993683599998,
        1.13511807636,
        0.9821398263600001,
        1.05086528536,
        1.03354211836,
        1.1818919933599998,
        1.1832756603599999,
        1.02488857636,
        1.0572585343599998,
        1.0931684933599999,
        1.1692736183599999,
        1.07953361836,
        1.07071670236,
        1.08271182636,
        1.05834820236,
        1.1596831183599998,
        1.14750603536,
        1.0198856593599999,
        1.18317741036,
        1.12701632636,
        1.12720457736,
        1.1907159103599998,
        1.1586230763599998,
        1.0446854933599998,
        1.0402852433599998,
        1.1576776603599999,
        1.20889791036,
        1.1800768263599999,
        1.19561036836,
        1.16801945136,
        1.1188096593599999,
        1.17634453536,
        1.0230762433599998,
        1.1414843263599999,
        1.1631332853599998,
        1.0899856183599999,
        1.15003453436,
        1.1277585773599998,
        1.15210636836,
        1.14559053436,
        1.14872399336,
        1.14875857736,
        1.13953861836,
        1.15681086836,
        1.2033264093599998,
        1.16053824336,
        1.11081836836,
        1.1613445353599998,
        1.1774405343599998,
        1.16216824336,
        1.1695415353599998,
        1.1284891183599999,
        1.1809284523599999,
        1.17189861836,
        1.13966232736,
        1.14466053536,
        1.18736811836,
        1.0729840763599998,
        1.1730421603599999,
        1.20802803536,
        1.19762528536,
        1.08323449336,
        1.19593003536,
        1.13228295236,
        1.14049970136,
        1.1784346183599999,
        1.2065274933599999,
        1.18333199336,
        1.14365253536,
        1.19048611836,
        1.1829013683599998,
        1.16949653536,
        1.18495670136,
        1.2052742433599999,
        1.10898361836,
        1.1783088683599998,
        1.0180127023599999,
        1.0911949513599999
      ],