{
  "results": [
    {
      "command": "warp",
      "mean": 0.028579660439999998,
      "stddev": 0.002803250993270687,
      "median": 0.02816394904,
      "user": 0.02492767,
      "system": 0.015338220000000003,
      "min": 0.02310776104,
      "max": 0.03574192804,
      "times": [
        0.025654386040000005,
        0.03118609504,
        0.034342137040000005,
        0.023418012040000002,
        0.029493012040000002,
        0.03145455304,
        0.03117813604,
        0.023550512040000002,
        0.02356217804,
        0.02484513704,
        0.02310776104,
        0.03574192804,
        0.02483584504,
        0.03203697004,
        0.030288137040000003,
        0.02522559504,
        0.02939972004,
        0.02880613604,
        0.02562938704,
        0.02503113704,
        0.02609105404,
        0.02807909504,
        0.027611970040000003,
        0.029760637040000003,
        0.026768303040000004,
        0.02749401204,
        0.03027942904,
        0.026986095039999998,
        0.026960012040000002,
        0.03075088604,
        0.03229872004,
        0.02902238604,
        0.02700213704,
        0.027953429039999998,
        0.02662113604,
        0.03245459504,
        0.030439803040000005,
        0.02947084504,
        0.03057255304,
        0.02637888704,
        0.031537345040000005,
        0.03123851204,
        0.025481178040000003,
        0.034706011040000005,
        0.026647178040000004,
        0.029256178040000004,
        0.029932553040000004,
        0.029929720040000003,
        0.026403928040000003,
        0.03056788704,
        0.025922053040000004,
        0.02790984504,
        0.03111217804,
        0.02435026104,
        0.03001076104,
        0.03565380304,
        0.026197679039999998,
        0.02461042804,
        0.03444984504,
        0.029493262040000003,
        0.02801534504,
        0.027646928040000004,
        0.03102117904,
        0.02570192904,
        0.027934345040000003,
        0.03318538704,
        0.028378011039999998,
        0.028040887040000004,
        0.02732130304,
        0.02824880304,
        0.02969492804,
        0.02759751204,
        0.029107012039999998,
        0.03378888604,
        0.026670470039999998,
        0.02492630404,
        0.02869459504,
        0.026931678040000004,
        0.027227053040000004,
        0.026462303040000003,
        0.03282255404,
        0.02537234504,
        0.02587526204,
        0.02968401204,
        0.02953305304,
        0.02717713604,
        0.03041097004,
        0.028313178040000005,
        0.028335512040000004,
        0.028032553039999998,
        0.03216922004,
        0.02833388704,
        0.027822804040000003,
        0.02830976204,
        0.033143970040000005,
        0.02688067904,
        0.02633072004,
        0.027586595040000002,
        0.02797413704,
        0.030069470040000004
      ],
      "exit_codes": [
        0,
        0,
        0,
        0,
        0,
        0,
        0,
        0,
        0,
        0,
        0,
        0,
        0,
        0,
        0,
        0,
        0,
        0,
        0,
        0,
        0,
        0,
        0,
        0,
        0,
        0,
        0,
        0,
        0,
        0,
        0,
        0,
        0,
        0,
        0,
        0,
        0,
        0,
        0,
        0,
        0,
        0,
        0,
        0,
        0,
        0,
        0,
        0,
        0,
        0,
        0,
        0,
        0,
        0,
        0,
        0,
        0,
        0,
        0,
        0,
        0,
        0,
        0,
        0,
        0,
        0,
        0,
        0,
        0,
        0,
        0,
        0,
        0,
        0,
        0,
        0,
        0,
        0,
        0,
        0,
        0,
        0,
        0,
        0,
        0,
        0,
        0,
        0,
        0,
        0,
        0,
        0,
        0,
        0,
        0,
        0,
        0,
        0,
        0,
        0
      ]
    },
    {
      "command": "cargo",
      "mean": 0.50475005381,
      "stddev": 0.1338831449610404,
      "median": 0.5066112825400001,
      "user": 0.18845452000000004,
      "system": 0.09998588999999995,
      "min": 0.37440159504000003,
      "max": 1.29110467804,
      "times": [
        0.38528413704000003,
        0.6977289280400001,
        0.43943334504000003,
        0.5075343860400001,
        0.39080867904,
        0.5262435110400001,
        0.41428376204,
        0.38792963604,
        0.40315097004,
        0.45279667804,
        0.5464916790400001,
        0.38309572004000003,
        0.49827563704000005,
        0.39435976204,
        0.42795434504,
        0.41500392804,
        0.43342009504,
        0.5270345120400001,
        0.5083207620400001,
        0.59015788704,
        0.6604443030400001,
        0.43458663704,
        0.43315305304,
        0.47380584504,
        0.5125180950400001,
        0.50792930404,
        0.38120476204000003,
        0.54219755404,
        0.51668347004,
        0.5057090120400001,
        0.40151305304,
        0.43754905304,
        0.41978817904,
        0.42182901204,
        0.5271075120400001,
        0.49759801104000007,
        0.52004038604,
        0.40756113604,
        0.7097617620400001,
        0.6333011370400001,
        0.38356580404,
        0.43112851204,
        0.5246418030400001,
        0.40113388704,
        0.52135826204,
        0.5081590540400001,
        0.51604872004,
        0.37440159504000003,
        0.38697280404,
        0.39364267804,
        0.55108551104,
        0.48864176104,
        0.5115251780400001,
        0.5128283450400001,
        0.38530605404,
        0.5180589700400001,
        0.72766872004,
        0.7165370110400001,
        0.41116792804,
        0.39721509504,
        0.45465180304,
        0.5311678870400001,
        0.5061468870400001,
        0.5555076370400001,
        0.49065355304,
        0.5136588030400001,
        0.39960380404,
        0.5249227620400001,
        0.5041674700400001,
        0.5236356780400001,
        0.5292804280400001,
        0.60125505304,
        0.43735663604,
        1.2167616370399998,
        0.42341526204,
        0.42118284504000003,
        0.49222009504,
        0.5229465120400001,
        0.5280867200400001,
        0.5025271370400001,
        0.5290285530400001,
        1.29110467804,
        0.44697172004,
        0.43758401204,
        0.39601359504,
        0.5230220120400001,
        0.52283684504,
        0.5169608450400001,
        0.5117933450400001,
        0.7293416790400001,
        0.43385763704,
        0.5070756780400001,
        0.41442255304000003,
        0.50028905304,
        0.5203478450400001,
        0.51682342804,
        0.5143621370400001,
        0.5177564280400001,
        0.51872309504,
        0.5128643030400001
      ],