{
  "results": [
    {
      "command": "warp",
      "mean": 0.030152194140000012,
      "stddev": 0.002413770063703915,
      "median": 0.03003979944,
      "user": 0.025371140000000004,
      "system": 0.016546569999999997,
      "min": 0.024100779440000004,
      "max": 0.03858769644,
      "times": [
        0.03200190344,
        0.030201612440000004,
        0.03154652944,
        0.031396945440000004,
        0.026200487440000003,
        0.03388440344,
        0.027215862440000002,
        0.03035269544,
        0.033580112440000004,
        0.029526321440000003,
        0.030546821440000003,
        0.028189862440000005,
        0.03026640444,
        0.032341987440000004,
        0.030110403440000003,
        0.03513015444,
        0.03858769644,
        0.02938998744,
        0.02704136244,
        0.030200112440000003,
        0.02916415344,
        0.030949320440000004,
        0.03077177944,
        0.03242323744,
        0.03013536244,
        0.02699415444,
        0.03054311244,
        0.029935570440000003,
        0.02839357144,
        0.026659320440000002,
        0.031221195440000002,
        0.03259419644,
        0.027813362440000003,
        0.03157773744,
        0.030162279440000002,
        0.03246982044,
        0.02710544644,
        0.028738987440000002,
        0.02489373744,
        0.02908473744,
        0.02964911244,
        0.026078820440000004,
        0.029128779440000002,
        0.034082154440000005,
        0.02667073744,
        0.02994765344,
        0.031230737440000003,
        0.027012487440000003,
        0.028130820440000003,
        0.029355154440000003,
        0.030442862440000003,
        0.03044757144,
        0.033658654440000005,
        0.029439695440000004,
        0.03198640344,
        0.03037219644,
        0.02869519544,
        0.028698945439999998,
        0.03210161244,
        0.03133511244,
        0.03157636244,
        0.026402528440000003,
        0.02917169544,
        0.03158344544,
        0.02972015444,
        0.02931944644,
        0.02843040344,
        0.031221404440000003,
        0.029319362440000003,
        0.03130623744,
        0.02941707044,
        0.03347527944,
        0.02838215444,
        0.03047227944,
        0.02892298744,
        0.02925077944,
        0.030319362440000004,
        0.03362044544,
        0.02910315444,
        0.029551695440000005,
        0.02716386244,
        0.028366487440000004,
        0.02785444544,
        0.03175319544,
        0.032433279440000004,
        0.02961877944,
        0.03338782144,
        0.024100779440000004,
        0.02996919544,
        0.034918071440000004,
        0.03271015344,
        0.03278136244,
        0.026500237440000005,
        0.033471446440000004,
        0.02805986244,
        0.03519307044,
        0.028969237440000004,
        0.02896207144,
        0.031379571440000004,
        0.02925277944
      ],
      "exit_codes": [
        0,
        0,
        0,
        0,
        0,
        0,
        0,
        0,
        0,
        0,
        0,
        0,
        0,
        0,
        0,
        0,
        0,
        0,
        0,
        0,
        0,
        0,
        0,
        0,
        0,
        0,
        0,
        0,
        0,
        0,
        0,
        0,
        0,
        0,
        0,
        0,
        0,
        0,
        0,
        0,
        0,
        0,
        0,
        0,
        0,
        0,
        0,
        0,
        0,
        0,
        0,
        0,
        0,
        0,
        0,
        0,
        0,
        0,
        0,
        0,
        0,
        0,
        0,
        0,
        0,
        0,
        0,
        0,
        0,
        0,
        0,
        0,
        0,
        0,
        0,
        0,
        0,
        0,
        0,
        0,
        0,
        0,
        0,
        0,
        0,
        0,
        0,
        0,
        0,
        0,
        0,
        0,
        0,
        0,
        0,
        0,
        0,
        0,
        0,
        0
      ]
    },
    {
      "command": "cargo",
      "mean": 0.49008358872999996,
      "stddev": 0.10730721452961628,
      "median": 0.4924455709400001,
      "user": 0.1882858800000001,
      "system": 0.09943159,
      "min": 0.38504286244,
      "max": 1.12329907144,
      "times": [
        0.41263286244,
        0.45556027944000005,
        0.52032307044,
        0.39040252944000003,
        0.51612044644,
        0.39268736244,
        0.42844036244000006,
        0.39717015444000003,
        0.48985494644000005,
        0.57155165444,
        0.64490102844,
        0.43158519544,
        0.41852919644000003,
        0.50737277844,
        0.50049898744,
        0.4991252374400001,
        0.40952794544000004,
        0.52595107044,
        0.51025540444,
        0.50958136244,
        0.51083736244,
        0.52380219644,
        0.41804369544000003,
        0.42850723744,
        0.39838036244,
        0.43244161244000007,
        0.52917286244,
        0.56826636244,
        0.91026619544,
        0.57663707044,
        0.51616986244,
        0.50921544544,
        0.40581482044000006,
        0.52286986244,
        0.49865936244000003,
        0.52045644644,
        0.39068252944000004,
        0.45034065344,
        0.42007415444,
        0.40354057044,
        0.54388365444,
        0.49503619544000005,
        0.52710202944,
        0.39785111244000004,
        0.50857882144,
        0.83321823744,
        0.60758786244,
        0.42811319644000007,
        0.42511432044,
        0.41013211244000003,
        0.58247177944,
        0.47612173744,
        0.53052486244,
        0.47331061244000006,
        0.5291380704399999,
        0.41657444544000005,
        0.50076561244,
        0.49945794544000005,
        0.53218698744,
        0.39491690444000005,
        0.39399211244000004,
        0.41486777844000006,
        0.44821519644,
        1.12329907144,
        0.43393544544000007,
        0.40123598744000005,
        0.51600761244,
        0.39374477944,
        0.39287436244,
        0.41214857144000006,
        0.47302390444000003,
        0.50911557144,
        0.40758290444000006,
        0.51355457044,
        0.40189882144000005,
        0.41728965444000005,
        0.40436969544000007,
        0.42731194644000003,
        0.56224315444,
        0.48841469544000005,
        0.51287315444,
        0.59718186244,
        0.69990194544,
        0.42596202844000003,
        0.40485115344000006,
        0.44956232044000005,
        0.54582398744,
        0.38504286244,
        0.50495023744,
        0.39408544544,
        0.39467194644000003,
        0.43792898744000003,
        0.43926886244,
        0.52940582044,
        0.51536398744,
        0.51375757144,
        0.52612936244,
        0.50986657144,
        0.50952648744,
        0.59874140344
      ],