{
  "results": [
    {
      "command": "warp",
      "mean": 0.22231854995000006,
      "stddev": 0.008368979159786877,
      "median": 0.22260999875999998,
      "user": 0.22384269,
      "system": 0.030618479999999983,
      "min": 0.20188910326,
      "max": 0.23798122826,
      "times": [
        0.20798477026,
        0.21356622826,
        0.20718631226,
        0.20709906126,
        0.20188910326,
        0.21438572826,
        0.20677785326,
        0.21145139526,
        0.21232864526,
        0.20936252026,
        0.20647464526,
        0.21690385326,
        0.20716656126,
        0.21481793626,
        0.20925152026,
        0.21491943726,
        0.21504464526,
        0.21256285326000002,
        0.21818889426000002,
        0.21526993726000002,
        0.21367985326,
        0.21333901926,
        0.21847422826000001,
        0.22202452026,
        0.21739914526,
        0.21972247826,
        0.21940718626,
        0.21513797826,
        0.21272410326,
        0.21814989526,
        0.21239306226000002,
        0.21801822826,
        0.22160868626,
        0.21645947826,
        0.21581481126000002,
        0.21937835326,
        0.21720647826,
        0.21916072826,
        0.21458581126,
        0.22287697826,
        0.22271118626,
        0.22282847826000002,
        0.21919285326000001,
        0.21962822826,
        0.21895893626000001,
        0.21928027026,
        0.21950922826,
        0.22455081126,
        0.22361385326,
        0.22250881126,
        0.21829135326000002,
        0.21964560326000002,
        0.22369647826,
        0.22524143726,
        0.22590918626,
        0.21785868626000002,
        0.22156889426,
        0.22719614526,
        0.22725510326,
        0.22552622826000002,
        0.22148064526,
        0.22418414426,
        0.22438760326,
        0.22709318626,
        0.22534872826,
        0.23211085326,
        0.22645677026,
        0.22638543726000002,
        0.22994039526,
        0.22571197826,
        0.22895606126,
        0.22993481126,
        0.22544731126,
        0.22837672826,
        0.22905681126,
        0.23123964526000002,
        0.23530631226,
        0.23118972826,
        0.22655247826,
        0.22763731126,
        0.22780343626,
        0.23251481226,
        0.23471660326000002,
        0.23226927026,
        0.23003239526,
        0.23560310326,
        0.23399585326,
        0.23232514426,
        0.22927568726,
        0.23229839526,
        0.23300431126,
        0.23556056126,
        0.23190014526,
        0.23485868726,
        0.23462052026,
        0.23243018626,
        0.23798122826,
        0.23764489426000002,
        0.22848856126,
        0.23256956226
      ],
      "exit_codes": [
        0,
        0,
        0,
        0,
        0,
        0,
        0,
        0,
        0,
        0,
        0,
        0,
        0,
        0,
        0,
        0,
        0,
        0,
        0,
        0,
        0,
        0,
        0,
        0,
        0,
        0,
        0,
        0,
        0,
        0,
        0,
        0,
        0,
        0,
        0,
        0,
        0,
        0,
        0,
        0,
        0,
        0,
        0,
        0,
        0,
        0,
        0,
        0,
        0,
        0,
        0,
        0,
        0,
        0,
        0,
        0,
        0,
        0,
        0,
        0,
        0,
        0,
        0,
        0,
        0,
        0,
        0,
        0,
        0,
        0,
        0,
        0,
        0,
        0,
        0,
        0,
        0,
        0,
        0,
        0,
        0,
        0,
        0,
        0,
        0,
        0,
        0,
        0,
        0,
        0,
        0,
        0,
        0,
        0,
        0,
        0,
        0,
        0,
        0,
        0
      ]
    },
    {
      "command": "cargo",
      "mean": 0.49625572156999986,
      "stddev": 0.10498494052075633,
      "median": 0.4957391862600001,
      "user": 0.18657611000000002,
      "system": 0.1026154,
      "min": 0.39189635326000005,
      "max": 1.11547760326,
      "times": [
        0.39365372826000006,
        0.48931568626000005,
        0.39741285326000003,
        0.40706951926000007,
        0.39848635326000004,
        0.47772035326000006,
        0.50278110326,
        0.59546597826,
        0.85583593626,
        0.51004410326,
        0.41220601926000006,
        0.41874377026000004,
        0.40468089426000003,
        0.44476676926000003,
        0.50397106126,
        0.40517352026000003,
        0.53704177026,
        0.51522089526,
        0.50531460326,
        0.51233135326,
        0.5375090192599999,
        0.49831752026000004,
        0.53874872826,
        0.51824960326,
        0.50359977026,
        0.7313486032600001,
        0.4761854782600001,
        0.47393393726000005,
        0.51793035326,
        0.39825901926000007,
        0.50913281126,
        0.39694610326,
        0.42143860326000004,
        0.39412581226000004,
        0.46386827026000005,
        0.53906939526,
        0.50226672826,
        0.53824856126,
        0.48322652026000007,
        0.53671556126,
        0.42788881226000003,
        0.48916702026000003,
        0.52746872826,
        0.71208197826,
        0.58158710326,
        0.39506139526000006,
        0.50436702026,
        0.49247106226000004,
        0.41658976926,
        0.51257539526,
        0.65524514526,
        0.53093152026,
        0.4945575192600001,
        0.51992885326,
        0.41257260326000006,
        0.4958886862600001,
        0.39189635326000005,
        0.40057856126,
        0.40755014526000005,
        0.48078010326000004,
        0.51680676926,
        0.71873022826,
        0.58588785326,
        0.42196897826000007,
        0.40497964426000005,
        0.46575776926000007,
        0.53146622826,
        0.4997009782600001,
        0.52233064526,
        0.41136597826000004,
        0.49558968626000005,
        0.40293314426000004,
        0.44016260326000006,
        0.44172393626000006,
        0.43097464426000004,
        0.4955693112600001,
        0.5092387282599999,
        0.52370393626,
        0.51311993626,
        1.11547760326,
        0.44002993726000006,
        0.5158852282599999,
        0.52934060326,
        0.40262493626000007,
        0.50180081226,
        0.39518043626000005,
        0.44167722826000005,
        0.42609402026000004,
        0.40542664526000005,
        0.54659143726,
        0.49735818626,
        0.52157397826,
        0.40880277026000006,
        0.50446581126,
        0.39938947826000004,
        0.40571414526000005,
        0.40744160326000006,
        0.65251802026,
        0.71719689526,
        0.54342693626
      ],
      "exit_codes": [
        0,
        0,
        0,
        0,
        0,
        0,
        0,
        0,
        0,
        0,
        0,
        0,
        0,
        0,
        0,
        0,
        0,
        0,
        0,
        0,
        0,
        0,
        0,
        0,
        0,
        0,
        0,
        0,
        0,
        0,
        0,
        0,
        0,
        0,
        0,
        0,
        0,
        0,
        0,
        0,
        0,
        0,
        0,
        0,
        0,
        0,
        0,
        0,
        0,
        0,
        0,
        0,
        0,
        0,
        0,
        0,
        0,
        0,
        0,
        0,
        0,
        0,
        0,
        0,
        0,
        0,
        0,
        0,
        0,
        0,
        0,
        0,
        0,
        0,
        0,
        0,
        0,
        0,
        0,
        0,
        0,
        0,
        0,
        0,
        0,
        0,
        0,
        0,
        0,
        0,
        0,
        0,
        0,
        0,
        0,
        0,
        0,
        0,
        0,
        0
      ]
    }
  ]
}
