{
  "results": [
    {
      "command": "warp",
      "mean": 0.030267144970000007,
      "stddev": 0.002477864396516297,
      "median": 0.030143531640000006,
      "user": 0.024840149999999995,
      "system": 0.01626076,
      "min": 0.025194969140000006,
      "max": 0.03865551114,
      "times": [
        0.02672967714,
        0.025194969140000006,
        0.02562780214,
        0.025664178140000004,
        0.030338552140000006,
        0.029693969140000002,
        0.03330513614,
        0.030949553140000006,
        0.026846302140000004,
        0.03434209414,
        0.02951996914,
        0.02918571914,
        0.029649719140000006,
        0.03381638614,
        0.030768302140000005,
        0.031191594140000004,
        0.029099261140000002,
        0.02995021914,
        0.03164696914000001,
        0.030941011140000006,
        0.03216463614000001,
        0.028233011140000003,
        0.031868053140000005,
        0.02848651114,
        0.028586427140000006,
        0.02651217714,
        0.028065219140000004,
        0.028744761140000002,
        0.027768052140000003,
        0.028225261140000003,
        0.030074427140000002,
        0.03167971914000001,
        0.029444094140000005,
        0.03026921914,
        0.027684177140000005,
        0.031592344140000006,
        0.027952594140000005,
        0.028065219140000004,
        0.02758505214,
        0.027666594140000004,
        0.02834105214,
        0.02699142714,
        0.028819386140000004,
        0.02793517714,
        0.030360094140000005,
        0.03041605214,
        0.031956510140000005,
        0.030466969140000005,
        0.035694969140000005,
        0.035076136140000005,
        0.02829355214,
        0.030785011140000002,
        0.03141976114,
        0.03185576014000001,
        0.03315042714000001,
        0.032902302140000006,
        0.02764601114,
        0.02676805314,
        0.03047617714,
        0.030151844140000005,
        0.030004094140000003,
        0.03250405214,
        0.03701063514,
        0.027366344140000002,
        0.029569844140000006,
        0.02921317714,
        0.03112167814,
        0.031127885140000002,
        0.030369719140000005,
        0.03179138614,
        0.03127484414000001,
        0.030445469140000004,
        0.029559094140000002,
        0.02898546914,
        0.027690636140000006,
        0.03152067814000001,
        0.03563776014,
        0.030057553140000002,
        0.02778605214,
        0.03139826014000001,
        0.02898392814,
        0.03009780214,
        0.03262217714,
        0.030485886140000005,
        0.03865551114,
        0.02916888514,
        0.028625969140000002,
        0.03187517714,
        0.02800280214,
        0.029571719140000004,
        0.03146963614000001,
        0.03484259414,
        0.031467635140000005,
        0.031604053140000005,
        0.03545151114,
        0.030135219140000006,
        0.029012385140000003,
        0.03125042814000001,
        0.031244261140000004,
        0.03307667814000001
      ],
      "exit_codes": [
        0,
        0,
        0,
        0,
        0,
        0,
        0,
        0,
        0,
        0,
        0,
        0,
        0,
        0,
        0,
        0,
        0,
        0,
        0,
        0,
        0,
        0,
        0,
        0,
        0,
        0,
        0,
        0,
        0,
        0,
        0,
        0,
        0,
        0,
        0,
        0,
        0,
        0,
        0,
        0,
        0,
        0,
        0,
        0,
        0,
        0,
        0,
        0,
        0,
        0,
        0,
        0,
        0,
        0,
        0,
        0,
        0,
        0,
        0,
        0,
        0,
        0,
        0,
        0,
        0,
        0,
        0,
        0,
        0,
        0,
        0,
        0,
        0,
        0,
        0,
        0,
        0,
        0,
        0,
        0,
        0,
        0,
        0,
        0,
        0,
        0,
        0,
        0,
        0,
        0,
        0,
        0,
        0,
        0,
        0,
        0,
        0,
        0,
        0,
        0
      ]
    },
    {
      "command": "cargo",
      "mean": 0.37961649869000014,
      "stddev": 0.07407748212382177,
      "median": 0.35071290714000003,
      "user": 0.18610078000000002,
      "system": 0.09912965999999995,
      "min": 0.30898238514,
      "max": 0.73316763614,
      "times": [
        0.48151305314,
        0.38469434414,
        0.41065355214,
        0.33824230214,
        0.31876921914,
        0.35332034414,
        0.34388521914,
        0.30898238514,
        0.36777055214,
        0.34907046914,
        0.32111409414,
        0.36371809414,
        0.33033534414,
        0.5308473851400001,
        0.37551688514,
        0.44997492714,
        0.36750126014,
        0.32024188514,
        0.32092026114,
        0.50258038514,
        0.5319474281400001,
        0.39515567714,
        0.34547005214,
        0.33939105214,
        0.33827305314,
        0.33701201114,
        0.33865180314,
        0.34619455214,
        0.33457680214,
        0.33311634414,
        0.36743976114,
        0.32464451014,
        0.33768434414,
        0.36149546914,
        0.35066142814,
        0.34476617714,
        0.6734604691400001,
        0.44536651114000003,
        0.38295509414,
        0.5049987611400001,
        0.39491434414,
        0.33858955314,
        0.32835226114,
        0.35175242714,
        0.34380517714,
        0.32835346914,
        0.36352917714,
        0.33195863514,
        0.32906288614,
        0.36747646914,
        0.34297713613999997,
        0.31645013614,
        0.36542755214,
        0.33984009414,
        0.33967709414,
        0.35165771914,
        0.31663813613999997,
        0.32811559414,
        0.48587434414,
        0.36364380213999997,
        0.36282913614,
        0.52893180214,
        0.34575559414,
        0.34787888614,
        0.31981951014,
        0.33016663613999997,
        0.49953238614,
        0.51744001114,
        0.40564692714,
        0.34243630214,
        0.33609130214,
        0.33031067714,
        0.35300401014,
        0.34858342714,
        0.34929771914,
        0.35212846914,
        0.33692726014,
        0.42958996914,
        0.35285296914,
        0.34819767714,
        0.35157334414,
        0.5071731771400001,
        0.73316763614,
        0.5257831771400001,
        0.38393880314,
        0.43821571914,
        0.38575351114,
        0.35304446914,
        0.34958084414,
        0.42250355214,
        0.34960076114,
        0.33755717714,
        0.36592605214,
        0.48559267814,
        0.39445451114,
        0.34523942813999997,
        0.35076438614,
        0.35471605314,
        0.34137930214,
        0.34725534414
      ],
      "exit_codes": [
        0,
        0,
        0,
        0,
        0,
        0,
        0,
        0,
        0,
        0,
        0,
        0,
        0,
        0,
        0,
        0,
        0,
        0,
        0,
        0,
        0,
        0,
        0,
        0,
        0,
        0,
        0,
        0,
        0,
        0,
        0,
        0,
        0,
        0,
        0,
        0,
        0,
        0,
        0,
        0,
        0,
        0,
        0,
        0,
        0,
        0,
        0,
        0,
        0,
        0,
        0,
        0,
        0,
        0,
        0,
        0,
        0,
        0,
        0,
        0,
        0,
        0,
        0,
        0,
        0,
        0,
        0,
        0,
        0,
        0,
        0,
        0,
        0,
        0,
        0,
        0,
        0,
        0,
        0,
        0,
        0,
        0,
        0,
        0,
        0,
        0,
        0,
        0,
        0,
        0,
        0,
        0,
        0,
        0,
        0,
        0,
        0,
        0,
        0,
        0
      ]
    }
  ]
}
