{
  "results": [
    {
      "command": "warp",
      "mean": 0.22999581116999995,
      "stddev": 0.008803548689109814,
      "median": 0.22849831274,
      "user": 0.23094235000000002,
      "system": 0.02891390999999999,
      "min": 0.21299435374,
      "max": 0.24758947874000004,
      "times": [
        0.21808581274000002,
        0.21857060374,
        0.22393968674,
        0.21299435374,
        0.21620764574,
        0.21904772974,
        0.22075168774,
        0.21872652074,
        0.22153610374000002,
        0.21994977074000002,
        0.21698272874000002,
        0.22588735374000002,
        0.21537943674,
        0.22502006174,
        0.22467739574,
        0.22137856274,
        0.22115627074000002,
        0.21497752074,
        0.21958135474,
        0.22348564574000002,
        0.22373860374,
        0.23173243774000002,
        0.22155981274,
        0.21600968774,
        0.22675152074000002,
        0.22096843674000002,
        0.22793797974000002,
        0.22018031274000002,
        0.22337552074,
        0.22881639574,
        0.22145047874,
        0.22821485474,
        0.22245497974,
        0.22475227074,
        0.22844381274,
        0.22855281274,
        0.23023510474,
        0.22472960374,
        0.22597885374,
        0.22504702074000002,
        0.23066031174,
        0.22529452074,
        0.22276939574000001,
        0.22535818774000002,
        0.22677656274000002,
        0.22551989574,
        0.22264618774,
        0.22291647874,
        0.22077218774000001,
        0.22716643774,
        0.22664452074000002,
        0.23324110474,
        0.22729560374000002,
        0.23202385474,
        0.22228864574,
        0.22551035374,
        0.22719897874,
        0.24597418774000002,
        0.23142093774,
        0.23439285374000002,
        0.23385914574000002,
        0.24226206274,
        0.23289539574,
        0.23005243674,
        0.23693431174000001,
        0.22952031274,
        0.23934443674,
        0.23206185374000002,
        0.23077085474,
        0.23797843774000002,
        0.23458564574000002,
        0.23491318774,
        0.23217547974000002,
        0.23939010474000003,
        0.23944110474000002,
        0.23051814574,
        0.23596668774000001,
        0.23733818674,
        0.23592772974,
        0.23592981274000002,
        0.24065818674,
        0.24183147874000002,
        0.23946902074,
        0.24199493674,
        0.23670664574000003,
        0.23950197874,
        0.24421006174,
        0.24435727074000002,
        0.24065243674,
        0.24758947874000004,
        0.23608527074000002,
        0.23935139574,
        0.24240281174,
        0.24491060374,
        0.24495697974000002,
        0.23959139574000002,
        0.24454281174,
        0.24358993774,
        0.24311835474000001,
        0.24705677074
      ],
      "exit_codes": [
        0,
        0,
        0,
        0,
        0,
        0,
        0,
        0,
        0,
        0,
        0,
        0,
        0,
        0,
        0,
        0,
        0,
        0,
        0,
        0,
        0,
        0,
        0,
        0,
        0,
        0,
        0,
        0,
        0,
        0,
        0,
        0,
        0,
        0,
        0,
        0,
        0,
        0,
        0,
        0,
        0,
        0,
        0,
        0,
        0,
        0,
        0,
        0,
        0,
        0,
        0,
        0,
        0,
        0,
        0,
        0,
        0,
        0,
        0,
        0,
        0,
        0,
        0,
        0,
        0,
        0,
        0,
        0,
        0,
        0,
        0,
        0,
        0,
        0,
        0,
        0,
        0,
        0,
        0,
        0,
        0,
        0,
        0,
        0,
        0,
        0,
        0,
        0,
        0,
        0,
        0,
        0,
        0,
        0,
        0,
        0,
        0,
        0,
        0,
        0
      ]
    },
    {
      "command": "cargo",
      "mean": 0.5190902661700002,
      "stddev": 0.11010870108325033,
      "median": 0.5126681667400002,
      "user": 0.18751766999999997,
      "system": 0.10666582999999993,
      "min": 0.39598710474000004,
      "max": 1.11236056274,
      "times": [
        0.53516014574,
        0.5133931037400001,
        0.52432152074,
        0.5081921877400001,
        0.5292012297400001,
        0.49557997874,
        0.5172291457400001,
        0.5299725207400001,
        0.5385100207400001,
        0.5163253547400001,
        0.5172072297400001,
        0.5882278127400001,
        0.8357598957400001,
        0.5135641457400001,
        0.5152308957400001,
        0.5191773537400001,
        0.5199414787400001,
        0.5133580627400001,
        0.42107927074,
        0.45587172974,
        0.42730206274000004,
        0.42432385374000003,
        0.47431706274,
        0.40914202074,
        0.5622150627400001,
        0.46645902074,
        0.5178287707400001,
        0.5307135617400001,
        0.5134771457400001,
        0.8704415207400001,
        0.43595277074000005,
        0.45265497974,
        0.43888593774,
        0.5283261877400001,
        0.5120652707400001,
        0.5087796047400001,
        0.5347508537400001,
        0.53126222974,
        0.5026681457400001,
        0.5227708537400001,
        0.5283753537400001,
        0.49432910374000005,
        0.5439538957400001,
        0.5105631037400001,
        0.54623077074,
        0.50511522874,
        1.10769102074,
        0.44008381274,
        0.49814739574000005,
        0.5355230207400001,
        0.5910662287400001,
        0.47419427074000003,
        0.49304872874000005,
        0.5272815207400001,
        0.5104861037400001,
        0.5143003127400001,
        0.40216085374000005,
        0.5081048957400001,
        0.39598710474000004,
        0.41392789574000005,
        0.42636968674000003,
        0.47085406274,
        0.5261248537400001,
        0.7042307707400001,
        0.5604776457400001,
        0.47355531274,
        0.43650189574000003,
        0.43996706174,
        0.46563360374,
        0.41941610474,
        0.48022827074,
        0.43301956274000003,
        0.43601406174,
        0.41683168774,
        0.48399243774,
        0.44627114574000004,
        0.5528529787400001,
        0.49387168674000004,
        0.49920214574000005,
        0.5621775617400001,
        0.5046224787400001,
        1.11236056274,
        0.45460160374,
        0.49555202074,
        0.51020747874,
        0.42325185474000004,
        0.6398868127400001,
        0.55505460374,
        0.5170045627400001,
        0.5289561037400001,
        0.46693406174,
        0.5132710627400001,
        0.51514343774,
        0.5352647287400001,
        0.5292743957400001,
        0.5225832707400001,
        0.5004067287400001,
        0.5180963957400001,
        0.52522572974,
        0.50152556274
      ],