{
  "results": [
    {
      "command": "warp",
      "mean": 0.42202143118999996,
      "stddev": 0.021725456485048523,
      "median": 0.4173395670000001,
      "user": 0.4341352699999998,
      "system": 0.04031188,
      "min": 0.39889098400000006,
      "max": 0.577043358,
      "times": [
        0.40343640000000003,
        0.430705025,
        0.39976706600000006,
        0.41359760900000003,
        0.42223740000000004,
        0.40654890000000005,
        0.42025052500000004,
        0.40168202500000005,
        0.39889098400000006,
        0.41493052500000005,
        0.42005973300000005,
        0.40647198300000004,
        0.41273015,
        0.41520260800000003,
        0.41262365000000006,
        0.40166965000000004,
        0.406175192,
        0.40245715000000004,
        0.413224817,
        0.40281665000000005,
        0.43785002500000003,
        0.41423515000000005,
        0.41081923300000006,
        0.42909298300000004,
        0.422891942,
        0.415462692,
        0.43376865000000003,
        0.46403656600000004,
        0.42365331700000003,
        0.45668606700000003,
        0.45717069200000005,
        0.43258323300000007,
        0.41795810800000005,
        0.42978365,
        0.43006006700000005,
        0.431983025,
        0.42354931700000004,
        0.41710410900000006,
        0.41472119100000004,
        0.4078704,
        0.44835631600000003,
        0.47187381600000006,
        0.431346775,
        0.4098569,
        0.43700252500000003,
        0.44741235800000007,
        0.43231277500000004,
        0.44636206600000006,
        0.43573798300000005,
        0.420756942,
        0.412850317,
        0.42379398300000004,
        0.42840106600000005,
        0.41781844200000007,
        0.40920906700000004,
        0.40554648400000004,
        0.412655692,
        0.40837785900000007,
        0.41364569100000004,
        0.41234019200000005,
        0.41757502500000004,
        0.40942710800000004,
        0.41058277500000007,
        0.40950348300000006,
        0.406434567,
        0.40021235800000005,
        0.415293858,
        0.41961648300000004,
        0.41877277500000004,
        0.40817640000000005,
        0.40755494100000006,
        0.408740317,
        0.412082066,
        0.45535094200000004,
        0.42698331700000003,
        0.44798523300000004,
        0.43290323300000005,
        0.421439983,
        0.43365856700000005,
        0.41858231600000007,
        0.577043358,
        0.43983610800000006,
        0.418571817,
        0.41434365000000006,
        0.42435494100000004,
        0.41462306600000004,
        0.41007698400000003,
        0.406471817,
        0.40974477500000006,
        0.42116315000000004,
        0.41877548300000006,
        0.406429525,
        0.43404169100000006,
        0.447601108,
        0.40543760900000003,
        0.41207277500000006,
        0.41911590000000004,
        0.41635994100000007,
        0.40316290000000005,
        0.41962506600000005
      ],
      "exit_codes": [
        0,
        0,
        0,
        0,
        0,
        0,
        0,
        0,
        0,
        0,
        0,
        0,
        0,
        0,
        0,
        0,
        0,
        0,
        0,
        0,
        0,
        0,
        0,
        0,
        0,
        0,
        0,
        0,
        0,
        0,
        0,
        0,
        0,
        0,
        0,
        0,
        0,
        0,
        0,
        0,
        0,
        0,
        0,
        0,
        0,
        0,
        0,
        0,
        0,
        0,
        0,
        0,
        0,
        0,
        0,
        0,
        0,
        0,
        0,
        0,
        0,
        0,
        0,
        0,
        0,
        0,
        0,
        0,
        0,
        0,
        0,
        0,
        0,
        0,
        0,
        0,
        0,
        0,
        0,
        0,
        0,
        0,
        0,
        0,
        0,
        0,
        0,
        0,
        0,
        0,
        0,
        0,
        0,
        0,
        0,
        0,
        0,
        0,
        0,
        0
      ]
    }
  ]
}
