{
  "results": [
    {
      "command": "warp",
      "mean": 0.031160133439999994,
      "stddev": 0.0015545593734556747,
      "median": 0.031394616740000006,
      "user": 0.025331459999999993,
      "system": 0.016927640000000004,
      "min": 0.026485366740000002,
      "max": 0.034211616740000006,
      "times": [
        0.030304449740000003,
        0.03198794974,
        0.030118491740000003,
        0.03152215874,
        0.032775616740000006,
        0.03139090874,
        0.031027782740000003,
        0.03088599174,
        0.03009886674,
        0.03397999174000001,
        0.034211616740000006,
        0.028996700740000006,
        0.030414033740000006,
        0.032416200740000005,
        0.030707949740000004,
        0.030385741740000007,
        0.032674783740000005,
        0.031423158740000005,
        0.03320290874,
        0.03297728374,
        0.030066866740000003,
        0.028147991740000003,
        0.029380116740000004,
        0.029279908740000006,
        0.032128866740000005,
        0.029294032740000003,
        0.027260450740000004,
        0.03076644974,
        0.031280741740000007,
        0.030088616740000004,
        0.03190157474,
        0.028869908740000005,
        0.031019199740000003,
        0.03082453374,
        0.02665299174,
        0.033261199740000004,
        0.03366190874,
        0.03301407474,
        0.03337199174,
        0.03241503274,
        0.03052390874,
        0.032128616740000004,
        0.03170336674,
        0.031516491740000006,
        0.03163774174,
        0.03186361674,
        0.032594158740000004,
        0.032392658740000004,
        0.031677032740000007,
        0.031544324740000004,
        0.03391665874,
        0.03163386674,
        0.030532783740000007,
        0.030775575740000005,
        0.02963515774,
        0.02860507474,
        0.032993824740000004,
        0.03244899174,
        0.032145658740000006,
        0.03149049174,
        0.029798700740000003,
        0.032129908740000004,
        0.031941575740000006,
        0.028801491740000004,
        0.03084294974,
        0.031873075740000006,
        0.028682949740000005,
        0.031321783740000005,
        0.031359866740000006,
        0.02796111674,
        0.031946741740000006,
        0.026485366740000002,
        0.032162866740000004,
        0.03089345074,
        0.03210490774,
        0.03200244974,
        0.03284299174,
        0.03271486674,
        0.03326024174,
        0.030369741740000004,
        0.03192328274,
        0.03098578374,
        0.031091741740000005,
        0.03230949174,
        0.029757158740000005,
        0.03097153374,
        0.030488741740000005,
        0.03239145074,
        0.030953449740000007,
        0.032387199740000004,
        0.03113832474,
        0.031398324740000004,
        0.029210699740000005,
        0.03226645074,
        0.031762657740000005,
        0.03027753374,
        0.02978065874,
        0.031979700740000006,
        0.030688574740000002,
        0.02880449174
      ],
      "exit_codes": [
        0,
        0,
        0,
        0,
        0,
        0,
        0,
        0,
        0,
        0,
        0,
        0,
        0,
        0,
        0,
        0,
        0,
        0,
        0,
        0,
        0,
        0,
        0,
        0,
        0,
        0,
        0,
        0,
        0,
        0,
        0,
        0,
        0,
        0,
        0,
        0,
        0,
        0,
        0,
        0,
        0,
        0,
        0,
        0,
        0,
        0,
        0,
        0,
        0,
        0,
        0,
        0,
        0,
        0,
        0,
        0,
        0,
        0,
        0,
        0,
        0,
        0,
        0,
        0,
        0,
        0,
        0,
        0,
        0,
        0,
        0,
        0,
        0,
        0,
        0,
        0,
        0,
        0,
        0,
        0,
        0,
        0,
        0,
        0,
        0,
        0,
        0,
        0,
        0,
        0,
        0,
        0,
        0,
        0,
        0,
        0,
        0,
        0,
        0,
        0
      ]
    },
    {
      "command": "cargo",
      "mean": 0.4410933854999999,
      "stddev": 0.011470145209464117,
      "median": 0.44035145024,
      "user": 0.18861021,
      "system": 0.10574907000000001,
      "min": 0.41452128274,
      "max": 0.5113704077400001,
      "times": [
        0.43179469974,
        0.43083107474,
        0.43081499174,
        0.43177299174,
        0.42595569974,
        0.43832094974,
        0.43863749174,
        0.43765832474,
        0.43402670074,
        0.42839282474,
        0.43635107474,
        0.43815332574,
        0.43104540874,
        0.43548894974,
        0.44391590874000003,
        0.43362232474,
        0.43777903374,
        0.42635140774,
        0.41452128274,
        0.42518890774,
        0.44440465874,
        0.43515194974,
        0.43448753374,
        0.43226307474000003,
        0.44045057474,
        0.43348057574,
        0.43184069974,
        0.44362690874,
        0.44256119974,
        0.44594915874,
        0.43786286674,
        0.45237490874,
        0.44235594974000003,
        0.43659465774,
        0.43453307574,
        0.43682915874,
        0.43151140874,
        0.43508674174,
        0.43266732574,
        0.44658686674000003,
        0.45600303274000004,
        0.43528311674000003,
        0.44159774174,
        0.45404974174,
        0.44073407474,
        0.44151686674,
        0.43994886674,
        0.45356611674,
        0.43665632474,
        0.44311382574,
        0.5113704077400001,
        0.44388882474,
        0.45946690874,
        0.43023528374000003,
        0.43512261674,
        0.45455495074,
        0.43853882474,
        0.43652128374,
        0.44616249174,
        0.44007236674,
        0.44365624174,
        0.44078119974,
        0.45354486674,
        0.44356482574,
        0.44672920074,
        0.44430186674,
        0.44041474174,
        0.43842219974,
        0.44119061674,
        0.42950624174,
        0.44297749174,
        0.43093528374,
        0.44844074174,
        0.42279274174000003,
        0.42978365774,
        0.44780353374,
        0.45262994974,
        0.43589124174,
        0.44690636674,
        0.44702261674,
        0.44176515874,
        0.43764649174000003,
        0.45317207574,
        0.44881061674,
        0.43480982574,
        0.42936070074,
        0.44898849174,
        0.46619269974,
        0.45991874174,
        0.44982128374,
        0.44858199174,
        0.45022490874,
        0.45539399174,
        0.44483544974,
        0.44094732474000004,
        0.44028815874,
        0.42463799174,
        0.45627240774,
        0.44187540874000003,
        0.44885286674
      ],
      "exit_codes": [
        0,
        0,
        0,
        0,
        0,
        0,
        0,
        0,
        0,
        0,
        0,
        0,
        0,
        0,
        0,
        0,
        0,
        0,
        0,
        0,
        0,
        0,
        0,
        0,
        0,
        0,
        0,
        0,
        0,
        0,
        0,
        0,
        0,
        0,
        0,
        0,
        0,
        0,
        0,
        0,
        0,
        0,
        0,
        0,
        0,
        0,
        0,
        0,
        0,
        0,
        0,
        0,
        0,
        0,
        0,
        0,
        0,
        0,
        0,
        0,
        0,
        0,
        0,
        0,
        0,
        0,
        0,
        0,
        0,
        0,
        0,
        0,
        0,
        0,
        0,
        0,
        0,
        0,
        0,
        0,
        0,
        0,
        0,
        0,
        0,
        0,
        0,
        0,
        0,
        0,
        0,
        0,
        0,
        0,
        0,
        0,
        0,
        0,
        0,
        0
      ]
    }
  ]
}
