{
  "results": [
    {
      "command": "warp",
      "mean": 0.11958928417999996,
      "stddev": 0.014426877349101305,
      "median": 0.11745613401999999,
      "user": 0.12965668,
      "system": 0.020242929999999996,
      "min": 0.11082392652,
      "max": 0.22006617652000002,
      "times": [
        0.11775217552,
        0.11402384252,
        0.11564380052,
        0.11082392652,
        0.12042505052000001,
        0.11566675952,
        0.11547217652,
        0.11419275952,
        0.11454438452,
        0.11737175852,
        0.11518855052,
        0.11524271752,
        0.11831321752,
        0.11797767652,
        0.11806867652,
        0.11638109252,
        0.11496017652,
        0.11930492552000001,
        0.11672821752,
        0.11754050952,
        0.11644088452,
        0.12123396752,
        0.12298388351999999,
        0.22006617652000002,
        0.11713113452,
        0.11387350952,
        0.11855821752,
        0.11312188352,
        0.12035417552000001,
        0.12106925952000001,
        0.11997342552,
        0.11965888452,
        0.11913192552,
        0.11698988452,
        0.11959617552,
        0.11652484252,
        0.11540555052,
        0.11692184252,
        0.11489650952,
        0.11508880052,
        0.11883609252,
        0.11706342552,
        0.11566509252,
        0.11773163452,
        0.11666442652,
        0.11907030051999999,
        0.11721980152,
        0.11436680052,
        0.11717550952,
        0.11562734252,
        0.11912088452000001,
        0.11614350952000001,
        0.11832909252,
        0.11770767552,
        0.11722217552,
        0.11450850852,
        0.12029317552,
        0.11342838452,
        0.11772309252,
        0.11543680052000001,
        0.11309405052,
        0.11649092552,
        0.11654055052,
        0.11590692552,
        0.12246217552000001,
        0.11376150952,
        0.11995646752000001,
        0.12145392551999999,
        0.12109630051999999,
        0.11765705052,
        0.12443742651999999,
        0.11825355052,
        0.11728517552,
        0.11372625952,
        0.12215775952,
        0.11611255052,
        0.11975088352,
        0.12274355052000001,
        0.11956313451999999,
        0.21659163452000002,
        0.11427417552000001,
        0.11564355052,
        0.12017717552,
        0.11984688451999999,
        0.11769167552,
        0.11932138452,
        0.11978275951999999,
        0.11595021752,
        0.12004859252000001,
        0.11486230052,
        0.11971942551999999,
        0.11864400852,
        0.11758330052,
        0.11674592652,
        0.11417746752,
        0.12049634252000001,
        0.12096780151999999,
        0.11567934252,
        0.12575321752000002,
        0.11854400952000001
      ],
      "exit_codes": [
        0,
        0,
        0,
        0,
        0,
        0,
        0,
        0,
        0,
        0,
        0,
        0,
        0,
        0,
        0,
        0,
        0,
        0,
        0,
        0,
        0,
        0,
        0,
        0,
        0,
        0,
        0,
        0,
        0,
        0,
        0,
        0,
        0,
        0,
        0,
        0,
        0,
        0,
        0,
        0,
        0,
        0,
        0,
        0,
        0,
        0,
        0,
        0,
        0,
        0,
        0,
        0,
        0,
        0,
        0,
        0,
        0,
        0,
        0,
        0,
        0,
        0,
        0,
        0,
        0,
        0,
        0,
        0,
        0,
        0,
        0,
        0,
        0,
        0,
        0,
        0,
        0,
        0,
        0,
        0,
        0,
        0,
        0,
        0,
        0,
        0,
        0,
        0,
        0,
        0,
        0,
        0,
        0,
        0,
        0,
        0,
        0,
        0,
        0,
        0
      ]
    },
    {
      "command": "cargo",
      "mean": 0.27175472708,
      "stddev": 0.011653728948750615,
      "median": 0.27198880052,
      "user": 0.12348809,
      "system": 0.09544696000000003,
      "min": 0.24099438452000002,
      "max": 0.31881884252000003,
      "times": [
        0.28474796752000003,
        0.28530525952,
        0.27764355052,
        0.28028930052,
        0.27716230052,
        0.27228663452,
        0.26409705052000004,
        0.27535159252,
        0.28374830052000005,
        0.28537734252,
        0.27882238352000005,
        0.28647917652000005,
        0.27855638452000003,
        0.27785255052,
        0.28506717552000005,
        0.28846742552000004,
        0.26037463452000004,
        0.30023830052,
        0.27645559252,
        0.28277363452000004,
        0.28559184252,
        0.28491063352,
        0.26909871752000003,
        0.26909313352,
        0.27261134252,
        0.28412638452000005,
        0.27270613452000003,
        0.28659917652,
        0.27581838452,
        0.28608109252,
        0.28437867552,
        0.28293021752,
        0.27600359252,
        0.27574205052,
        0.26620150952000005,
        0.27441367552,
        0.25195975852,
        0.24907130052000004,
        0.26295880052000004,
        0.27141050852000004,
        0.26338259252,
        0.25521355052,
        0.24099438452000002,
        0.25490359252,
        0.26740817552,
        0.26998817552000004,
        0.27085434252,
        0.25672734252,
        0.24662625952,
        0.31881884252000003,
        0.28222750852,
        0.25585525952000004,
        0.24140334252000004,
        0.25685684252,
        0.27069084252000003,
        0.26250521752,
        0.24881250852000003,
        0.27027992652000005,
        0.27118271752,
        0.26130646752000003,
        0.27756500952,
        0.27037896752,
        0.26394630052,
        0.27052000952000005,
        0.27329505052,
        0.27322525952000004,
        0.26815996752000004,
        0.26311796752000005,
        0.27659363452,
        0.26542475952,
        0.27459942552000005,
        0.25884355052,
        0.26210588452,
        0.26387805152000005,
        0.26197775952,
        0.27047492652000005,
        0.26681488352000005,
        0.26387534252,
        0.27202180052,
        0.26931713452,
        0.27656342552,
        0.27736696752,
        0.27240630052000003,
        0.26133388452,
        0.27734246752,
        0.27037775952000004,
        0.26734909252,
        0.26900571752,
        0.27415238452,
        0.27562917552000005,
        0.26846688452,
        0.27084371752,
        0.28370134252,
        0.27192375952000003,
        0.27195580052,
        0.27568867552000004,
        0.27323884252,
        0.26302200952000004,
        0.28478150952000003,
        0.27534592552000003
      ],
      "exit_codes": [
        0,
        0,
        0,
        0,
        0,
        0,
        0,
        0,
        0,
        0,
        0,
        0,
        0,
        0,
        0,
        0,
        0,
        0,
        0,
        0,
        0,
        0,
        0,
        0,
        0,
        0,
        0,
        0,
        0,
        0,
        0,
        0,
        0,
        0,
        0,
        0,
        0,
        0,
        0,
        0,
        0,
        0,
        0,
        0,
        0,
        0,
        0,
        0,
        0,
        0,
        0,
        0,
        0,
        0,
        0,
        0,
        0,
        0,
        0,
        0,
        0,
        0,
        0,
        0,
        0,
        0,
        0,
        0,
        0,
        0,
        0,
        0,
        0,
        0,
        0,
        0,
        0,
        0,
        0,
        0,
        0,
        0,
        0,
        0,
        0,
        0,
        0,
        0,
        0,
        0,
        0,
        0,
        0,
        0,
        0,
        0,
        0,
        0,
        0,
        0
      ]
    }
  ]
}
