{
  "results": [
    {
      "command": "warp",
      "mean": 0.17585474044000002,
      "stddev": 0.0027610026853479228,
      "median": 0.17600417138000002,
      "user": 0.18957212999999992,
      "system": 0.024294169999999993,
      "min": 0.16972694288,
      "max": 0.18369402588,
      "times": [
        0.17896931688,
        0.17464223488000002,
        0.17891035988,
        0.17250660888000002,
        0.17275877588000002,
        0.17453335888000002,
        0.17818852588,
        0.17646773388,
        0.17876948388000002,
        0.18369402588,
        0.17578277588000002,
        0.17913806788,
        0.17635231788,
        0.17780710988,
        0.17612235988000002,
        0.17873998488,
        0.17269698388000002,
        0.17713752588,
        0.17844310888,
        0.17645381688,
        0.17905452588,
        0.18292098488,
        0.17200540088000002,
        0.17270019288000002,
        0.17965402588,
        0.17620815088000003,
        0.17697381688000002,
        0.17529623388,
        0.17208265088000002,
        0.17323385888,
        0.17473585888,
        0.17150156788,
        0.17183173388,
        0.17635756788,
        0.17597052588,
        0.17251277588000002,
        0.17618881788000001,
        0.17738606788,
        0.17449706688000002,
        0.17559190088,
        0.17466623488000002,
        0.17382056788,
        0.17600073388,
        0.17386806688,
        0.17785994188,
        0.17649373488,
        0.17815881788000001,
        0.17145331688,
        0.17600760888,
        0.17448810888000002,
        0.17931310888000002,
        0.17657802588000002,
        0.17385531788,
        0.16972694288,
        0.17813169288000003,
        0.17300260888000002,
        0.18247877588,
        0.17718256788,
        0.17473410888000002,
        0.17670556788000003,
        0.18200465088,
        0.17126240088,
        0.17637531688000002,
        0.17518806688000002,
        0.17887269288000002,
        0.17658756688000002,
        0.17593673388,
        0.17415306788,
        0.17710331788,
        0.17429419188,
        0.17503631688000001,
        0.17374015088,
        0.17251373488000002,
        0.17824744288000002,
        0.17399452588,
        0.17397031788,
        0.17940077588,
        0.17685052588,
        0.17320765088,
        0.17437548388000002,
        0.17747273388,
        0.17346744288000002,
        0.17495248388,
        0.17371823388000002,
        0.18043006788000002,
        0.17098256688000002,
        0.17983398388000002,
        0.17600915088000002,
        0.17230794288,
        0.17049031788000002,
        0.17602935888000001,
        0.17384456788000002,
        0.17722594288000001,
        0.17592585888,
        0.17793627588000002,
        0.17826460888,
        0.17653890088000002,
        0.17726315088000003,
        0.17443715088,
        0.17588431788
      ],
      "exit_codes": [
        0,
        0,
        0,
        0,
        0,
        0,
        0,
        0,
        0,
        0,
        0,
        0,
        0,
        0,
        0,
        0,
        0,
        0,
        0,
        0,
        0,
        0,
        0,
        0,
        0,
        0,
        0,
        0,
        0,
        0,
        0,
        0,
        0,
        0,
        0,
        0,
        0,
        0,
        0,
        0,
        0,
        0,
        0,
        0,
        0,
        0,
        0,
        0,
        0,
        0,
        0,
        0,
        0,
        0,
        0,
        0,
        0,
        0,
        0,
        0,
        0,
        0,
        0,
        0,
        0,
        0,
        0,
        0,
        0,
        0,
        0,
        0,
        0,
        0,
        0,
        0,
        0,
        0,
        0,
        0,
        0,
        0,
        0,
        0,
        0,
        0,
        0,
        0,
        0,
        0,
        0,
        0,
        0,
        0,
        0,
        0,
        0,
        0,
        0,
        0
      ]
    },
    {
      "command": "cargo",
      "mean": 0.2644516413100002,
      "stddev": 0.01825168472552329,
      "median": 0.26575954688000003,
      "user": 0.12255609000000002,
      "system": 0.09477372999999999,
      "min": 0.22598160888000002,
      "max": 0.34791956788,
      "times": [
        0.27004848387999997,
        0.26446744188,
        0.26744973488,
        0.24018544288000002,
        0.24341235988,
        0.24198790088000002,
        0.27204648488,
        0.31082231788,
        0.25946919188,
        0.24321273388,
        0.24943869288,
        0.26999127588,
        0.25327565088,
        0.25895723387999997,
        0.25066356788,
        0.23908027588000003,
        0.26554944288,
        0.26034152588,
        0.27297269288,
        0.28300594287999997,
        0.28456356788,
        0.28305298388,
        0.27502073388,
        0.27240502588,
        0.27404106788,
        0.27411890088,
        0.26560560888,
        0.24961606788000004,
        0.26573506788,
        0.25058452587999996,
        0.22919335988,
        0.23629702588,
        0.25401581788,
        0.26483760887999996,
        0.27462244288,
        0.28045135888,
        0.27423256788,
        0.28263427588,
        0.27725948388,
        0.27686281688,
        0.27113452588,
        0.26874415088,
        0.26916006787999996,
        0.27661344288,
        0.27615644188,
        0.27909202588,
        0.27114919188,
        0.27925340088,
        0.26591198388,
        0.26526415088,
        0.27327931788,
        0.27425719288,
        0.27151252587999997,
        0.27868148387999997,
        0.26195535888,
        0.26751473387999997,
        0.25755794288,
        0.24904494188,
        0.26670252588,
        0.26360223488,
        0.26527523488,
        0.25198560888,
        0.24782590088000003,
        0.27247402587999997,
        0.27646115088,
        0.25794806787999996,
        0.24012502588,
        0.31834852588,
        0.34791956788,
        0.26921365088,
        0.24992190088000002,
        0.24610444288000002,
        0.25896402588,
        0.27315910888,
        0.25985448388,
        0.24380281688000002,
        0.29097210988,
        0.27235569288,
        0.26092702588,
        0.24877723488,
        0.26578402588,
        0.27750490088,
        0.27071669187999997,
        0.27522240088,
        0.26678640088,
        0.27378119287999997,
        0.26904935888,
        0.26250419288,
        0.26479448388,
        0.25139052588,
        0.25829869288,
        0.25715731788,
        0.23387015088000002,
        0.23891606688000003,
        0.22598160888000002,
        0.23008656688,
        0.24756673388000003,
        0.25436377588,
        0.22871565088,
        0.29214144288
      ],
      "exit_codes": [
        0,
        0,
        0,
        0,
        0,
        0,
        0,
        0,
        0,
        0,
        0,
        0,
        0,
        0,
        0,
        0,
        0,
        0,
        0,
        0,
        0,
        0,
        0,
        0,
        0,
        0,
        0,
        0,
        0,
        0,
        0,
        0,
        0,
        0,
        0,
        0,
        0,
        0,
        0,
        0,
        0,
        0,
        0,
        0,
        0,
        0,
        0,
        0,
        0,
        0,
        0,
        0,
        0,
        0,
        0,
        0,
        0,
        0,
        0,
        0,
        0,
        0,
        0,
        0,
        0,
        0,
        0,
        0,
        0,
        0,
        0,
        0,
        0,
        0,
        0,
        0,
        0,
        0,
        0,
        0,
        0,
        0,
        0,
        0,
        0,
        0,
        0,
        0,
        0,
        0,
        0,
        0,
        0,
        0,
        0,
        0,
        0,
        0,
        0,
        0
      ]
    }
  ]
}
