{
  "results": [
    {
      "command": "warp",
      "mean": 0.20591601419999997,
      "stddev": 0.005041473657803337,
      "median": 0.20555716368000002,
      "user": 0.21830782000000018,
      "system": 0.026473480000000008,
      "min": 0.19696595618,
      "max": 0.21922083018000002,
      "times": [
        0.21581837318000002,
        0.20246470618,
        0.19865553918000003,
        0.19928808118000002,
        0.20018328918000003,
        0.20135720518000003,
        0.20228816418000004,
        0.20417903918000002,
        0.19917545518000002,
        0.20360820518000003,
        0.19765849718000003,
        0.19696595618,
        0.20296008118000003,
        0.20309308118000002,
        0.20726399818000002,
        0.20323883118000002,
        0.21182133018000002,
        0.19883778918000003,
        0.20909703918000003,
        0.20078624818000002,
        0.20639753918000003,
        0.20293283018000002,
        0.20277299718000003,
        0.20168766418000003,
        0.19974158018000002,
        0.20437037218,
        0.19870153918000003,
        0.20576370618000003,
        0.21163803918000001,
        0.19730833118000002,
        0.21860641418,
        0.20217433118000003,
        0.20310278918000002,
        0.20120033118000002,
        0.20950416418000004,
        0.20334008118000002,
        0.19877462218000003,
        0.20898695518000002,
        0.20010849818,
        0.20856745618000003,
        0.20269308118,
        0.20262628918000003,
        0.20298583118000002,
        0.20880883118000002,
        0.19750020618000003,
        0.20763724718,
        0.21418220618000003,
        0.20421970618000002,
        0.20898016418,
        0.21056624818000003,
        0.20713766418000001,
        0.20650370518000002,
        0.21121908118000002,
        0.20450358018000003,
        0.21639149818000003,
        0.20168333118,
        0.20659258018,
        0.20779137218000002,
        0.20286316418000003,
        0.20839637218,
        0.20716058018000003,
        0.20513445618000004,
        0.21266066418000001,
        0.20988728918000002,
        0.21120978918000002,
        0.21705137318000003,
        0.21325037318000004,
        0.20539178918000003,
        0.20633524718000001,
        0.20757095618000002,
        0.20363791418000002,
        0.20718399818000002,
        0.20841383118,
        0.20291112218000001,
        0.20444278918000003,
        0.20847666418000002,
        0.20432737218000002,
        0.20189399818000003,
        0.20838074718000002,
        0.19999345618000003,
        0.20951178918000002,
        0.20787849818,
        0.20838712218000002,
        0.20226128918000003,
        0.20835787218000001,
        0.20285308118000003,
        0.20090091418000003,
        0.20707412318,
        0.20492974718,
        0.21292145518000002,
        0.20563287218,
        0.20636449718000002,
        0.21842458118000002,
        0.21202016418000003,
        0.20642791418000003,
        0.20822658118,
        0.20758162218000004,
        0.20548145518000002,
        0.21922083018000002,
        0.21412728918
      ],
      "exit_codes": [
        0,
        0,
        0,
        0,
        0,
        0,
        0,
        0,
        0,
        0,
        0,
        0,
        0,
        0,
        0,
        0,
        0,
        0,
        0,
        0,
        0,
        0,
        0,
        0,
        0,
        0,
        0,
        0,
        0,
        0,
        0,
        0,
        0,
        0,
        0,
        0,
        0,
        0,
        0,
        0,
        0,
        0,
        0,
        0,
        0,
        0,
        0,
        0,
        0,
        0,
        0,
        0,
        0,
        0,
        0,
        0,
        0,
        0,
        0,
        0,
        0,
        0,
        0,
        0,
        0,
        0,
        0,
        0,
        0,
        0,
        0,
        0,
        0,
        0,
        0,
        0,
        0,
        0,
        0,
        0,
        0,
        0,
        0,
        0,
        0,
        0,
        0,
        0,
        0,
        0,
        0,
        0,
        0,
        0,
        0,
        0,
        0,
        0,
        0,
        0
      ]
    },
    {
      "command": "cargo",
      "mean": 0.2869306566700001,
      "stddev": 0.011008868381885233,
      "median": 0.28573583067999997,
      "user": 0.12459477999999999,
      "system": 0.10157591999999997,
      "min": 0.26674620518,
      "max": 0.37914649718,
      "times": [
        0.28377133118,
        0.28410599818,
        0.27929991418,
        0.28728203918,
        0.28664066418,
        0.28943203918,
        0.28431433018,
        0.29061216418,
        0.28804691418,
        0.28679308118,
        0.28595020618,
        0.28578245518,
        0.28448783118,
        0.29148933118,
        0.28510941418,
        0.28540870618,
        0.28621674718,
        0.28597220618,
        0.28211533018,
        0.27627603918,
        0.28334166418,
        0.29267237218,
        0.28341345518,
        0.28406783118,
        0.28795099718,
        0.29297212318,
        0.28584337318,
        0.27923583118,
        0.28455608118,
        0.27813295618,
        0.29115624718,
        0.29055799718,
        0.29451133018,
        0.27968008118,
        0.28430741418,
        0.28573628918,
        0.29138412318,
        0.29064120618,
        0.29380541418,
        0.28122887318,
        0.27595562218,
        0.27870412218,
        0.29060462218,
        0.29028599818,
        0.29323224718,
        0.29209416418,
        0.28345908118,
        0.29755799718,
        0.27781858118,
        0.37914649718,
        0.27978816418,
        0.29017545618,
        0.28360341418,
        0.29681091418,
        0.28296558118,
        0.27922858018,
        0.29188028918,
        0.28045470618,
        0.28868691418,
        0.29349928918,
        0.28162816418,
        0.28548091418,
        0.29156674718,
        0.28822658018,
        0.28502895518,
        0.28096028918,
        0.29265753918,
        0.28573537218,
        0.27888245618,
        0.28241124818,
        0.29849699718,
        0.28093199718,
        0.29359545618,
        0.28222295518,
        0.29295399818,
        0.28354703918,
        0.29321966418,
        0.27253362218,
        0.28467803918,
        0.28609483118,
        0.28284278918,
        0.26871208118,
        0.26674620518,
        0.29175924718,
        0.28267149718,
        0.28989920618,
        0.28554508118,
        0.28703903918,
        0.29486983018,
        0.28383141418,
        0.28557291418,
        0.28419128918,
        0.28759249718,
        0.29249749718,
        0.28752628918,
        0.27844037318,
        0.29667395518,
        0.28481562218,
        0.28810062218,
        0.28263070618
      ],
      "exit_codes": [
        0,
        0,
        0,
        0,
        0,
        0,
        0,
        0,
        0,
        0,
        0,
        0,
        0,
        0,
        0,
        0,
        0,
        0,
        0,
        0,
        0,
        0,
        0,
        0,
        0,
        0,
        0,
        0,
        0,
        0,
        0,
        0,
        0,
        0,
        0,
        0,
        0,
        0,
        0,
        0,
        0,
        0,
        0,
        0,
        0,
        0,
        0,
        0,
        0,
        0,
        0,
        0,
        0,
        0,
        0,
        0,
        0,
        0,
        0,
        0,
        0,
        0,
        0,
        0,
        0,
        0,
        0,
        0,
        0,
        0,
        0,
        0,
        0,
        0,
        0,
        0,
        0,
        0,
        0,
        0,
        0,
        0,
        0,
        0,
        0,
        0,
        0,
        0,
        0,
        0,
        0,
        0,
        0,
        0,
        0,
        0,
        0,
        0,
        0,
        0
      ]
    }
  ]
}
