{
  "results": [
    {
      "command": "warp",
      "mean": 0.024358153749999986,
      "stddev": 0.002431456509319168,
      "median": 0.024473341000000003,
      "user": 0.025185999999999997,
      "system": 0.015081800000000001,
      "min": 0.0196775075,
      "max": 0.030016882499999998,
      "times": [
        0.0221743405,
        0.023287132500000002,
        0.0262272985,
        0.028074507500000002,
        0.0243938405,
        0.0223928405,
        0.026224007500000004,
        0.0240884235,
        0.0240192155,
        0.019936257500000002,
        0.026162340500000002,
        0.025223424500000004,
        0.026636674500000002,
        0.0256180075,
        0.028376882500000002,
        0.023023507500000002,
        0.029484216500000004,
        0.021294715500000002,
        0.0256037995,
        0.0198942165,
        0.0236895905,
        0.0210768825,
        0.025873591499999998,
        0.0206432995,
        0.0249591325,
        0.024992549500000003,
        0.0221534655,
        0.0202021735,
        0.023689466500000003,
        0.0235899245,
        0.0204817995,
        0.0230606735,
        0.024851591500000002,
        0.021106423500000002,
        0.023950798500000002,
        0.0242326325,
        0.0202739665,
        0.025213049499999998,
        0.0201727165,
        0.0244717575,
        0.028132549500000003,
        0.0250212995,
        0.0249890905,
        0.0243587575,
        0.0219515495,
        0.0250481735,
        0.026419007500000005,
        0.024474924500000002,
        0.022677132500000002,
        0.026598007500000003,
        0.0200067985,
        0.0267381735,
        0.022202007500000003,
        0.0246630485,
        0.0214533825,
        0.0237262575,
        0.0225126745,
        0.0249305075,
        0.0231621325,
        0.022555507500000002,
        0.0258911745,
        0.022080382500000002,
        0.026049965499999998,
        0.025764174500000004,
        0.0240913825,
        0.023701424500000002,
        0.0255472995,
        0.0219997995,
        0.026565591500000003,
        0.023287382500000002,
        0.024956923500000002,
        0.0217707575,
        0.0246094665,
        0.0277386745,
        0.022859215500000002,
        0.0277485495,
        0.0204292575,
        0.030016882499999998,
        0.0196775075,
        0.0289817155,
        0.0211693825,
        0.023213215500000002,
        0.0235818405,
        0.025364090500000002,
        0.025744757500000003,
        0.0281246325,
        0.0256543405,
        0.0293731325,
        0.0252100905,
        0.0248331325,
        0.025301757500000004,
        0.0263127995,
        0.0274191745,
        0.022980299500000002,
        0.0278674235,
        0.027148091500000002,
        0.027149549499999998,
        0.0241226735,
        0.026148507499999998,
        0.022886840500000002
      ],
      "exit_codes": [
        0,
        0,
        0,
        0,
        0,
        0,
        0,
        0,
        0,
        0,
        0,
        0,
        0,
        0,
        0,
        0,
        0,
        0,
        0,
        0,
        0,
        0,
        0,
        0,
        0,
        0,
        0,
        0,
        0,
        0,
        0,
        0,
        0,
        0,
        0,
        0,
        0,
        0,
        0,
        0,
        0,
        0,
        0,
        0,
        0,
        0,
        0,
        0,
        0,
        0,
        0,
        0,
        0,
        0,
        0,
        0,
        0,
        0,
        0,
        0,
        0,
        0,
        0,
        0,
        0,
        0,
        0,
        0,
        0,
        0,
        0,
        0,
        0,
        0,
        0,
        0,
        0,
        0,
        0,
        0,
        0,
        0,
        0,
        0,
        0,
        0,
        0,
        0,
        0,
        0,
        0,
        0,
        0,
        0,
        0,
        0,
        0,
        0,
        0,
        0
      ]
    },
    {
      "command": "cargo",
      "mean": 0.35772445042,
      "stddev": 0.07712417227668877,
      "median": 0.33225517400000004,
      "user": 0.13854615999999997,
      "system": 0.10419183999999998,
      "min": 0.2685212995,
      "max": 0.6462318825,
      "times": [
        0.3004889665,
        0.30154167449999997,
        0.3225084665,
        0.3612327575,
        0.3269387995,
        0.3411398825,
        0.3628704655,
        0.3120887155,
        0.3609747155,
        0.3747133415,
        0.2685212995,
        0.4092950495,
        0.3596160495,
        0.2846620075,
        0.3605275075,
        0.3569852575,
        0.2955979655,
        0.3709952575,
        0.3555988405,
        0.2885756735,
        0.6026165495,
        0.5130147575,
        0.3246768405,
        0.3732074655,
        0.2853236735,
        0.3511559235,
        0.3614701735,
        0.3079039245,
        0.3539531325,
        0.3688764245,
        0.3167960075,
        0.3631947155,
        0.3830765905,
        0.3082039655,
        0.34315421549999997,
        0.3801086735,
        0.3119917155,
        0.3199221745,
        0.2927618405,
        0.3087939245,
        0.4470622575,
        0.4973479235,
        0.3029502165,
        0.26909250749999997,
        0.3359501325,
        0.3246663405,
        0.5398549655,
        0.3166210075,
        0.5621010075,
        0.3226726745,
        0.2936421325,
        0.3572067165,
        0.49703496550000004,
        0.3198555495,
        0.2840450905,
        0.3010469665,
        0.2974893405,
        0.3571114245,
        0.4932075905,
        0.2934082575,
        0.2966999655,
        0.3257588415,
        0.31241196649999997,
        0.3250549655,
        0.4867435495,
        0.29840050749999997,
        0.3007782165,
        0.3442068405,
        0.3111090075,
        0.5042094655,
        0.5608571735,
        0.3337898825,
        0.3581495075,
        0.3177795915,
        0.3206550905,
        0.5032894245,
        0.3197735485,
        0.3086471745,
        0.3011720495,
        0.3094166325,
        0.3170530075,
        0.3608059245,
        0.2977645075,
        0.3765350075,
        0.3759722165,
        0.3084262155,
        0.3379524245,
        0.35583404949999997,
        0.3090995495,
        0.3702481325,
        0.3537192155,
        0.3044356745,
        0.3601228405,
        0.2807968825,
        0.3307204655,
        0.6462318825,
        0.4452327165,
        0.3741187575,
        0.5082491325,
        0.3227805905
      ],
      "exit_codes": [
        0,
        0,
        0,
        0,
        0,
        0,
        0,
        0,
        0,
        0,
        0,
        0,
        0,
        0,
        0,
        0,
        0,
        0,
        0,
        0,
        0,
        0,
        0,
        0,
        0,
        0,
        0,
        0,
        0,
        0,
        0,
        0,
        0,
        0,
        0,
        0,
        0,
        0,
        0,
        0,
        0,
        0,
        0,
        0,
        0,
        0,
        0,
        0,
        0,
        0,
        0,
        0,
        0,
        0,
        0,
        0,
        0,
        0,
        0,
        0,
        0,
        0,
        0,
        0,
        0,
        0,
        0,
        0,
        0,
        0,
        0,
        0,
        0,
        0,
        0,
        0,
        0,
        0,
        0,
        0,
        0,
        0,
        0,
        0,
        0,
        0,
        0,
        0,
        0,
        0,
        0,
        0,
        0,
        0,
        0,
        0,
        0,
        0,
        0,
        0
      ]
    }
  ]
}
