{
  "results": [
    {
      "command": "warp",
      "mean": 0.024077448380000012,
      "stddev": 0.0017747985593992252,
      "median": 0.02379340738,
      "user": 0.02451747000000001,
      "system": 0.01428968,
      "min": 0.01910294888,
      "max": 0.02843715788,
      "times": [
        0.023080740880000002,
        0.023932824880000002,
        0.01945449088,
        0.02268390688,
        0.02135811588,
        0.02488432388,
        0.026352740880000003,
        0.022113657880000002,
        0.02843715788,
        0.020156615880000003,
        0.02591028288,
        0.022838406880000002,
        0.02229228288,
        0.024210448880000002,
        0.022331115880000002,
        0.025686490880000003,
        0.023424365880000002,
        0.02561049088,
        0.02565365788,
        0.02329653288,
        0.02437361588,
        0.02348386588,
        0.02398228288,
        0.02323603288,
        0.02686557388,
        0.021868032880000002,
        0.02176736588,
        0.024534865880000003,
        0.02449969888,
        0.028409073880000003,
        0.02184061588,
        0.024418157880000003,
        0.023062074880000002,
        0.02569061588,
        0.02330786588,
        0.02532194888,
        0.02365707388,
        0.02545911588,
        0.021895532880000002,
        0.02418136588,
        0.02374265688,
        0.022474115880000003,
        0.023381698880000003,
        0.02359249088,
        0.02540869888,
        0.02327249088,
        0.02203794888,
        0.02543174088,
        0.02328307388,
        0.02481503288,
        0.02339340788,
        0.022177948880000003,
        0.024990323880000002,
        0.02360165788,
        0.02356049088,
        0.02539974088,
        0.025723198880000003,
        0.02295053188,
        0.02342586588,
        0.02587394888,
        0.021361281880000003,
        0.027819865880000003,
        0.02530832388,
        0.02615032388,
        0.02296099088,
        0.02687565788,
        0.023548324880000002,
        0.02359144988,
        0.02470507388,
        0.02352674088,
        0.02207399088,
        0.024585073880000002,
        0.02282053188,
        0.024164282880000002,
        0.02343507388,
        0.02333244988,
        0.02327740688,
        0.02384415788,
        0.02571519988,
        0.02598436588,
        0.024924948880000002,
        0.028025490880000004,
        0.026390865880000003,
        0.02609344988,
        0.022684699880000003,
        0.023710573880000002,
        0.02326440788,
        0.02520069988,
        0.02519132388,
        0.02716019988,
        0.02443394888,
        0.02351549088,
        0.01910294888,
        0.02523086588,
        0.02415682488,
        0.02469899088,
        0.025231615880000002,
        0.023174656880000002,
        0.02544269888,
        0.020929074880000002
      ],
      "exit_codes": [
        0,
        0,
        0,
        0,
        0,
        0,
        0,
        0,
        0,
        0,
        0,
        0,
        0,
        0,
        0,
        0,
        0,
        0,
        0,
        0,
        0,
        0,
        0,
        0,
        0,
        0,
        0,
        0,
        0,
        0,
        0,
        0,
        0,
        0,
        0,
        0,
        0,
        0,
        0,
        0,
        0,
        0,
        0,
        0,
        0,
        0,
        0,
        0,
        0,
        0,
        0,
        0,
        0,
        0,
        0,
        0,
        0,
        0,
        0,
        0,
        0,
        0,
        0,
        0,
        0,
        0,
        0,
        0,
        0,
        0,
        0,
        0,
        0,
        0,
        0,
        0,
        0,
        0,
        0,
        0,
        0,
        0,
        0,
        0,
        0,
        0,
        0,
        0,
        0,
        0,
        0,
        0,
        0,
        0,
        0,
        0,
        0,
        0,
        0,
        0
      ]
    },
    {
      "command": "cargo",
      "mean": 0.35139551011000003,
      "stddev": 0.06837459060129988,
      "median": 0.34510249088,
      "user": 0.13848134,
      "system": 0.09844025,
      "min": 0.27587232488,
      "max": 0.7101819488800001,
      "times": [
        0.38105228288000004,
        0.39286936588000004,
        0.28697994988000003,
        0.54638749088,
        0.53858753288,
        0.30414253288000004,
        0.36694649088000003,
        0.30013686588000005,
        0.35580494988000005,
        0.36695074088000007,
        0.29986990688000004,
        0.37978940788000004,
        0.38539140788000004,
        0.29013011588000004,
        0.39158507488000005,
        0.34937894888000004,
        0.30713015788000003,
        0.32815765788000006,
        0.28448111588,
        0.28827599088000005,
        0.29296624088000006,
        0.30525736588,
        0.41086528188000004,
        0.30799294888000006,
        0.29641199088000003,
        0.37905044888000006,
        0.32108736588000003,
        0.28563261588000005,
        0.31816957388000006,
        0.32038478288000005,
        0.53463903288,
        0.30609457388000005,
        0.30841907388000006,
        0.27587232488,
        0.31808690788000005,
        0.28791453188000005,
        0.36146357388000006,
        0.49850244988000003,
        0.30692078188000005,
        0.29210240788,
        0.31832753288000004,
        0.30983624088000006,
        0.33988607388000003,
        0.35894349088000005,
        0.30086061588,
        0.37668053288000003,
        0.38555019988000006,
        0.31636649088,
        0.32436061588000004,
        0.36184161588,
        0.36374882488000004,
        0.30456749088,
        0.35754386588000003,
        0.30834732488000005,
        0.38631624088000005,
        0.7101819488800001,
        0.37829774088000007,
        0.31191074088000004,
        0.29778411588000003,
        0.35582507388000006,
        0.35077840788000003,
        0.27814765688000004,
        0.41261515788,
        0.37441411588000006,
        0.31104999088,
        0.34811486588000007,
        0.37771599088,
        0.31994390788000004,
        0.31737382388,
        0.36656819888000003,
        0.31725399088000006,
        0.34539736588000003,
        0.36833828188000006,
        0.31566086588000003,
        0.35733878288000004,
        0.38966190688,
        0.30700136588000004,
        0.34480761588000003,
        0.37562215688000006,
        0.30578169888000006,
        0.5667818248800001,
        0.5088853658800001,
        0.31310907488000006,
        0.35067994888000004,
        0.31616765788000006,
        0.35628594988000006,
        0.36196724088000004,
        0.31313453288000004,
        0.36716490788000006,
        0.34838194988000004,
        0.29733032488000005,
        0.38214190788,
        0.37642511588000005,
        0.29897774088000006,
        0.35310390788000007,
        0.36016749088000005,
        0.30328969988000004,
        0.36569907388000006,
        0.36172307388,
        0.31548903288
      ],