{
  "results": [
    {
      "command": "warp",
      "mean": 0.11655166658000002,
      "stddev": 0.0036495668272071113,
      "median": 0.11589977456000002,
      "user": 0.12834188999999996,
      "system": 0.020473880000000003,
      "min": 0.10998789956,
      "max": 0.12893648256,
      "times": [
        0.12077514956,
        0.11520244156000001,
        0.11749856656000002,
        0.11514552456000002,
        0.11767177456000001,
        0.12015840056,
        0.11361285756000002,
        0.11401798356000001,
        0.11258815056000002,
        0.11275940056000001,
        0.11463231656000002,
        0.11719077556000002,
        0.11545798256,
        0.11958764956000002,
        0.11511556656000001,
        0.11594206656000001,
        0.10998789956,
        0.11220865056000001,
        0.11511806656000001,
        0.11528602456,
        0.11507235856,
        0.12392619156000002,
        0.11331852556000001,
        0.11279885856,
        0.11295548256000001,
        0.11286331656000001,
        0.11314056656000002,
        0.11369815056000002,
        0.11575631656000002,
        0.11490410756000001,
        0.11566681656000001,
        0.11132623356000002,
        0.12522369156,
        0.11822569156,
        0.11728952456000001,
        0.11313685856000001,
        0.11584539956,
        0.11078619156000001,
        0.11406660856,
        0.11029098356000001,
        0.11801435856000002,
        0.11674106656000001,
        0.11828273256,
        0.11466419156000002,
        0.11818794156000002,
        0.11808369156000002,
        0.11222902456000002,
        0.11647764956000001,
        0.11283544156000001,
        0.12125773356000001,
        0.11920360856000002,
        0.11958185856000002,
        0.11401919156000001,
        0.11880394156,
        0.11701356656000002,
        0.11255285856000001,
        0.11286740056000001,
        0.11684456656000002,
        0.11599856656000002,
        0.11907202556,
        0.11374635756000001,
        0.11772852556,
        0.11448206656000001,
        0.11656073356,
        0.11483964956,
        0.11175806656000001,
        0.11840802456,
        0.11707614956000001,
        0.11333810856000001,
        0.12515548356,
        0.11557381656000001,
        0.11485098356000001,
        0.12055119156,
        0.11542489956000002,
        0.11585748256000002,
        0.11406344156,
        0.11786748356,
        0.11347473356000001,
        0.11997369156,
        0.11949394156000002,
        0.11782252456000002,
        0.11597094156000001,
        0.12474114956,
        0.12091189956000002,
        0.12397173356,
        0.11047860756000001,
        0.11361981656000002,
        0.11309219156000001,
        0.11599510756,
        0.11713106656000001,
        0.11856710856000001,
        0.12097310856,
        0.11560873356000001,
        0.12893648256,
        0.11929010856000001,
        0.12155306656000002,
        0.11745856656,
        0.12038285856000001,
        0.12396706656000002,
        0.12148914956000002
      ],
      "exit_codes": [
        0,
        0,
        0,
        0,
        0,
        0,
        0,
        0,
        0,
        0,
        0,
        0,
        0,
        0,
        0,
        0,
        0,
        0,
        0,
        0,
        0,
        0,
        0,
        0,
        0,
        0,
        0,
        0,
        0,
        0,
        0,
        0,
        0,
        0,
        0,
        0,
        0,
        0,
        0,
        0,
        0,
        0,
        0,
        0,
        0,
        0,
        0,
        0,
        0,
        0,
        0,
        0,
        0,
        0,
        0,
        0,
        0,
        0,
        0,
        0,
        0,
        0,
        0,
        0,
        0,
        0,
        0,
        0,
        0,
        0,
        0,
        0,
        0,
        0,
        0,
        0,
        0,
        0,
        0,
        0,
        0,
        0,
        0,
        0,
        0,
        0,
        0,
        0,
        0,
        0,
        0,
        0,
        0,
        0,
        0,
        0,
        0,
        0,
        0,
        0
      ]
    },
    {
      "command": "cargo",
      "mean": 0.27106439952,
      "stddev": 0.013558031288325776,
      "median": 0.27148031656000005,
      "user": 0.12289391999999996,
      "system": 0.09617407000000001,
      "min": 0.24109223356,
      "max": 0.33665802456,
      "times": [
        0.27823398256,
        0.27175077456,
        0.27297994156,
        0.28336169156,
        0.27102369156,
        0.26725314956,
        0.27923423356,
        0.27761410856,
        0.27603844156,
        0.26824277556,
        0.27533627456,
        0.26954285756,
        0.27508377556,
        0.27348860856,
        0.26851435856,
        0.26387794156,
        0.27382844156,
        0.27326544156,
        0.25768994156,
        0.27263160756,
        0.27333748256,
        0.27210506656,
        0.26122039956,
        0.24615219156,
        0.25181819156,
        0.24849835756,
        0.27482410756000003,
        0.26712881656,
        0.25702506656,
        0.26164885856000003,
        0.25351573356,
        0.26625760856,
        0.26844477556,
        0.25822948356000003,
        0.24534131656000002,
        0.24748715055999998,
        0.26143477556,
        0.25324069156,
        0.25892556656,
        0.24397769156,
        0.25715869156,
        0.28920435856,
        0.25678244156,
        0.24109223356,
        0.25937019156,
        0.26154652456,
        0.28681698356,
        0.29345173256,
        0.28944252456,
        0.33665802456,
        0.29008514956000003,
        0.28318123356,
        0.28365060756,
        0.27649648356,
        0.28856035856,
        0.28401698356,
        0.27538119156,
        0.27809923356,
        0.27016664956,
        0.26112540056,
        0.25771298356,
        0.26623202456,
        0.28626902456000003,
        0.26820581656000003,
        0.27916485856,
        0.28087614956,
        0.28677973356,
        0.27721827556,
        0.28130244156,
        0.26452569156,
        0.27024944156,
        0.27759619156,
        0.29162565056,
        0.26736148356,
        0.28471856656,
        0.27539131656,
        0.28238602556000003,
        0.27883477556,
        0.28582144156,
        0.28262406656,
        0.26395664956000003,
        0.28524210856,
        0.27600702456,
        0.28070323356,
        0.27609648256,
        0.28349160756,
        0.27516469156,
        0.26553056656,
        0.26818756656,
        0.26578556656,
        0.27120985856,
        0.25511777456,
        0.25608602556,
        0.25911002456,
        0.27111923356,
        0.26749123356,
        0.26855073356000003,
        0.26588031656,
        0.24977702556000003,
        0.27514389956
      ],
      "exit_codes": [
        0,
        0,
        0,
        0,
        0,
        0,
        0,
        0,
        0,
        0,
        0,
        0,
        0,
        0,
        0,
        0,
        0,
        0,
        0,
        0,
        0,
        0,
        0,
        0,
        0,
        0,
        0,
        0,
        0,
        0,
        0,
        0,
        0,
        0,
        0,
        0,
        0,
        0,
        0,
        0,
        0,
        0,
        0,
        0,
        0,
        0,
        0,
        0,
        0,
        0,
        0,
        0,
        0,
        0,
        0,
        0,
        0,
        0,
        0,
        0,
        0,
        0,
        0,
        0,
        0,
        0,
        0,
        0,
        0,
        0,
        0,
        0,
        0,
        0,
        0,
        0,
        0,
        0,
        0,
        0,
        0,
        0,
        0,
        0,
        0,
        0,
        0,
        0,
        0,
        0,
        0,
        0,
        0,
        0,
        0,
        0,
        0,
        0,
        0,
        0
      ]
    }
  ]
}
