{
  "results": [
    {
      "command": "warp",
      "mean": 0.023625398329999995,
      "stddev": 0.0020031126143826416,
      "median": 0.02361797318,
      "user": 0.02508133,
      "system": 0.015059729999999995,
      "min": 0.019161702180000004,
      "max": 0.028707452180000002,
      "times": [
        0.024686494180000004,
        0.02069195218,
        0.024844161180000005,
        0.026318119180000002,
        0.024553494180000003,
        0.025618827180000005,
        0.02531653618,
        0.022010119180000003,
        0.023839244180000004,
        0.028473910180000006,
        0.02017382718,
        0.025743244180000006,
        0.024288494180000002,
        0.022338078180000005,
        0.022437203180000004,
        0.023108161180000003,
        0.02458191118,
        0.023919411180000003,
        0.02029720218,
        0.026190160180000005,
        0.027484203180000007,
        0.02152366118,
        0.025138453180000006,
        0.021511660180000003,
        0.025167244180000006,
        0.023799077180000003,
        0.021662869180000002,
        0.02254161918,
        0.028707452180000002,
        0.02051045218,
        0.023530952180000002,
        0.021616369180000004,
        0.022397078180000002,
        0.025233619180000007,
        0.025439286180000006,
        0.023972494180000005,
        0.022688827180000003,
        0.02553466118,
        0.023100619180000004,
        0.027417744180000002,
        0.022586077180000004,
        0.02127911918,
        0.02090903618,
        0.019277077180000005,
        0.022099786180000004,
        0.025918161180000003,
        0.024138244180000004,
        0.02321978518,
        0.022454786180000005,
        0.02222416118,
        0.02269695218,
        0.02329682718,
        0.027188410180000004,
        0.023042077180000002,
        0.02462157818,
        0.024382036180000004,
        0.02195003618,
        0.024806786180000005,
        0.023824494180000003,
        0.020939286180000002,
        0.02501728618,
        0.022612536180000004,
        0.026212911180000006,
        0.02157420218,
        0.02168816018,
        0.02423845218,
        0.024174036180000004,
        0.02622891118,
        0.026318702180000007,
        0.023157911180000004,
        0.024104286180000004,
        0.024413994180000002,
        0.02211882818,
        0.024926619180000005,
        0.023229036180000003,
        0.02085870218,
        0.02139499418,
        0.023738160180000002,
        0.023326494180000004,
        0.02433841018,
        0.025183119180000005,
        0.022626077180000002,
        0.02193678618,
        0.022878369180000004,
        0.025384327180000006,
        0.020491910180000003,
        0.026116161180000007,
        0.02262878518,
        0.021707452180000003,
        0.021046619180000004,
        0.026983035180000003,
        0.019161702180000004,
        0.02301491018,
        0.02370499418,
        0.024884452180000002,
        0.02241007818,
        0.025224452180000002,
        0.02273149418,
        0.025927119180000006,
        0.025561744180000005
      ],
      "exit_codes": [
        0,
        0,
        0,
        0,
        0,
        0,
        0,
        0,
        0,
        0,
        0,
        0,
        0,
        0,
        0,
        0,
        0,
        0,
        0,
        0,
        0,
        0,
        0,
        0,
        0,
        0,
        0,
        0,
        0,
        0,
        0,
        0,
        0,
        0,
        0,
        0,
        0,
        0,
        0,
        0,
        0,
        0,
        0,
        0,
        0,
        0,
        0,
        0,
        0,
        0,
        0,
        0,
        0,
        0,
        0,
        0,
        0,
        0,
        0,
        0,
        0,
        0,
        0,
        0,
        0,
        0,
        0,
        0,
        0,
        0,
        0,
        0,
        0,
        0,
        0,
        0,
        0,
        0,
        0,
        0,
        0,
        0,
        0,
        0,
        0,
        0,
        0,
        0,
        0,
        0,
        0,
        0,
        0,
        0,
        0,
        0,
        0,
        0,
        0,
        0
      ]
    },
    {
      "command": "cargo",
      "mean": 0.3602787792199999,
      "stddev": 0.0863425461946875,
      "median": 0.34914086918,
      "user": 0.13866761,
      "system": 0.10070075999999999,
      "min": 0.26616086918,
      "max": 0.7501277441800001,
      "times": [
        0.35919628618,
        0.28037582818,
        0.36902807818,
        0.37905078518,
        0.31989424418,
        0.5378732851800001,
        0.29944307718,
        0.26680011918,
        0.28635961918,
        0.35145028518,
        0.30333966118,
        0.34732570218000003,
        0.38530578618,
        0.30906003618,
        0.33199216118,
        0.34725895218,
        0.28377620218,
        0.39646711918,
        0.35451557818,
        0.26841566018,
        0.41310886918,
        0.38222153618,
        0.29337428518,
        0.35839116118000003,
        0.37973182818,
        0.30661961918,
        0.31801286918,
        0.36496282818000003,
        0.29930445318,
        0.38465991118,
        0.7501277441800001,
        0.30894516118,
        0.35607695218,
        0.30104107718,
        0.33936070218000003,
        0.26616086918,
        0.28244549418,
        0.28715095218,
        0.29434278618,
        0.29070886918,
        0.28069428518,
        0.34882870218,
        0.35792599418,
        0.28550824418,
        0.38412941118,
        0.36108553618,
        0.31276766118,
        0.37513020318,
        0.37487024418,
        0.28658145318,
        0.42859066118,
        0.31408045218,
        0.29397211918,
        0.34755586918,
        0.35564361918,
        0.30030132718,
        0.57959703618,
        0.46438453618000003,
        0.37055857818,
        0.35340936918,
        0.29287628618,
        0.38622595318,
        0.37972653518,
        0.30429024418,
        0.33282995318,
        0.39785611918,
        0.30950032718,
        0.35497461918,
        0.36076374418,
        0.30802566018,
        0.32653491018,
        0.35536082718,
        0.27603757718,
        0.41713361918,
        0.59544528618,
        0.42953953618,
        0.6418873271800001,
        0.41915207718,
        0.6952563271800001,
        0.5487389531800001,
        0.32421578618,
        0.45993899418,
        0.37114378618,
        0.31404532818,
        0.34945303618,
        0.40831478518000003,
        0.32210041118,
        0.31637586918,
        0.35509395218,
        0.30599374418,
        0.35993820318,
        0.37960907718000003,
        0.30721449418,
        0.33725924418000003,
        0.34974036918,
        0.28584632718,
        0.39016291118,
        0.39951424418000003,
        0.30146786918,
        0.32900186918
      ],