{
  "results": [
    {
      "command": "warp",
      "mean": 0.2988368345599999,
      "stddev": 0.02833381184080687,
      "median": 0.29633922850000005,
      "user": 0.31138710999999997,
      "system": 0.03338667,
      "min": 0.26166252,
      "max": 0.39152602000000003,
      "times": [
        0.277166395,
        0.338613437,
        0.39152602000000003,
        0.310069603,
        0.26166252,
        0.26684502,
        0.271610103,
        0.296774645,
        0.30706847800000003,
        0.31141118700000003,
        0.303635729,
        0.321559645,
        0.297392103,
        0.272334103,
        0.30577177,
        0.270734645,
        0.27505281200000004,
        0.28424022800000004,
        0.27378018600000004,
        0.371412104,
        0.269779353,
        0.316318478,
        0.271708312,
        0.296642895,
        0.27315543600000003,
        0.282653353,
        0.283045437,
        0.273232478,
        0.317899062,
        0.301495854,
        0.370142686,
        0.299147103,
        0.299860145,
        0.30688002000000003,
        0.278565395,
        0.32631202000000004,
        0.299135604,
        0.34836572800000004,
        0.288550812,
        0.289300479,
        0.276805103,
        0.34556964500000004,
        0.30341206200000004,
        0.27502960400000004,
        0.327327062,
        0.264817937,
        0.30287827,
        0.277038436,
        0.323958062,
        0.27591118600000003,
        0.302192061,
        0.27980877,
        0.268281853,
        0.27353731200000003,
        0.338905604,
        0.27243706100000004,
        0.30478114500000003,
        0.28060814500000003,
        0.280215687,
        0.270436604,
        0.301345354,
        0.315419603,
        0.330514686,
        0.37335960300000004,
        0.28045677,
        0.30307702000000003,
        0.27961131100000003,
        0.324422311,
        0.29929527,
        0.28215752,
        0.268897812,
        0.29603556200000003,
        0.285458812,
        0.346850104,
        0.277438103,
        0.29827052000000004,
        0.272388228,
        0.35530352000000004,
        0.322895062,
        0.27159018700000004,
        0.27567131100000003,
        0.274802561,
        0.28557077000000003,
        0.361649561,
        0.316169186,
        0.305290895,
        0.291038228,
        0.267831353,
        0.27449052,
        0.31792743700000003,
        0.30023202,
        0.27859568700000004,
        0.278079603,
        0.279928895,
        0.280665312,
        0.280443104,
        0.340365062,
        0.30055877000000003,
        0.34543835300000003,
        0.299344478
      ],
      "exit_codes": [
        0,
        0,
        0,
        0,
        0,
        0,
        0,
        0,
        0,
        0,
        0,
        0,
        0,
        0,
        0,
        0,
        0,
        0,
        0,
        0,
        0,
        0,
        0,
        0,
        0,
        0,
        0,
        0,
        0,
        0,
        0,
        0,
        0,
        0,
        0,
        0,
        0,
        0,
        0,
        0,
        0,
        0,
        0,
        0,
        0,
        0,
        0,
        0,
        0,
        0,
        0,
        0,
        0,
        0,
        0,
        0,
        0,
        0,
        0,
        0,
        0,
        0,
        0,
        0,
        0,
        0,
        0,
        0,
        0,
        0,
        0,
        0,
        0,
        0,
        0,
        0,
        0,
        0,
        0,
        0,
        0,
        0,
        0,
        0,
        0,
        0,
        0,
        0,
        0,
        0,
        0,
        0,
        0,
        0,
        0,
        0,
        0,
        0,
        0,
        0
      ]
    },
    {
      "command": "cargo",
      "mean": 0.28780341422000005,
      "stddev": 0.009590734673089914,
      "median": 0.287409041,
      "user": 0.12475888000000004,
      "system": 0.09700769000000001,
      "min": 0.260949937,
      "max": 0.32872818600000003,
      "times": [
        0.27946952,
        0.263057478,
        0.29179227,
        0.287140687,
        0.297750895,
        0.28838414500000004,
        0.27112402,
        0.263535145,
        0.279444645,
        0.282882437,
        0.28198547900000004,
        0.286402895,
        0.29290352000000003,
        0.291482312,
        0.291354061,
        0.28547293700000004,
        0.293883562,
        0.290883687,
        0.299413895,
        0.29097543600000003,
        0.290770603,
        0.27792202,
        0.285693311,
        0.285968228,
        0.280780603,
        0.282507479,
        0.28570247800000004,
        0.293827895,
        0.288773229,
        0.286449728,
        0.291445187,
        0.291263645,
        0.291709895,
        0.30234056200000003,
        0.291051603,
        0.278659979,
        0.291700728,
        0.289209436,
        0.287077103,
        0.287295229,
        0.287663687,
        0.283507479,
        0.268933395,
        0.29773577,
        0.284351104,
        0.29468652,
        0.28642264500000003,
        0.294221895,
        0.288182729,
        0.300077978,
        0.32872818600000003,
        0.297499395,
        0.28612206100000004,
        0.286318061,
        0.29763543600000003,
        0.278839645,
        0.29407077000000004,
        0.305372437,
        0.29152806200000003,
        0.29934456200000004,
        0.288228645,
        0.283220854,
        0.28507318600000003,
        0.281132895,
        0.282761687,
        0.28043006200000004,
        0.294901978,
        0.286050604,
        0.28634839500000003,
        0.278430979,
        0.285233562,
        0.29502906100000004,
        0.28171202,
        0.260949937,
        0.262913395,
        0.285102854,
        0.281826437,
        0.291836728,
        0.29202406200000003,
        0.28608189500000003,
        0.291854812,
        0.27918377,
        0.290464395,
        0.287522853,
        0.293943312,
        0.281708395,
        0.289323062,
        0.289263062,
        0.28100827,
        0.286927353,
        0.298232312,
        0.27531431100000003,
        0.28207639500000004,
        0.28695727,
        0.30791827,
        0.277657729,
        0.30267572800000003,
        0.29616489500000004,
        0.299308854,
        0.29281735400000003
      ],
      "exit_codes": [
        0,
        0,
        0,
        0,
        0,
        0,
        0,
        0,
        0,
        0,
        0,
        0,
        0,
        0,
        0,
        0,
        0,
        0,
        0,
        0,
        0,
        0,
        0,
        0,
        0,
        0,
        0,
        0,
        0,
        0,
        0,
        0,
        0,
        0,
        0,
        0,
        0,
        0,
        0,
        0,
        0,
        0,
        0,
        0,
        0,
        0,
        0,
        0,
        0,
        0,
        0,
        0,
        0,
        0,
        0,
        0,
        0,
        0,
        0,
        0,
        0,
        0,
        0,
        0,
        0,
        0,
        0,
        0,
        0,
        0,
        0,
        0,
        0,
        0,
        0,
        0,
        0,
        0,
        0,
        0,
        0,
        0,
        0,
        0,
        0,
        0,
        0,
        0,
        0,
        0,
        0,
        0,
        0,
        0,
        0,
        0,
        0,
        0,
        0,
        0
      ]
    }
  ]
}
