{
  "results": [
    {
      "command": "warp",
      "mean": 0.027829873719999995,
      "stddev": 0.0020694752490732966,
      "median": 0.027777949000000003,
      "user": 0.024757100000000004,
      "system": 0.01579839,
      "min": 0.023033157500000002,
      "max": 0.03263111650000001,
      "times": [
        0.0268162405,
        0.0290123655,
        0.026994032500000004,
        0.028867074500000003,
        0.0286612415,
        0.028990657500000006,
        0.027978240500000005,
        0.029776823500000004,
        0.030999157500000003,
        0.026929157500000005,
        0.031252074500000004,
        0.0275969075,
        0.029147657500000004,
        0.03221328250000001,
        0.028842448500000003,
        0.032203073500000005,
        0.0284145735,
        0.0269819495,
        0.028002032500000006,
        0.028484199500000005,
        0.027795907500000005,
        0.03175199150000001,
        0.0281718655,
        0.0284941995,
        0.0289428655,
        0.031829407500000004,
        0.0261989915,
        0.0282221165,
        0.024483032500000005,
        0.0233126155,
        0.0306273235,
        0.0267488245,
        0.027436657500000006,
        0.024030990500000005,
        0.0252827415,
        0.027545616500000005,
        0.028147698500000002,
        0.025564532500000004,
        0.028393491500000003,
        0.0253418655,
        0.0259500325,
        0.025760324500000004,
        0.023870157500000003,
        0.027945365500000003,
        0.026930699500000006,
        0.029899449500000005,
        0.025668199500000006,
        0.0286716165,
        0.026019657500000005,
        0.0309149495,
        0.028435698500000006,
        0.032167240500000006,
        0.028276949500000006,
        0.029103741500000006,
        0.0271518665,
        0.028652865500000003,
        0.029711782500000002,
        0.023033157500000002,
        0.028935157500000006,
        0.0258151995,
        0.029397365500000005,
        0.025952032500000003,
        0.030058116500000006,
        0.03263111650000001,
        0.030223115500000005,
        0.029269823500000004,
        0.026937740500000005,
        0.025849865500000003,
        0.027419532500000007,
        0.0256868245,
        0.0258701985,
        0.025805240500000003,
        0.027256532500000003,
        0.030323490500000005,
        0.0284177405,
        0.029284074500000003,
        0.026148323500000004,
        0.030133157500000004,
        0.0253919495,
        0.0304335745,
        0.027536365500000003,
        0.024063740500000003,
        0.027240448500000004,
        0.0277599905,
        0.028684115500000006,
        0.027322324500000005,
        0.027558282500000007,
        0.025933074500000004,
        0.028610865500000002,
        0.027320240500000006,
        0.027511615500000006,
        0.024676199500000006,
        0.0257539905,
        0.024312407500000004,
        0.028961990500000003,
        0.027582282500000003,
        0.028346282500000004,
        0.027109615500000007,
        0.027495698500000002,
        0.027317990500000004
      ],
      "exit_codes": [
        0,
        0,
        0,
        0,
        0,
        0,
        0,
        0,
        0,
        0,
        0,
        0,
        0,
        0,
        0,
        0,
        0,
        0,
        0,
        0,
        0,
        0,
        0,
        0,
        0,
        0,
        0,
        0,
        0,
        0,
        0,
        0,
        0,
        0,
        0,
        0,
        0,
        0,
        0,
        0,
        0,
        0,
        0,
        0,
        0,
        0,
        0,
        0,
        0,
        0,
        0,
        0,
        0,
        0,
        0,
        0,
        0,
        0,
        0,
        0,
        0,
        0,
        0,
        0,
        0,
        0,
        0,
        0,
        0,
        0,
        0,
        0,
        0,
        0,
        0,
        0,
        0,
        0,
        0,
        0,
        0,
        0,
        0,
        0,
        0,
        0,
        0,
        0,
        0,
        0,
        0,
        0,
        0,
        0,
        0,
        0,
        0,
        0,
        0,
        0
      ]
    },
    {
      "command": "cargo",
      "mean": 1.10367065749,
      "stddev": 0.13698234792432087,
      "median": 1.0590838865,
      "user": 0.19202534999999998,
      "system": 0.09984146999999996,
      "min": 1.0002214075,
      "max": 1.9743939495,
      "times": [
        1.0570879485,
        1.0472166575,
        1.1690974905,
        1.0262496165,
        1.0230617825,
        1.0833251155,
        1.0734326985,
        1.1775661155000001,
        1.1317861995,
        1.1028203665,
        1.0002214075,
        1.0301214905,
        1.0555215735,
        1.1714181165,
        1.1540730325,
        1.1476934495,
        1.0418679915,
        1.0431005325,
        1.0368732415,
        1.0596902825,
        1.0445081995,
        1.1525139495,
        1.0551753655,
        1.9743939495,
        1.1568534495,
        1.0568233655,
        1.0307141995,
        1.1563882825,
        1.0138791995,
        1.0461272405,
        1.0427441165,
        1.0283645745,
        1.1728309485,
        1.0778290745,
        1.0409319075,
        1.1051426575,
        1.0904339495,
        1.0493249075,
        1.1576139485,
        1.0760031995,
        1.0463130325,
        1.0499823235,
        1.1682518245,
        1.0562760745,
        1.0698714485,
        1.5743304495,
        1.1818188245,
        1.0349144495,
        1.0765287825,
        1.1713464905,
        1.1789168655,
        1.0070633655,
        1.0342288665,
        1.0387650325,
        1.0329070735,
        1.1253335735,
        1.1411245745,
        1.1221362825,
        1.1435862825,
        1.0196157825,
        1.0577823655,
        1.0473670735,
        1.0466323655,
        1.1363383245,
        1.0584774905,
        1.0686221985,
        1.0336155745,
        1.0910899495,
        1.0551587825,
        1.1493481155,
        1.1504956165,
        1.0635179495,
        1.8543468655,
        1.0413721155,
        1.0207343665,
        1.0521446155,
        1.0795255745,
        1.0456846155,
        1.0554486995,
        1.0449411575,
        1.0573655325,
        1.0442111985,
        1.0359346575,
        1.0449693655,
        1.1533466575,
        1.2057591575,
        1.1176301155,
        1.0432982415,
        1.1511836155,
        1.0417293655,
        1.0217307405,
        1.0537280745,
        1.1551074075,
        1.0064848245,
        1.1433062405,
        1.0892820735,
        1.1376590745,
        1.0661773665,
        1.0623001985,
        1.1490850325
      ],
      "exit_codes": [
        0,
        0,
        0,
        0,
        0,
        0,
        0,
        0,
        0,
        0,
        0,
        0,
        0,
        0,
        0,
        0,
        0,
        0,
        0,
        0,
        0,
        0,
        0,
        0,
        0,
        0,
        0,
        0,
        0,
        0,
        0,
        0,
        0,
        0,
        0,
        0,
        0,
        0,
        0,
        0,
        0,
        0,
        0,
        0,
        0,
        0,
        0,
        0,
        0,
        0,
        0,
        0,
        0,
        0,
        0,
        0,
        0,
        0,
        0,
        0,
        0,
        0,
        0,
        0,
        0,
        0,
        0,
        0,
        0,
        0,
        0,
        0,
        0,
        0,
        0,
        0,
        0,
        0,
        0,
        0,
        0,
        0,
        0,
        0,
        0,
        0,
        0,
        0,
        0,
        0,
        0,
        0,
        0,
        0,
        0,
        0,
        0,
        0,
        0,
        0
      ]
    }
  ]
}
