{
  "results": [
    {
      "command": "warp",
      "mean": 0.17953641658000005,
      "stddev": 0.02490881365386277,
      "median": 0.17556218180000002,
      "user": 0.1915254,
      "system": 0.024350389999999993,
      "min": 0.16253549530000003,
      "max": 0.31474945330000004,
      "times": [
        0.1718063703,
        0.1637057453,
        0.16253549530000003,
        0.2190117863,
        0.1644415783,
        0.23884570330000002,
        0.17091074530000003,
        0.31326991130000004,
        0.31474945330000004,
        0.16499349530000001,
        0.1748704943,
        0.2816938283,
        0.16982970330000002,
        0.2270103283,
        0.1743621193,
        0.16307174430000002,
        0.1664449533,
        0.18052837030000002,
        0.16401145330000003,
        0.16471374530000002,
        0.1645772443,
        0.16427616130000003,
        0.16545161930000002,
        0.1628167033,
        0.17522141130000002,
        0.17224253730000003,
        0.1679745783,
        0.17217078630000002,
        0.17961849530000001,
        0.17994799430000002,
        0.18131112030000002,
        0.1769468703,
        0.17593307830000002,
        0.18008303630000003,
        0.18155953630000002,
        0.18014974430000003,
        0.18004287030000002,
        0.1866279533,
        0.18218349430000003,
        0.1783060783,
        0.17485887030000002,
        0.17446291130000002,
        0.1778563693,
        0.1751706613,
        0.17938703630000002,
        0.17951216130000003,
        0.1801113283,
        0.17670716230000003,
        0.1788142873,
        0.17977145330000002,
        0.1810709953,
        0.1768809943,
        0.17679449530000002,
        0.1801573283,
        0.17950237030000002,
        0.1820749113,
        0.17245899530000003,
        0.1770418283,
        0.1752652453,
        0.17794228730000003,
        0.1786986613,
        0.18699237030000002,
        0.18224428630000003,
        0.17746024430000001,
        0.18384395330000003,
        0.17722378630000002,
        0.1662571203,
        0.1643395783,
        0.16999228630000002,
        0.18608024430000003,
        0.17528499430000002,
        0.16707528630000001,
        0.1653365373,
        0.16666032830000002,
        0.17211478630000002,
        0.17883416130000002,
        0.1893797453,
        0.17903378730000002,
        0.17278266130000003,
        0.17639662030000003,
        0.1800167863,
        0.17583936930000002,
        0.17475941130000003,
        0.19254207830000003,
        0.1815783283,
        0.1763917453,
        0.1640978693,
        0.16614203730000002,
        0.16550745330000002,
        0.17293078730000003,
        0.1687664113,
        0.1634082453,
        0.1633693283,
        0.16545862030000003,
        0.1661052453,
        0.17424828630000003,
        0.17362532830000002,
        0.16653778630000002,
        0.16698553630000001,
        0.16520953630000001
      ],
      "exit_codes": [
        0,
        0,
        0,
        0,
        0,
        0,
        0,
        0,
        0,
        0,
        0,
        0,
        0,
        0,
        0,
        0,
        0,
        0,
        0,
        0,
        0,
        0,
        0,
        0,
        0,
        0,
        0,
        0,
        0,
        0,
        0,
        0,
        0,
        0,
        0,
        0,
        0,
        0,
        0,
        0,
        0,
        0,
        0,
        0,
        0,
        0,
        0,
        0,
        0,
        0,
        0,
        0,
        0,
        0,
        0,
        0,
        0,
        0,
        0,
        0,
        0,
        0,
        0,
        0,
        0,
        0,
        0,
        0,
        0,
        0,
        0,
        0,
        0,
        0,
        0,
        0,
        0,
        0,
        0,
        0,
        0,
        0,
        0,
        0,
        0,
        0,
        0,
        0,
        0,
        0,
        0,
        0,
        0,
        0,
        0,
        0,
        0,
        0,
        0,
        0
      ]
    },
    {
      "command": "cargo",
      "mean": 0.26077696036,
      "stddev": 0.020432490505705524,
      "median": 0.26166447430000006,
      "user": 0.12207877999999996,
      "system": 0.09503204,
      "min": 0.21982424530000003,
      "max": 0.37353782830000004,
      "times": [
        0.2860532033,
        0.24029232830000002,
        0.22958249430000002,
        0.23709953730000002,
        0.21982424530000003,
        0.24372141130000002,
        0.25753628630000003,
        0.26744849530000003,
        0.2761527033,
        0.2518970783,
        0.2454359533,
        0.26175182830000004,
        0.24575203630000003,
        0.24854737030000001,
        0.26058382830000004,
        0.2323905783,
        0.24774828730000004,
        0.2660814953,
        0.2796463283,
        0.2468756613,
        0.23331099530000002,
        0.22970832830000001,
        0.2377102453,
        0.27569503630000003,
        0.26520811930000004,
        0.2751539113,
        0.2640922443,
        0.2448711193,
        0.24721245330000002,
        0.2526537453,
        0.24513595330000004,
        0.2538236613,
        0.24335245330000002,
        0.24597978730000003,
        0.24508178730000002,
        0.24340091230000002,
        0.25002236930000005,
        0.2482785783,
        0.2511819953,
        0.2626753283,
        0.2593399113,
        0.23549495330000003,
        0.23031582830000003,
        0.22884545330000003,
        0.24206732830000002,
        0.2789481193,
        0.2713545363,
        0.2656142033,
        0.37353782830000004,
        0.25129574530000004,
        0.26205103630000004,
        0.2531139123,
        0.2468254533,
        0.2348365373,
        0.2368424953,
        0.2628142453,
        0.27958007830000003,
        0.2507509953,
        0.2595704113,
        0.2443634943,
        0.2615771203,
        0.2627578283,
        0.24827995330000002,
        0.23415516130000003,
        0.26206307830000003,
        0.2760734953,
        0.25440191230000003,
        0.26287174430000004,
        0.2513610363,
        0.2652749533,
        0.2755706203,
        0.27686882830000004,
        0.2764650783,
        0.2788639123,
        0.2776895783,
        0.2732978693,
        0.2696634953,
        0.2904081613,
        0.28153387030000004,
        0.2863392863,
        0.2784722033,
        0.2735312033,
        0.2933821613,
        0.2700793703,
        0.27557991130000004,
        0.2783931613,
        0.2726713283,
        0.25733795330000003,
        0.25349407830000004,
        0.2529207033,
        0.2862380363,
        0.2621609533,
        0.26976845330000004,
        0.2878967443,
        0.2783574533,
        0.2803507033,
        0.2839227863,
        0.27078841130000003,
        0.2734915363,
        0.2868091613
      ],