{
  "results": [
    {
      "command": "warp",
      "mean": 0.33295800622000016,
      "stddev": 0.0056915406187733626,
      "median": 0.33240928418,
      "user": 0.34493374000000004,
      "system": 0.03566592,
      "min": 0.32208526268,
      "max": 0.34927167968,
      "times": [
        0.33330559668,
        0.32322934668000003,
        0.33110747168,
        0.32208526268,
        0.32378451268,
        0.32356376368,
        0.32826526268,
        0.32718376268,
        0.34670351368,
        0.33397972168,
        0.32671892968,
        0.33483097168000003,
        0.32701242968,
        0.32816738768000003,
        0.33028109668,
        0.32818488768,
        0.33213351368,
        0.34395888868,
        0.32766855468,
        0.32625568068,
        0.33642484668,
        0.33536559668,
        0.33371022168000003,
        0.33549055468,
        0.33793626368,
        0.33865122168,
        0.32822597168,
        0.32758751268,
        0.33713409668,
        0.33967530468,
        0.34295401368,
        0.33165430568,
        0.32381780468,
        0.33110155468,
        0.33566584668,
        0.32873855568,
        0.32662009668,
        0.32587838868,
        0.32908409668,
        0.34048847168,
        0.32784467968000003,
        0.33411717968,
        0.33811213868,
        0.33193388868,
        0.32949788868,
        0.32424872168,
        0.33717001368,
        0.32331309668,
        0.32980526368,
        0.34015468068,
        0.33361438868,
        0.33709113868,
        0.33140738868,
        0.34927167968,
        0.33332717968000003,
        0.33461817968,
        0.32866938768000004,
        0.32866730468,
        0.32702876368,
        0.33268505468,
        0.32957322168000003,
        0.33154047168,
        0.32835172168,
        0.32678855468,
        0.33742217968,
        0.33523942968000003,
        0.32949209668,
        0.33372826268,
        0.32856205468,
        0.33822917968,
        0.33357259668,
        0.33692205568,
        0.33000492968,
        0.33446209668,
        0.33159480468,
        0.33176247168,
        0.33676642968000003,
        0.33833272168,
        0.34476055468,
        0.32954034668,
        0.33161826368,
        0.33977918068,
        0.33307134668,
        0.34066909668,
        0.33526397168,
        0.33502322168,
        0.34242263868,
        0.32872705468,
        0.33207747168,
        0.33212217968,
        0.33921413768,
        0.32653867968,
        0.33428105468,
        0.33004651368,
        0.33852984668,
        0.33421005568,
        0.33693772168,
        0.34016072168,
        0.34704501368,
        0.33421297168
      ],
      "exit_codes": [
        0,
        0,
        0,
        0,
        0,
        0,
        0,
        0,
        0,
        0,
        0,
        0,
        0,
        0,
        0,
        0,
        0,
        0,
        0,
        0,
        0,
        0,
        0,
        0,
        0,
        0,
        0,
        0,
        0,
        0,
        0,
        0,
        0,
        0,
        0,
        0,
        0,
        0,
        0,
        0,
        0,
        0,
        0,
        0,
        0,
        0,
        0,
        0,
        0,
        0,
        0,
        0,
        0,
        0,
        0,
        0,
        0,
        0,
        0,
        0,
        0,
        0,
        0,
        0,
        0,
        0,
        0,
        0,
        0,
        0,
        0,
        0,
        0,
        0,
        0,
        0,
        0,
        0,
        0,
        0,
        0,
        0,
        0,
        0,
        0,
        0,
        0,
        0,
        0,
        0,
        0,
        0,
        0,
        0,
        0,
        0,
        0,
        0,
        0,
        0
      ]
    },
    {
      "command": "cargo",
      "mean": 0.9335294058400001,
      "stddev": 0.12271372627676871,
      "median": 0.92197670118,
      "user": 0.5005074500000002,
      "system": 0.8842532700000001,
      "min": 0.78368188768,
      "max": 1.45671584668,
      "times": [
        0.86632172168,
        0.9463057636800001,
        0.88262251268,
        0.81171867968,
        0.91939688868,
        0.8241007636800001,
        0.8075046796800001,
        0.9544960546800001,
        1.22838313868,
        0.9613003466800001,
        0.9270255136800001,
        0.78368188768,
        0.88428580568,
        0.9644265966800001,
        1.03903409668,
        0.81276901368,
        0.82335830468,
        0.9604362216800001,
        1.28235259668,
        0.8808780136800001,
        0.9560446796800001,
        0.89091942968,
        0.80424822168,
        1.01428342968,
        0.9674556806800001,
        0.8235272636800001,
        0.8112213046800001,
        0.9503787636800001,
        1.08651588868,
        0.85884363868,
        0.81664472168,
        0.9638230966800001,
        1.05212147168,
        0.9719663876800001,
        1.00464280468,
        0.8048477216800001,
        0.83304080568,
        1.20321642968,
        0.86030847168,
        0.8616749716800001,
        0.80459859668,
        0.9740699716800001,
        0.9676065126800001,
        0.79079476368,
        0.86496276268,
        1.02446584668,
        0.9597130556800001,
        1.31881018068,
        0.8797701386800001,
        1.08014138868,
        0.8910245546800001,
        0.91179363768,
        0.87549647168,
        0.87906717968,
        0.98480951368,
        1.02588118068,
        1.23875984668,
        0.93500547168,
        0.9748274716800001,
        0.8082586796800001,
        0.82485338868,
        0.96034447168,
        1.03158255568,
        0.8979105136800001,
        0.8490119716800001,
        1.03526263768,
        1.06942555568,
        0.96904980468,
        0.93780976268,
        0.82722459668,
        0.80096584668,
        0.9606435966800001,
        0.91437184668,
        0.80815463868,
        0.9844492626800001,
        1.1491586386800001,
        0.91271159668,
        0.9772063466800001,
        0.81749851368,
        0.80114388768,
        0.84466776268,
        0.8217541796800001,
        0.9786861386800001,
        0.94149522168,
        0.80535959668,
        1.45671584668,
        0.95037384668,
        0.95301805468,
        0.8143213046800001,
        0.8199099296800001,
        0.92710626368,
        0.92455651368,
        0.8105158046800001,
        0.90176205468,
        0.80887847168,
        1.00721492968,
        0.8842077216800001,
        0.9608404716800001,
        0.90234772168,
        1.02444830568
      ],
      "exit_codes": [
        0,
        0,
        0,
        0,
        0,
        0,
        0,
        0,
        0,
        0,
        0,
        0,
        0,
        0,
        0,
        0,
        0,
        0,
        0,
        0,
        0,
        0,
        0,
        0,
        0,
        0,
        0,
        0,
        0,
        0,
        0,
        0,
        0,
        0,
        0,
        0,
        0,
        0,
        0,
        0,
        0,
        0,
        0,
        0,
        0,
        0,
        0,
        0,
        0,
        0,
        0,
        0,
        0,
        0,
        0,
        0,
        0,
        0,
        0,
        0,
        0,
        0,
        0,
        0,
        0,
        0,
        0,
        0,
        0,
        0,
        0,
        0,
        0,
        0,
        0,
        0,
        0,
        0,
        0,
        0,
        0,
        0,
        0,
        0,
        0,
        0,
        0,
        0,
        0,
        0,
        0,
        0,
        0,
        0,
        0,
        0,
        0,
        0,
        0,
        0
      ]
    }
  ]
}
