{
  "results": [
    {
      "command": "warp",
      "mean": 0.28594968636000007,
      "stddev": 0.05578883726428028,
      "median": 0.2862585194,
      "user": 0.3024260000000001,
      "system": 0.03408381,
      "min": 0.2247437699,
      "max": 0.6351553109000001,
      "times": [
        0.3588016439,
        0.2997280189,
        0.23125081090000002,
        0.2290156029,
        0.24558526890000004,
        0.2564511859,
        0.29897564390000003,
        0.2923250189,
        0.2548856439,
        0.2264481449,
        0.2566739779,
        0.6351553109000001,
        0.3337466859,
        0.29012389390000004,
        0.3385175609,
        0.2867643939,
        0.2454008109,
        0.2504571029,
        0.2534124779,
        0.22814043590000002,
        0.2615547279,
        0.35886793590000005,
        0.32534781090000003,
        0.2973923109,
        0.30850901890000004,
        0.2512423529,
        0.2551799779,
        0.22842893590000002,
        0.2736606449,
        0.25226589390000004,
        0.22596668590000002,
        0.33830331090000004,
        0.2318048939,
        0.3118436029,
        0.2943074359,
        0.23498951890000003,
        0.26190418590000003,
        0.2305541019,
        0.2549994779,
        0.2769607699,
        0.3223123939,
        0.2290921019,
        0.23823310190000002,
        0.25483776890000004,
        0.2857881029,
        0.3001940609,
        0.38745943590000004,
        0.3352132699,
        0.33103801990000004,
        0.3236096859,
        0.2996985609,
        0.28672893590000004,
        0.3042192279,
        0.2247437699,
        0.2837937279,
        0.22898039390000002,
        0.25119931090000003,
        0.23546785290000002,
        0.30581856090000004,
        0.2273363109,
        0.2595665609,
        0.37359531090000003,
        0.3431708109,
        0.2839092279,
        0.3108434359,
        0.3656024779,
        0.2873962279,
        0.24227056090000001,
        0.2503428109,
        0.3006396029,
        0.3638306449,
        0.2277334359,
        0.3615713949,
        0.23107789490000002,
        0.3064833109,
        0.3080658109,
        0.38065264390000003,
        0.22712989490000002,
        0.30971426890000003,
        0.33531556090000003,
        0.23186714390000002,
        0.2384619769,
        0.2939753109,
        0.24995851890000004,
        0.3374926439,
        0.24263222690000003,
        0.23634176990000003,
        0.29283606090000003,
        0.3260401449,
        0.30355147790000003,
        0.2890382689,
        0.2533759359,
        0.23079176890000003,
        0.3416924779,
        0.3049959359,
        0.3018111859,
        0.2555771029,
        0.2511890189,
        0.29440476990000003,
        0.3083151859
      ],
      "exit_codes": [
        0,
        0,
        0,
        0,
        0,
        0,
        0,
        0,
        0,
        0,
        0,
        0,
        0,
        0,
        0,
        0,
        0,
        0,
        0,
        0,
        0,
        0,
        0,
        0,
        0,
        0,
        0,
        0,
        0,
        0,
        0,
        0,
        0,
        0,
        0,
        0,
        0,
        0,
        0,
        0,
        0,
        0,
        0,
        0,
        0,
        0,
        0,
        0,
        0,
        0,
        0,
        0,
        0,
        0,
        0,
        0,
        0,
        0,
        0,
        0,
        0,
        0,
        0,
        0,
        0,
        0,
        0,
        0,
        0,
        0,
        0,
        0,
        0,
        0,
        0,
        0,
        0,
        0,
        0,
        0,
        0,
        0,
        0,
        0,
        0,
        0,
        0,
        0,
        0,
        0,
        0,
        0,
        0,
        0,
        0,
        0,
        0,
        0,
        0,
        0
      ]
    },
    {
      "command": "cargo",
      "mean": 0.4854678712900001,
      "stddev": 0.012477477076977727,
      "median": 0.4840057484,
      "user": 0.23999362000000002,
      "system": 0.21506424,
      "min": 0.44718572790000005,
      "max": 0.5570184359000001,
      "times": [
        0.48650751890000005,
        0.48584972790000003,
        0.4789793109,
        0.47477760290000004,
        0.4788191439,
        0.48435822790000005,
        0.5570184359000001,
        0.48731268590000004,
        0.48068276890000006,
        0.4858123529,
        0.4813255189,
        0.4771863109,
        0.48220068590000004,
        0.48933501890000003,
        0.49363514490000004,
        0.48326231090000005,
        0.49024206090000005,
        0.49716481090000003,
        0.47744864490000005,
        0.4801982689,
        0.4753143939,
        0.4878596859,
        0.4781159769,
        0.47902226890000005,
        0.4841682279,
        0.5016704779000001,
        0.48359231090000004,
        0.4874312269,
        0.4883567689,
        0.47456968590000004,
        0.48651376890000003,
        0.4801998109,
        0.48216018590000004,
        0.48514360190000005,
        0.47909726890000004,
        0.47612443590000003,
        0.48494897690000005,
        0.49020818590000004,
        0.4977604359,
        0.5009038939000001,
        0.48465726890000005,
        0.44718572790000005,
        0.47893847790000005,
        0.4759849359,
        0.4873047689,
        0.48495681090000003,
        0.5024071859000001,
        0.47897722690000005,
        0.4867233529,
        0.4843928529,
        0.5252295609,
        0.5031312269000001,
        0.4902794769,
        0.49611072790000005,
        0.48033656090000004,
        0.47656406090000003,
        0.4791753939,
        0.48553676990000005,
        0.48006635290000005,
        0.47509756090000005,
        0.4899320609,
        0.4835909359,
        0.48948322790000004,
        0.49442264390000007,
        0.4822129779,
        0.47857985290000005,
        0.49332826890000003,
        0.4940685189,
        0.48191372790000003,
        0.46951206090000003,
        0.5006360609,
        0.47513864390000005,
        0.4799928109,
        0.4732039779,
        0.4732818529,
        0.4943670609,
        0.4868666439,
        0.4995233529,
        0.5125040189000001,
        0.4853098109,
        0.47046510290000004,
        0.4713080189,
        0.48275506090000003,
        0.48029697790000003,
        0.5082953109000001,
        0.4847706029,
        0.47940739390000003,
        0.48735347790000005,
        0.4869771439,
        0.4760714359,
        0.4833427699,
        0.4838432689,
        0.4663425189,
        0.4753753949,
        0.4853011439,
        0.5015435188999999,
        0.48661272790000004,
        0.48132697690000004,
        0.4771370199,
        0.4820583109
      ],
      "exit_codes": [
        0,
        0,
        0,
        0,
        0,
        0,
        0,
        0,
        0,
        0,
        0,
        0,
        0,
        0,
        0,
        0,
        0,
        0,
        0,
        0,
        0,
        0,
        0,
        0,
        0,
        0,
        0,
        0,
        0,
        0,
        0,
        0,
        0,
        0,
        0,
        0,
        0,
        0,
        0,
        0,
        0,
        0,
        0,
        0,
        0,
        0,
        0,
        0,
        0,
        0,
        0,
        0,
        0,
        0,
        0,
        0,
        0,
        0,
        0,
        0,
        0,
        0,
        0,
        0,
        0,
        0,
        0,
        0,
        0,
        0,
        0,
        0,
        0,
        0,
        0,
        0,
        0,
        0,
        0,
        0,
        0,
        0,
        0,
        0,
        0,
        0,
        0,
        0,
        0,
        0,
        0,
        0,
        0,
        0,
        0,
        0,
        0,
        0,
        0,
        0
      ]
    }
  ]
}
