{
  "results": [
    {
      "command": "warp",
      "mean": 0.45623092997000014,
      "stddev": 0.0041135049896097765,
      "median": 0.45615371634,
      "user": 0.4692732699999999,
      "system": 0.044024429999999996,
      "min": 0.44484780034000004,
      "max": 0.46825588334,
      "times": [
        0.44753384134,
        0.45268492534000004,
        0.45905363334000004,
        0.45866609134,
        0.45876817434000006,
        0.45269859234000004,
        0.45128559134,
        0.45525363334,
        0.45261921634,
        0.46183538334,
        0.45777255034000003,
        0.44484780034000004,
        0.45465496634,
        0.45337471634000004,
        0.45098205034000005,
        0.45537517534000005,
        0.45663555034000003,
        0.45552709234000005,
        0.45371280034000006,
        0.45553000834,
        0.45510338334000006,
        0.45679855034000005,
        0.44532959134000005,
        0.45060625834,
        0.46175367434000003,
        0.45474329934,
        0.45982496634000003,
        0.45519263334000004,
        0.44768221634000005,
        0.45663271634,
        0.44645642534,
        0.45489663334,
        0.45620184134,
        0.45602909134,
        0.45899504934,
        0.45525400834,
        0.45045959234000005,
        0.45375809134000006,
        0.45276296634,
        0.45383463334,
        0.45373788334000004,
        0.45844475834000004,
        0.45515896734000005,
        0.45597717534000004,
        0.46825588334,
        0.45812825834000004,
        0.45657846634000004,
        0.45550738334,
        0.45708663334000005,
        0.45688888334000005,
        0.45425671634000003,
        0.45339167534,
        0.45726475834,
        0.45662688334,
        0.45912142534000006,
        0.45623805034000003,
        0.45281992534000004,
        0.45662075834000004,
        0.45643321634000006,
        0.45195096634000004,
        0.45368309234000004,
        0.45719621634,
        0.45713134134000005,
        0.45739088334000005,
        0.45223004934000005,
        0.45610559134,
        0.45320467534000003,
        0.45564838334,
        0.45570692534,
        0.46109325834000003,
        0.45696800834,
        0.45407284134000003,
        0.45759634134000005,
        0.46228538334,
        0.45813729934,
        0.46013821734000004,
        0.45407859134,
        0.46476255034,
        0.46184125834,
        0.45884113334000004,
        0.45682417534,
        0.45959350834,
        0.46322913334000004,
        0.45950604934000006,
        0.45320863334000006,
        0.46356425834000003,
        0.45897392434,
        0.45593013334000004,
        0.45219925834,
        0.45761159134,
        0.45446959134000003,
        0.45452330034000005,
        0.46024371634000005,
        0.45999800834000004,
        0.45923388334000004,
        0.46039467534,
        0.45289659134000004,
        0.46081625834,
        0.46306063334,
        0.46708755034000005
      ],
      "exit_codes": [
        0,
        0,
        0,
        0,
        0,
        0,
        0,
        0,
        0,
        0,
        0,
        0,
        0,
        0,
        0,
        0,
        0,
        0,
        0,
        0,
        0,
        0,
        0,
        0,
        0,
        0,
        0,
        0,
        0,
        0,
        0,
        0,
        0,
        0,
        0,
        0,
        0,
        0,
        0,
        0,
        0,
        0,
        0,
        0,
        0,
        0,
        0,
        0,
        0,
        0,
        0,
        0,
        0,
        0,
        0,
        0,
        0,
        0,
        0,
        0,
        0,
        0,
        0,
        0,
        0,
        0,
        0,
        0,
        0,
        0,
        0,
        0,
        0,
        0,
        0,
        0,
        0,
        0,
        0,
        0,
        0,
        0,
        0,
        0,
        0,
        0,
        0,
        0,
        0,
        0,
        0,
        0,
        0,
        0,
        0,
        0,
        0,
        0,
        0,
        0
      ]
    },
    {
      "command": "cargo",
      "mean": 1.6346544837800006,
      "stddev": 0.41300824639577965,
      "median": 1.42851619584,
      "user": 0.32503052999999993,
      "system": 0.20923082000000012,
      "min": 1.19595484134,
      "max": 3.27413834134,
      "times": [
        1.67892729934,
        1.3671022993400002,
        1.38996971734,
        1.31245509234,
        1.29543867534,
        1.36435492434,
        1.38138709134,
        1.42891484134,
        1.33913150834,
        2.17541659234,
        1.7957005083400002,
        1.50300788334,
        3.27413834134,
        2.58768700834,
        1.43118705034,
        1.71755696634,
        1.92276334134,
        1.67214109134,
        1.51398213334,
        1.39027225834,
        1.33156721734,
        1.44915313334,
        1.33957729934,
        1.3832469253400002,
        1.42641496634,
        2.26208317534,
        1.91665913334,
        1.32003296734,
        1.45448650834,
        1.43445992434,
        1.49648384234,
        1.75919267534,
        2.3564645083399998,
        1.42811755034,
        1.41166609134,
        1.46727413334,
        1.9196234673400001,
        1.35284559234,
        1.39301463334,
        1.3490677583400001,
        1.41311484134,
        1.4330632163400001,
        1.79250667534,
        1.33322996634,
        1.89366296734,
        1.36227959134,
        1.41165205034,
        1.33694050834,
        1.68040404934,
        1.3088885083400001,
        1.46447984134,
        1.32721659134,
        1.22514746734,
        1.20181621634,
        2.0997865913399996,
        1.40298588334,
        1.36198925834,
        1.75458388334,
        1.28607775834,
        1.8571882583400001,
        2.5581225913399996,
        1.82164042534,
        2.1454060083399997,
        2.5492800923399996,
        2.01707417534,
        1.2820763423400001,
        1.5260589253399999,
        1.42428621634,
        1.45250200834,
        2.40044688334,
        2.41892992434,
        2.27270875834,
        2.1217590503399997,
        2.5031179253399998,
        2.50705388334,
        1.81607313334,
        1.66302246634,
        1.34221609134,
        1.6781385503400001,
        1.3455563833400002,
        1.28857813334,
        1.31283821634,
        1.30182180034,
        1.35460934234,
        1.39265196734,
        1.32646688334,
        1.4062955083400002,
        1.94097879934,
        1.37437000834,
        1.36892517534,
        2.31444921634,
        1.3854005923400001,
        1.27600871734,
        1.36892613334,
        1.22959113334,
        2.0408095493399996,
        2.2871267993399997,
        1.3631276753400001,
        1.35106780034,
        1.19595484134
      ],
      "exit_codes": [
        0,
        0,
        0,
        0,
        0,
        0,
        0,
        0,
        0,
        0,
        0,
        0,
        0,
        0,
        0,
        0,
        0,
        0,
        0,
        0,
        0,
        0,
        0,
        0,
        0,
        0,
        0,
        0,
        0,
        0,
        0,
        0,
        0,
        0,
        0,
        0,
        0,
        0,
        0,
        0,
        0,
        0,
        0,
        0,
        0,
        0,
        0,
        0,
        0,
        0,
        0,
        0,
        0,
        0,
        0,
        0,
        0,
        0,
        0,
        0,
        0,
        0,
        0,
        0,
        0,
        0,
        0,
        0,
        0,
        0,
        0,
        0,
        0,
        0,
        0,
        0,
        0,
        0,
        0,
        0,
        0,
        0,
        0,
        0,
        0,
        0,
        0,
        0,
        0,
        0,
        0,
        0,
        0,
        0,
        0,
        0,
        0,
        0,
        0,
        0
      ]
    }
  ]
}
