{
  "results": [
    {
      "command": "warp",
      "mean": 0.41588973580000027,
      "stddev": 1.1901602921983443,
      "median": 0.3040978575,
      "user": 0.4335227799999998,
      "system": 0.04542956999999999,
      "min": 0.2261501075,
      "max": 12.1906671075,
      "times": [
        0.2611928985,
        0.2660176495,
        0.2324989415,
        0.2391965245,
        0.3237618995,
        0.32460044050000003,
        0.25951789950000004,
        0.2510478575,
        0.2320170235,
        0.2538146485,
        0.2527025245,
        0.3170533995,
        0.4712142735,
        0.3256533985,
        0.2311475655,
        0.2581282325,
        0.3107920655,
        0.2496887745,
        0.3106072735,
        0.28551806550000003,
        0.2454430245,
        0.3090842325,
        0.3172478575,
        12.1906671075,
        0.3534845245,
        0.2521453575,
        0.2941859825,
        0.3304560245,
        0.2478721485,
        0.29425831550000003,
        0.3100643575,
        0.37579914950000004,
        0.3139268155,
        0.3116212325,
        0.38553781550000005,
        0.3135633995,
        0.2526551905,
        0.2890944415,
        0.2953487735,
        0.3067812325,
        0.3104293575,
        0.29461252450000003,
        0.3177380245,
        0.3166586075,
        0.3073030235,
        0.3100462745,
        0.2939041075,
        0.2969146495,
        0.29156131550000003,
        0.24842652450000002,
        0.30812914950000003,
        0.3127388575,
        0.3079416495,
        0.2321148995,
        0.33670698250000003,
        0.24991652450000001,
        0.30725819050000003,
        0.29266977450000004,
        0.3125302325,
        0.2589180245,
        0.3105913985,
        0.3027602325,
        0.3054354825,
        0.30749281650000004,
        0.2925830655,
        0.29214777350000004,
        0.3469156075,
        0.2618402325,
        0.2952464415,
        0.2948885245,
        0.23069485750000002,
        0.2906293575,
        0.2318152745,
        0.3082009405,
        0.2261501075,
        0.3122096905,
        0.3682714825,
        0.2562734405,
        0.3850642745,
        0.2323005655,
        0.3110800655,
        0.36298702450000003,
        0.3795759825,
        0.3259613155,
        0.3129500235,
        0.2539527325,
        0.3101108155,
        0.3528683985,
        0.3203135245,
        0.23298160750000002,
        0.2508146905,
        0.3247233995,
        0.31241923250000003,
        0.3159171495,
        0.2911203155,
        0.2506010235,
        0.2872340655,
        0.27608881550000003,
        0.4170498165,
        0.2967849825
      ],
      "exit_codes": [
        0,
        0,
        0,
        0,
        0,
        0,
        0,
        0,
        0,
        0,
        0,
        0,
        0,
        0,
        0,
        0,
        0,
        0,
        0,
        0,
        0,
        0,
        0,
        0,
        0,
        0,
        0,
        0,
        0,
        0,
        0,
        0,
        0,
        0,
        0,
        0,
        0,
        0,
        0,
        0,
        0,
        0,
        0,
        0,
        0,
        0,
        0,
        0,
        0,
        0,
        0,
        0,
        0,
        0,
        0,
        0,
        0,
        0,
        0,
        0,
        0,
        0,
        0,
        0,
        0,
        0,
        0,
        0,
        0,
        0,
        0,
        0,
        0,
        0,
        0,
        0,
        0,
        0,
        0,
        0,
        0,
        0,
        0,
        0,
        0,
        0,
        0,
        0,
        0,
        0,
        0,
        0,
        0,
        0,
        0,
        0,
        0,
        0,
        0,
        0
      ]
    },
    {
      "command": "cargo",
      "mean": 0.48560963969000015,
      "stddev": 0.011162447045969213,
      "median": 0.48475862850000007,
      "user": 0.24061366999999997,
      "system": 0.21471166,
      "min": 0.4526256075,
      "max": 0.5530163165,
      "times": [
        0.4864859825,
        0.4574313995,
        0.4747534405,
        0.4898687325,
        0.4810190655,
        0.47800864950000005,
        0.48228731550000004,
        0.4810416495,
        0.48771469050000005,
        0.4880725235,
        0.48397681550000005,
        0.4760416485,
        0.49048060750000005,
        0.48447531650000003,
        0.4813668575,
        0.49109752450000005,
        0.47457906650000004,
        0.47787848250000003,
        0.48159048250000003,
        0.49212802450000004,
        0.48596594150000005,
        0.4982195245,
        0.4691448575,
        0.49220248250000004,
        0.49192902450000003,
        0.4946227745,
        0.4836084405,
        0.4962362745,
        0.48383627450000005,
        0.4937183995,
        0.4875719825,
        0.4894110655,
        0.4941355655,
        0.4950635245000001,
        0.4892328985,
        0.4894831915,
        0.4733611915,
        0.4795121075,
        0.4878868155,
        0.49026502450000004,
        0.49485298250000004,
        0.5017653575000001,
        0.48467585750000003,
        0.47960277450000005,
        0.4895209405,
        0.4913445665,
        0.48708610750000003,
        0.48284548250000003,
        0.5053003575000001,
        0.48221060750000005,
        0.5530163165,
        0.48746910750000005,
        0.4778863995,
        0.4923896915,
        0.4817842325,
        0.4793043575,
        0.4769330245,
        0.5010112325000001,
        0.47691639950000003,
        0.4781310655,
        0.4951784405,
        0.4867145245,
        0.4847747325,
        0.49906260750000003,
        0.48259969150000004,
        0.47873406550000003,
        0.4817603575,
        0.47565973250000004,
        0.4624321075,
        0.4526256075,
        0.4804610655,
        0.47983106550000004,
        0.4710678165,
        0.47692552450000003,
        0.49137906550000005,
        0.4919256495,
        0.49294073250000003,
        0.47856027450000005,
        0.47176552450000003,
        0.49169010750000003,
        0.48317739950000005,
        0.49231685750000004,
        0.48821598250000003,
        0.4858218165,
        0.47776319050000005,
        0.48394769150000005,
        0.4929667325,
        0.49804977450000004,
        0.4725446915,
        0.49083948250000003,
        0.48192173250000003,
        0.47778177450000003,
        0.49152514950000004,
        0.4977026075,
        0.47941927450000005,
        0.48697794050000004,
        0.48474252450000005,
        0.48448085750000003,
        0.4839338165,
        0.4909934825
      ],
      "exit_codes": [
        0,
        0,
        0,
        0,
        0,
        0,
        0,
        0,
        0,
        0,
        0,
        0,
        0,
        0,
        0,
        0,
        0,
        0,
        0,
        0,
        0,
        0,
        0,
        0,
        0,
        0,
        0,
        0,
        0,
        0,
        0,
        0,
        0,
        0,
        0,
        0,
        0,
        0,
        0,
        0,
        0,
        0,
        0,
        0,
        0,
        0,
        0,
        0,
        0,
        0,
        0,
        0,
        0,
        0,
        0,
        0,
        0,
        0,
        0,
        0,
        0,
        0,
        0,
        0,
        0,
        0,
        0,
        0,
        0,
        0,
        0,
        0,
        0,
        0,
        0,
        0,
        0,
        0,
        0,
        0,
        0,
        0,
        0,
        0,
        0,
        0,
        0,
        0,
        0,
        0,
        0,
        0,
        0,
        0,
        0,
        0,
        0,
        0,
        0,
        0
      ]
    }
  ]
}
