{
  "results": [
    {
      "command": "warp",
      "mean": 1.29361498681,
      "stddev": 0.07414496418675201,
      "median": 1.27486822334,
      "user": 1.5175592800000002,
      "system": 0.17122065000000003,
      "min": 1.20788972334,
      "max": 1.61461834834,
      "times": [
        1.21174734834,
        1.2162836813400002,
        1.2836160143400002,
        1.2257429323400002,
        1.20788972334,
        1.3504588483400002,
        1.22944976534,
        1.22931101534,
        1.22900005634,
        1.2250663483400002,
        1.22335522334,
        1.3712062233400002,
        1.2280554323400001,
        1.46397584834,
        1.23145468134,
        1.5758597653400002,
        1.26084276534,
        1.2853874733400001,
        1.2247110143400002,
        1.22782997334,
        1.24657601534,
        1.22644876534,
        1.2940627233400002,
        1.3371504733400001,
        1.24310268234,
        1.23437289034,
        1.2327002233400002,
        1.23432859834,
        1.23464234834,
        1.23728893234,
        1.2442104733400001,
        1.27488909834,
        1.24755630734,
        1.2565275153400002,
        1.42843426434,
        1.3047224323400002,
        1.24444680634,
        1.25850634834,
        1.25720722334,
        1.24480484834,
        1.24855239034,
        1.2429450153400001,
        1.2380776403400002,
        1.24977347334,
        1.24582197334,
        1.3500936403400001,
        1.2620793483400001,
        1.38002497334,
        1.27494947334,
        1.25869993134,
        1.24834851534,
        1.3828053073400002,
        1.26766289034,
        1.26476089034,
        1.2831841403400002,
        1.2630118483400001,
        1.2805930143400002,
        1.26690643234,
        1.27947047334,
        1.26989522334,
        1.30292739034,
        1.27484734834,
        1.25957601534,
        1.27790505634,
        1.28054014034,
        1.38434868134,
        1.27376905734,
        1.3770050983400002,
        1.25170755634,
        1.27157880734,
        1.29042459834,
        1.27142584834,
        1.2697685573400002,
        1.28443347334,
        1.26594647334,
        1.2858466403400002,
        1.2776306403400002,
        1.3525095573400001,
        1.27565247334,
        1.30044409834,
        1.4690173903400001,
        1.28246743234,
        1.2895286813400002,
        1.31699114034,
        1.2844758893400001,
        1.3257843903400002,
        1.3029281403400002,
        1.3287704313400002,
        1.4408401403400002,
        1.2831283903400001,
        1.3366254313400001,
        1.2860371403400002,
        1.40056647334,
        1.30861455734,
        1.61461834834,
        1.3235827233400002,
        1.3304427653400002,
        1.46963751534,
        1.4608178073400002,
        1.33745668234
      ],
      "exit_codes": [
        0,
        0,
        0,
        0,
        0,
        0,
        0,
        0,
        0,
        0,
        0,
        0,
        0,
        0,
        0,
        0,
        0,
        0,
        0,
        0,
        0,
        0,
        0,
        0,
        0,
        0,
        0,
        0,
        0,
        0,
        0,
        0,
        0,
        0,
        0,
        0,
        0,
        0,
        0,
        0,
        0,
        0,
        0,
        0,
        0,
        0,
        0,
        0,
        0,
        0,
        0,
        0,
        0,
        0,
        0,
        0,
        0,
        0,
        0,
        0,
        0,
        0,
        0,
        0,
        0,
        0,
        0,
        0,
        0,
        0,
        0,
        0,
        0,
        0,
        0,
        0,
        0,
        0,
        0,
        0,
        0,
        0,
        0,
        0,
        0,
        0,
        0,
        0,
        0,
        0,
        0,
        0,
        0,
        0,
        0,
        0,
        0,
        0,
        0,
        0
      ]
    },
    {
      "command": "cargo",
      "mean": 1.47563448278,
      "stddev": 0.05551333812183945,
      "median": 1.46916701484,
      "user": 0.59114914,
      "system": 0.7334997299999999,
      "min": 1.35050663934,
      "max": 1.64171359834,
      "times": [
        1.4215225983400002,
        1.46456868134,
        1.43478997334,
        1.5502534313400003,
        1.4136721813400002,
        1.3576955563400002,
        1.42937443134,
        1.57193776534,
        1.5667004323400002,
        1.42789414034,
        1.42529776534,
        1.43489339034,
        1.5023923903400003,
        1.4479083483400002,
        1.4165697643400001,
        1.44351622334,
        1.4216814313400001,
        1.4450333903400001,
        1.44378501534,
        1.48215605634,
        1.47179484834,
        1.50616463934,
        1.47684555634,
        1.50507780634,
        1.59237813934,
        1.46046993134,
        1.50120201534,
        1.44531455634,
        1.51644726434,
        1.4269462643400002,
        1.5072273483400003,
        1.5642190563400002,
        1.4507383903400002,
        1.4400385563400002,
        1.3951138893400001,
        1.52336534834,
        1.4856416813400002,
        1.43766493134,
        1.4345253073400002,
        1.6069503483400003,
        1.51378193134,
        1.43017555634,
        1.46240388934,
        1.49952772334,
        1.43269047334,
        1.4710624733400002,
        1.4854218063400002,
        1.57643143134,
        1.35050663934,
        1.43254276534,
        1.4393285983400002,
        1.45789572334,
        1.55312993134,
        1.4377799313400002,
        1.4698693903400002,
        1.64171359834,
        1.46896030634,
        1.5073949313400001,
        1.4653039733400002,
        1.6085696403400003,
        1.5353696393400003,
        1.5033144733400001,
        1.48751993134,
        1.47001980634,
        1.48244505634,
        1.4582858893400001,
        1.51040580634,
        1.56553922334,
        1.4895065573400001,
        1.4815672233400001,
        1.4926828063400002,
        1.5570740983400002,
        1.3972074733400002,
        1.4935378483400001,
        1.5838060573400001,
        1.49516743134,
        1.4877977643400002,
        1.51387551434,
        1.4711679313400001,
        1.45412472334,
        1.4720002233400002,
        1.4554643063400001,
        1.40292943134,
        1.42019851434,
        1.3887841823400002,
        1.4693737233400002,
        1.40624072334,
        1.4696743063400002,
        1.4625898893400002,
        1.45125793134,
        1.43841072334,
        1.4427338063400001,
        1.4711868483400001,
        1.49058197334,
        1.4489225563400001,
        1.4531993063400002,
        1.4589195563400001,
        1.44035884834,
        1.60834534834,
        1.42760126534
      ],
      "exit_codes": [
        0,
        0,
        0,
        0,
        0,
        0,
        0,
        0,
        0,
        0,
        0,
        0,
        0,
        0,
        0,
        0,
        0,
        0,
        0,
        0,
        0,
        0,
        0,
        0,
        0,
        0,
        0,
        0,
        0,
        0,
        0,
        0,
        0,
        0,
        0,
        0,
        0,
        0,
        0,
        0,
        0,
        0,
        0,
        0,
        0,
        0,
        0,
        0,
        0,
        0,
        0,
        0,
        0,
        0,
        0,
        0,
        0,
        0,
        0,
        0,
        0,
        0,
        0,
        0,
        0,
        0,
        0,
        0,
        0,
        0,
        0,
        0,
        0,
        0,
        0,
        0,
        0,
        0,
        0,
        0,
        0,
        0,
        0,
        0,
        0,
        0,
        0,
        0,
        0,
        0,
        0,
        0,
        0,
        0,
        0,
        0,
        0,
        0,
        0,
        0
      ]
    }
  ]
}
