{
  "results": [
    {
      "command": "warp",
      "mean": 0.45992799829000025,
      "stddev": 0.007801187533365905,
      "median": 0.45802974328,
      "user": 0.4791884599999998,
      "system": 0.04318897,
      "min": 0.44787126378000003,
      "max": 0.48277563978000004,
      "times": [
        0.45617818078000005,
        0.45941405578000005,
        0.45870368078000007,
        0.46933647278000007,
        0.46036980578000003,
        0.4520250557800001,
        0.44968963878000007,
        0.45343143078000003,
        0.46613405578000006,
        0.45509151478000004,
        0.45596793078000003,
        0.44787126378000003,
        0.45844793078000007,
        0.4538836807800001,
        0.45550809778000007,
        0.45749238878000004,
        0.45127155578000006,
        0.46178488978000004,
        0.45381263878000005,
        0.47044380578000006,
        0.45018655578000005,
        0.45150109678000006,
        0.46896330578000006,
        0.45271172278000005,
        0.45558755578000004,
        0.47374809678000007,
        0.46366476478000007,
        0.45824651378000003,
        0.47322980578000007,
        0.46912401478000004,
        0.46004988878,
        0.46003755578000005,
        0.4748917227800001,
        0.47336638878000004,
        0.45035697178000006,
        0.46137401478000006,
        0.45613205578000005,
        0.45419697278000004,
        0.46815534778000006,
        0.46513184778000005,
        0.48277563978000004,
        0.45600630578000007,
        0.45843713878000003,
        0.45410697278000006,
        0.45683413978000004,
        0.45486484778,
        0.46113372278000003,
        0.4807790557800001,
        0.45515955578000006,
        0.45568301378000003,
        0.45099880578000007,
        0.47723238978000004,
        0.45178872178000007,
        0.45690359678000003,
        0.45357913978000003,
        0.46753522178000007,
        0.45497909678000004,
        0.45531080578000005,
        0.45692909778000007,
        0.45947518078000005,
        0.45855009778000005,
        0.45803543078000003,
        0.45060643078000007,
        0.45739822278000003,
        0.46767080578000003,
        0.45622684778000006,
        0.46449259678000004,
        0.45802405578000005,
        0.45111355578000006,
        0.46128459778,
        0.45144968078000003,
        0.45782659778000007,
        0.47538105578000006,
        0.45061801378000005,
        0.46688334778000007,
        0.47010205578,
        0.45871109678000005,
        0.45155751378000003,
        0.46958030578000004,
        0.45973576378000003,
        0.45890401378000006,
        0.45794459678000005,
        0.46092547278000007,
        0.47746309778000007,
        0.45581318078000005,
        0.46017280578,
        0.46372430578000007,
        0.45639468078000006,
        0.45557959778000007,
        0.45638834678000006,
        0.45899084778000004,
        0.46574013878000003,
        0.46529818078000007,
        0.45052797278000006,
        0.48075651478000003,
        0.4539674717800001,
        0.45476051378000004,
        0.4536326807800001,
        0.46206493078000005,
        0.46047568078000006
      ],
      "exit_codes": [
        0,
        0,
        0,
        0,
        0,
        0,
        0,
        0,
        0,
        0,
        0,
        0,
        0,
        0,
        0,
        0,
        0,
        0,
        0,
        0,
        0,
        0,
        0,
        0,
        0,
        0,
        0,
        0,
        0,
        0,
        0,
        0,
        0,
        0,
        0,
        0,
        0,
        0,
        0,
        0,
        0,
        0,
        0,
        0,
        0,
        0,
        0,
        0,
        0,
        0,
        0,
        0,
        0,
        0,
        0,
        0,
        0,
        0,
        0,
        0,
        0,
        0,
        0,
        0,
        0,
        0,
        0,
        0,
        0,
        0,
        0,
        0,
        0,
        0,
        0,
        0,
        0,
        0,
        0,
        0,
        0,
        0,
        0,
        0,
        0,
        0,
        0,
        0,
        0,
        0,
        0,
        0,
        0,
        0,
        0,
        0,
        0,
        0,
        0,
        0
      ]
    },
    {
      "command": "cargo",
      "mean": 0.5184120061899997,
      "stddev": 0.04237355976871328,
      "median": 0.50845226428,
      "user": 0.25765088999999985,
      "system": 0.2113585,
      "min": 0.46681955578000006,
      "max": 0.7458511807800001,
      "times": [
        0.5189358057800001,
        0.49693947278000006,
        0.51730976378,
        0.53563951478,
        0.5033005137800001,
        0.5258216387800001,
        0.5379404307800001,
        0.52241022278,
        0.52992863978,
        0.6273466387800001,
        0.5114603897800001,
        0.5028575147800001,
        0.5073943467800001,
        0.5030218897800001,
        0.50848634778,
        0.5037714307800001,
        0.49128555578000005,
        0.50185151378,
        0.49809830578000003,
        0.5010442637800001,
        0.46681955578000006,
        0.5092283887800001,
        0.5132665967800001,
        0.53925543078,
        0.51106405578,
        0.5103808887800001,
        0.7458511807800001,
        0.51824297178,
        0.50973197278,
        0.4978723057800001,
        0.50088997278,
        0.5120372227800001,
        0.5086597217800001,
        0.49364505578000006,
        0.5041700977800001,
        0.50841818078,
        0.49755418078,
        0.49504380578000007,
        0.5036982227800001,
        0.48249676478000003,
        0.5058753477800001,
        0.49573459778000006,
        0.53530680578,
        0.70171093078,
        0.5136273477800001,
        0.51704647278,
        0.5213725557800001,
        0.51237347178,
        0.48906851378000005,
        0.52282147178,
        0.5970878887800001,
        0.5271368057800001,
        0.51175109778,
        0.51270113878,
        0.4959620557800001,
        0.5066065967800001,
        0.5046488897800001,
        0.50321255578,
        0.46762968078000006,
        0.4886678057800001,
        0.6120870137800001,
        0.51486876378,
        0.4980835557800001,
        0.5029551387800001,
        0.49786318078,
        0.50139238978,
        0.5010445557800001,
        0.50181630578,
        0.51107834778,
        0.48958313878000004,
        0.49833755578000005,
        0.49983584778,
        0.5001472637800001,
        0.50620055578,
        0.52744963978,
        0.51735380578,
        0.51645126478,
        0.6624743887800001,
        0.55592059778,
        0.51212055578,
        0.50916093078,
        0.50616980578,
        0.5328373057800001,
        0.51355772278,
        0.6167239307800001,
        0.48787313878000005,
        0.5037398887800001,
        0.5047586807800001,
        0.51311793078,
        0.5222410967800001,
        0.49459059678000006,
        0.5007182637800001,
        0.52558559678,
        0.47633984778000005,
        0.49979647278000006,
        0.5875734717800001,
        0.48537272278000004,
        0.50321405578,
        0.5164734307800001,
        0.51077905578
      ],