{
  "results": [
    {
      "command": "warp",
      "mean": 0.4621083880100001,
      "stddev": 0.007902110271704713,
      "median": 0.46040580966000005,
      "user": 0.4816554099999999,
      "system": 0.040251650000000014,
      "min": 0.44633955916000007,
      "max": 0.48436593416000007,
      "times": [
        0.45968630916000003,
        0.45314585116000006,
        0.4516640591600001,
        0.4545506421600001,
        0.45614589216000007,
        0.45686793416000004,
        0.46013968416000006,
        0.46062901816000007,
        0.45806122616000006,
        0.45669205916000005,
        0.45490397616000006,
        0.45768472616000005,
        0.4490604341600001,
        0.46019364316000005,
        0.45719022616000005,
        0.45400268416000006,
        0.46116026816000005,
        0.45477055916000003,
        0.45571060116000006,
        0.45819130916000006,
        0.45743822616000007,
        0.45228868416000007,
        0.45790380916000006,
        0.45764926816000007,
        0.45603451716000004,
        0.46949768416000004,
        0.46989143416000007,
        0.45318530916000005,
        0.44633955916000007,
        0.46655551716000004,
        0.45969726716000003,
        0.45475814216000005,
        0.45649243416000007,
        0.46147826716000007,
        0.45495547616000004,
        0.45828151716000004,
        0.47450460116000004,
        0.47099151816000007,
        0.47997618416000004,
        0.48225551716000004,
        0.4745638501600001,
        0.47394464316000007,
        0.4669717251600001,
        0.4683793921600001,
        0.46836539316000003,
        0.47668622616000006,
        0.47666376816000006,
        0.47864564216000005,
        0.47101189316000003,
        0.46906918416000004,
        0.48436593416000007,
        0.47174710116000007,
        0.46377485016000003,
        0.46592576716000006,
        0.47210822616000003,
        0.46073693416000006,
        0.45691989316000003,
        0.46366880916000003,
        0.45774630916000003,
        0.4643943091600001,
        0.47921422616000003,
        0.45760314316000006,
        0.47368730916000007,
        0.45757072616000005,
        0.46143160116000004,
        0.4637793511600001,
        0.4649950171600001,
        0.44683460116000007,
        0.46194751716000004,
        0.4673728931600001,
        0.45134343416000006,
        0.46488980916000006,
        0.47183943416000007,
        0.46480718416000005,
        0.4642660591600001,
        0.4537676841600001,
        0.46143080916000007,
        0.4562335181600001,
        0.45829322616000007,
        0.45857976716000004,
        0.46883389216000004,
        0.45716085116000005,
        0.45725801716000003,
        0.4651842681600001,
        0.46061797616000005,
        0.46188914216000004,
        0.4630684761600001,
        0.45756205916000003,
        0.47002080916000005,
        0.45677426816000005,
        0.45922489216000006,
        0.46735389216000006,
        0.46754822516000005,
        0.45379560116000006,
        0.45786780916,
        0.45360972616000006,
        0.45646472616000006,
        0.46235280916000004,
        0.45604026816000004,
        0.46200789316000007
      ],
      "exit_codes": [
        0,
        0,
        0,
        0,
        0,
        0,
        0,
        0,
        0,
        0,
        0,
        0,
        0,
        0,
        0,
        0,
        0,
        0,
        0,
        0,
        0,
        0,
        0,
        0,
        0,
        0,
        0,
        0,
        0,
        0,
        0,
        0,
        0,
        0,
        0,
        0,
        0,
        0,
        0,
        0,
        0,
        0,
        0,
        0,
        0,
        0,
        0,
        0,
        0,
        0,
        0,
        0,
        0,
        0,
        0,
        0,
        0,
        0,
        0,
        0,
        0,
        0,
        0,
        0,
        0,
        0,
        0,
        0,
        0,
        0,
        0,
        0,
        0,
        0,
        0,
        0,
        0,
        0,
        0,
        0,
        0,
        0,
        0,
        0,
        0,
        0,
        0,
        0,
        0,
        0,
        0,
        0,
        0,
        0,
        0,
        0,
        0,
        0,
        0,
        0
      ]
    },
    {
      "command": "cargo",
      "mean": 0.5173769865700002,
      "stddev": 0.0504481951294487,
      "median": 0.50673987166,
      "user": 0.25812145000000014,
      "system": 0.20766574999999993,
      "min": 0.45926230916000005,
      "max": 0.75192222616,
      "times": [
        0.47050130916000005,
        0.46533280916,
        0.48539951716000007,
        0.48096939216000006,
        0.51601343416,
        0.51913772516,
        0.50177293416,
        0.5273978931600001,
        0.53357451716,
        0.48985514316000006,
        0.5196416421600001,
        0.5116819761600001,
        0.7408974761600001,
        0.48734085016000006,
        0.46703122516000006,
        0.46765135016000003,
        0.45926230916000005,
        0.47738347516000007,
        0.49853643416000004,
        0.53004010016,
        0.5350286431600001,
        0.5198321421600001,
        0.52084051716,
        0.5134884751600001,
        0.5369943921600001,
        0.48916722516000005,
        0.5106180181600001,
        0.54675451716,
        0.57300335116,
        0.6407921011600001,
        0.5169817671600001,
        0.4681125171600001,
        0.48669935016000004,
        0.46024114216000006,
        0.46610705916000006,
        0.50655068416,
        0.5026221011600001,
        0.5287701421600001,
        0.50296710016,
        0.53918826716,
        0.5169148091600001,
        0.50270185016,
        0.5198134751600001,
        0.5138347671600001,
        0.5253588501600001,
        0.51878805916,
        0.7317602671600001,
        0.5439206011600001,
        0.50044997516,
        0.49941418416000005,
        0.5333116841600001,
        0.4943784751600001,
        0.50098289216,
        0.48708014216000006,
        0.4947646841600001,
        0.5026369341600001,
        0.50058676816,
        0.47399955916000003,
        0.49469889216000007,
        0.4972238091600001,
        0.49768318416,
        0.5214885171600001,
        0.5053038091600001,
        0.75192222616,
        0.51934947616,
        0.49598676716,
        0.5168477681600001,
        0.50088501716,
        0.5085832261600001,
        0.4990346011600001,
        0.53912393416,
        0.5260059761600001,
        0.5129361841600001,
        0.51310080916,
        0.49559951816000003,
        0.5069290591600001,
        0.47572735116000003,
        0.5078894341600001,
        0.52072526716,
        0.52058218416,
        0.49262368416,
        0.6263264341600001,
        0.5507904761600001,
        0.5321762251600001,
        0.53081722616,
        0.5006433921600001,
        0.5236947671600001,
        0.50792185016,
        0.5178360591600001,
        0.4977497671600001,
        0.49351118416000006,
        0.5044202671600001,
        0.4901661841600001,
        0.50014460116,
        0.50295701816,
        0.48880064316000005,
        0.5036986011600001,
        0.50779585116,
        0.65763097516,
        0.5054874341600001
      ],