{
  "results": [
    {
      "command": "warp",
      "mean": 0.30337991297,
      "stddev": 0.04060224586951261,
      "median": 0.30778272528,
      "user": 0.31791558,
      "system": 0.033597999999999996,
      "min": 0.22850768428,
      "max": 0.41778626728,
      "times": [
        0.33762835128,
        0.32221872528,
        0.23157843428,
        0.31248551728,
        0.29227455928,
        0.25271339228,
        0.28833547628,
        0.28185776828000003,
        0.34168005928,
        0.39823080928000004,
        0.24989176728,
        0.30548243428,
        0.31260918428,
        0.33778343428,
        0.33237776728,
        0.30293018428,
        0.35217535128,
        0.35778705928000004,
        0.28794851728000004,
        0.35927730928,
        0.25467814228,
        0.32952480928,
        0.26393435128000003,
        0.23569026728,
        0.31274026728000004,
        0.31541805928,
        0.31289789228000003,
        0.38820660128,
        0.25486022628,
        0.25665285128,
        0.35208310128000003,
        0.31677076728000003,
        0.35967547528,
        0.24756980928,
        0.34676572628,
        0.29245305928000004,
        0.29464301728000003,
        0.36626705928000003,
        0.29179001728000004,
        0.22850768428,
        0.25765005928,
        0.25565097628,
        0.30851530928000004,
        0.31958314228,
        0.32485705928,
        0.28322330928,
        0.30649785028000004,
        0.33813214228,
        0.30973460128,
        0.30534093428000003,
        0.29417918428,
        0.29264160128,
        0.30155135028,
        0.29196139328000004,
        0.31481076728,
        0.25066568428,
        0.30710172528,
        0.31154255928,
        0.33153189328,
        0.24636364228000002,
        0.32908060128,
        0.33247697528000003,
        0.23443610128,
        0.31896660128000004,
        0.23438718428000002,
        0.40427922528000004,
        0.31026193428000004,
        0.28514110028,
        0.23292380928,
        0.31044960128,
        0.25239751828,
        0.33102080928,
        0.34913793428,
        0.32266589228000003,
        0.31451622628000003,
        0.28925455928,
        0.29187955928000003,
        0.29165976728000004,
        0.26361176728,
        0.32638289228,
        0.31892410128000004,
        0.41778626728,
        0.34063347628,
        0.29621172528,
        0.30095051728,
        0.36638514228,
        0.24183422628,
        0.31121685028,
        0.35005214228000003,
        0.30618189328,
        0.31762985128,
        0.29861318428,
        0.31801014328,
        0.27563580928000003,
        0.25484755928,
        0.25097172528,
        0.31300360028,
        0.23881489228,
        0.25696393428000003,
        0.30846372528
      ],
      "exit_codes": [
        0,
        0,
        0,
        0,
        0,
        0,
        0,
        0,
        0,
        0,
        0,
        0,
        0,
        0,
        0,
        0,
        0,
        0,
        0,
        0,
        0,
        0,
        0,
        0,
        0,
        0,
        0,
        0,
        0,
        0,
        0,
        0,
        0,
        0,
        0,
        0,
        0,
        0,
        0,
        0,
        0,
        0,
        0,
        0,
        0,
        0,
        0,
        0,
        0,
        0,
        0,
        0,
        0,
        0,
        0,
        0,
        0,
        0,
        0,
        0,
        0,
        0,
        0,
        0,
        0,
        0,
        0,
        0,
        0,
        0,
        0,
        0,
        0,
        0,
        0,
        0,
        0,
        0,
        0,
        0,
        0,
        0,
        0,
        0,
        0,
        0,
        0,
        0,
        0,
        0,
        0,
        0,
        0,
        0,
        0,
        0,
        0,
        0,
        0,
        0
      ]
    },
    {
      "command": "cargo",
      "mean": 0.8022502155400002,
      "stddev": 0.021886489856156092,
      "median": 0.7956016637800001,
      "user": 0.4639941500000002,
      "system": 0.8628772800000002,
      "min": 0.7635613922800001,
      "max": 0.8915671422800001,
      "times": [
        0.8915671422800001,
        0.8134380182800001,
        0.8204962672800001,
        0.7997869752800001,
        0.7932034762800001,
        0.7845038092800001,
        0.7986015182800001,
        0.7894620592800001,
        0.8021906422800001,
        0.7979231012800001,
        0.8075654762800001,
        0.8676664342800001,
        0.7858791432800001,
        0.8008416432800001,
        0.8628781012800001,
        0.7914437262800001,
        0.8002082682800001,
        0.8050166002800001,
        0.7917771002800001,
        0.8081423512800001,
        0.8349101432800001,
        0.8457045182800002,
        0.8539647682800001,
        0.7940842672800001,
        0.8532698512800001,
        0.8132549762800001,
        0.8075709342800002,
        0.8156918092800001,
        0.8272405182800001,
        0.7765304342800001,
        0.7915386002800001,
        0.8564900592800001,
        0.8115858922800001,
        0.7818774752800001,
        0.78838443428,
        0.7970242672800001,
        0.8150944752800001,
        0.8003344762800001,
        0.7892884342800001,
        0.8018378512800001,
        0.7964003922800001,
        0.8091531422800001,
        0.8248278512800001,
        0.7856084762800001,
        0.79423743428,
        0.8541170592800001,
        0.7782174342800001,
        0.7853960172800001,
        0.7939751012800002,
        0.7758329762800001,
        0.82412414328,
        0.80392464228,
        0.80075530928,
        0.7897843092800001,
        0.7854307252800001,
        0.7900119762800001,
        0.7936889762800001,
        0.7946940592800001,
        0.7916228092800001,
        0.7947402262800001,
        0.80276122528,
        0.7939313092800001,
        0.7955667682800001,
        0.7826431002800001,
        0.8057618932800001,
        0.7902841422800001,
        0.79116518428,
        0.7956365592800001,
        0.8078125172800001,
        0.7875986422800001,
        0.7983330592800001,
        0.7960703922800001,
        0.8137613922800001,
        0.7865798512800001,
        0.7635613922800001,
        0.7840826422800001,
        0.7985111422800001,
        0.7815744762800001,
        0.79472851728,
        0.7877144342800001,
        0.7927843092800001,
        0.7928700592800001,
        0.7988140172800001,
        0.7840174342800001,
        0.79183222628,
        0.8033393092800001,
        0.8399843502800001,
        0.7917590592800001,
        0.7874967672800001,
        0.7923859342800001,
        0.7867916842800001,
        0.7993715172800001,
        0.7870276842800001,
        0.7885114342800001,
        0.79497910128,
        0.7785861842800001,
        0.8254008922800001,
        0.8200865592800001,
        0.7969070172800001,
        0.7791842682800001
      ],