{
  "results": [
    {
      "command": "warp",
      "mean": 0.45648571831000007,
      "stddev": 0.0048415998286529495,
      "median": 0.45570909912,
      "user": 0.46920898,
      "system": 0.0444214,
      "min": 0.44439945362000005,
      "max": 0.47303153662,
      "times": [
        0.45567745362000006,
        0.46130995362000005,
        0.46005978662,
        0.46797953662,
        0.44898503662000006,
        0.45531928662000004,
        0.45182832862000005,
        0.45314020262000004,
        0.44904803662000004,
        0.44923891162,
        0.44439945362000005,
        0.45651545262000004,
        0.45949328662000005,
        0.46396436962000004,
        0.46388624562,
        0.45276853662000005,
        0.45238495362000003,
        0.45728128662000006,
        0.45495091162,
        0.45201157862,
        0.45367695362000005,
        0.45432291162000005,
        0.44971845362,
        0.45432778662000006,
        0.46091874462000004,
        0.45411141162,
        0.45437836962000006,
        0.45371437062000003,
        0.45487778662000006,
        0.45224224462,
        0.45348374462,
        0.45498482862000006,
        0.46106036962,
        0.45515886962,
        0.45129486962000004,
        0.45617841162000006,
        0.46009482862000006,
        0.45809224462000003,
        0.45510245362,
        0.46421932862000004,
        0.45710799462,
        0.45427628662,
        0.46329307862,
        0.44972316162000003,
        0.45090861962000006,
        0.45368749462,
        0.45611011962000003,
        0.46032553662000003,
        0.45286157762,
        0.44959882862000006,
        0.45667024462000005,
        0.45221416162000005,
        0.45930199462000004,
        0.45707849462000005,
        0.45541045362000004,
        0.45473091162,
        0.46182591162000003,
        0.46022874562000005,
        0.45733082862,
        0.46020324462000006,
        0.46904891162000006,
        0.45583257862000004,
        0.45368395362,
        0.45693824462000004,
        0.45545507862,
        0.45487620262000006,
        0.45351403662000006,
        0.45641220262000004,
        0.45868611962000005,
        0.45452757762,
        0.46117612062,
        0.45487241162000003,
        0.44798782862000003,
        0.45025999562,
        0.45340249562,
        0.45603295362,
        0.45828187062000003,
        0.45529874462000003,
        0.45890186962,
        0.47303153662,
        0.46279770362000006,
        0.45963753662,
        0.45621103662,
        0.45574074462,
        0.45206478662000005,
        0.45873870362,
        0.46164016162000004,
        0.45437557862000005,
        0.45470932862,
        0.45641182862,
        0.47085528662000004,
        0.45248120362000005,
        0.46337599562000004,
        0.46030303662000005,
        0.45150670362000006,
        0.46075299462,
        0.45684807762,
        0.46038407762000005,
        0.45836962062000003,
        0.45805741162
      ],
      "exit_codes": [
        0,
        0,
        0,
        0,
        0,
        0,
        0,
        0,
        0,
        0,
        0,
        0,
        0,
        0,
        0,
        0,
        0,
        0,
        0,
        0,
        0,
        0,
        0,
        0,
        0,
        0,
        0,
        0,
        0,
        0,
        0,
        0,
        0,
        0,
        0,
        0,
        0,
        0,
        0,
        0,
        0,
        0,
        0,
        0,
        0,
        0,
        0,
        0,
        0,
        0,
        0,
        0,
        0,
        0,
        0,
        0,
        0,
        0,
        0,
        0,
        0,
        0,
        0,
        0,
        0,
        0,
        0,
        0,
        0,
        0,
        0,
        0,
        0,
        0,
        0,
        0,
        0,
        0,
        0,
        0,
        0,
        0,
        0,
        0,
        0,
        0,
        0,
        0,
        0,
        0,
        0,
        0,
        0,
        0,
        0,
        0,
        0,
        0,
        0,
        0
      ]
    },
    {
      "command": "cargo",
      "mean": 1.5882788316200003,
      "stddev": 0.39425106383271885,
      "median": 1.4170840366200002,
      "user": 0.32215068,
      "system": 0.20337946000000007,
      "min": 1.18953666162,
      "max": 3.0297669526199997,
      "times": [
        1.82973316162,
        2.59569157862,
        1.45464732762,
        1.43330136962,
        1.3322282866200001,
        1.40173753662,
        1.3507352866200002,
        2.41574937062,
        2.09608437062,
        1.43962028662,
        1.2507124946200001,
        1.18953666162,
        2.06381007762,
        1.37092749462,
        1.42660107862,
        1.42963832762,
        2.1478965786199997,
        1.9773953706200003,
        1.7323723286200001,
        1.3317267456200002,
        1.3268141206200001,
        1.33667537062,
        1.2590236616200001,
        1.23243011962,
        1.7410482026200003,
        1.20449949462,
        1.4539246196200002,
        2.0623451616199997,
        1.33987953662,
        1.4268985366200002,
        2.72257341162,
        2.3044686196199997,
        1.3553648286200002,
        1.71581491162,
        2.1153405366199998,
        1.39864757762,
        1.9270685786200001,
        1.3471259526200001,
        1.35377757762,
        1.4665455366200002,
        2.2780214116199997,
        1.39179407862,
        1.69844824462,
        1.33098949462,
        1.25906462062,
        1.4201674536200002,
        1.5886469956200002,
        1.3591839946200002,
        1.38628145262,
        1.45816482862,
        1.41513957862,
        1.35803457862,
        1.71683337062,
        1.2159668696200001,
        1.26133791162,
        1.3721394956200001,
        1.32013553662,
        1.38636103662,
        1.4620399536200002,
        1.69761895262,
        1.3120226196200002,
        1.2943532446200001,
        1.37438466162,
        2.2779969956199997,
        2.5586661616199997,
        2.08698449562,
        1.5894202456200002,
        1.46465599462,
        1.25772874462,
        1.32646482762,
        1.29406445362,
        1.31379432862,
        1.43966953662,
        1.8855535786200002,
        1.4040175786200002,
        2.27842570362,
        1.96516082862,
        1.37193374462,
        1.3400739946200002,
        1.26499891162,
        1.4566105366200002,
        1.33369924462,
        1.4801292866200002,
        1.29353141162,
        1.3576642866200002,
        1.45499591162,
        1.43600274462,
        3.0297669526199997,
        1.3854782866200002,
        1.4177800366200002,
        1.2546506616200002,
        1.3944458696200002,
        1.6895089116200002,
        2.3217897866199997,
        1.3503572866200002,
        1.4163880366200001,
        1.22854016162,
        1.8658487026200001,
        2.4163307866199997,
        1.40721166162
      ],