{
  "results": [
    {
      "command": "warp",
      "mean": 0.19406989216000006,
      "stddev": 0.026724477036003263,
      "median": 0.1873105552,
      "user": 0.21040091,
      "system": 0.02670496999999999,
      "min": 0.17362245120000003,
      "max": 0.3174682842,
      "times": [
        0.18804015920000003,
        0.19392886720000002,
        0.18192315920000002,
        0.18125557620000002,
        0.18856811720000002,
        0.2764054932,
        0.18089228420000003,
        0.17809803420000003,
        0.17567178420000001,
        0.18743449320000002,
        0.18718661720000002,
        0.1812987842,
        0.2840156172,
        0.18570753420000002,
        0.19430065920000003,
        0.1776884512,
        0.18321428420000002,
        0.18007674220000003,
        0.18397761720000003,
        0.17910070120000002,
        0.18798449220000002,
        0.18344974220000002,
        0.19933936820000003,
        0.18513311720000003,
        0.1839618262,
        0.18231820120000003,
        0.1770426592,
        0.17640453420000002,
        0.18563511720000003,
        0.1820992432,
        0.18134828420000002,
        0.18780345120000003,
        0.18792674320000002,
        0.1843279502,
        0.1843712842,
        0.18671561820000002,
        0.17362245120000003,
        0.18148720120000003,
        0.18575961720000003,
        0.19087961720000002,
        0.1810545762,
        0.1847027012,
        0.18941349220000003,
        0.18688982520000003,
        0.20121465920000003,
        0.1908279512,
        0.2864847432,
        0.18982461820000002,
        0.18909545120000001,
        0.18956082620000003,
        0.1858017422,
        0.19115115920000003,
        0.19397257520000002,
        0.20177707620000002,
        0.18687586720000002,
        0.17885015920000003,
        0.19009774220000003,
        0.19197711820000002,
        0.17874370120000002,
        0.19179649220000003,
        0.2005012422,
        0.1881196592,
        0.19033453420000002,
        0.18153395120000002,
        0.18431424220000003,
        0.2815509512,
        0.19568345020000003,
        0.1824649932,
        0.2843792422,
        0.17845424220000003,
        0.19227011720000003,
        0.19435899220000002,
        0.1855462002,
        0.18690682620000001,
        0.18861436820000002,
        0.20005965920000002,
        0.1941386592,
        0.19035461720000002,
        0.19144703420000003,
        0.20047311720000002,
        0.18246495120000003,
        0.18449811720000003,
        0.2844149092,
        0.18961299220000002,
        0.1802819512,
        0.1896982842,
        0.1929157012,
        0.18627032620000003,
        0.3174682842,
        0.19272065920000003,
        0.18518115920000003,
        0.18290353420000002,
        0.18432311720000003,
        0.18275878420000002,
        0.18807770120000003,
        0.1875334932,
        0.19260061820000002,
        0.18620432620000002,
        0.20022428420000002,
        0.18882195120000003
      ],
      "exit_codes": [
        0,
        0,
        0,
        0,
        0,
        0,
        0,
        0,
        0,
        0,
        0,
        0,
        0,
        0,
        0,
        0,
        0,
        0,
        0,
        0,
        0,
        0,
        0,
        0,
        0,
        0,
        0,
        0,
        0,
        0,
        0,
        0,
        0,
        0,
        0,
        0,
        0,
        0,
        0,
        0,
        0,
        0,
        0,
        0,
        0,
        0,
        0,
        0,
        0,
        0,
        0,
        0,
        0,
        0,
        0,
        0,
        0,
        0,
        0,
        0,
        0,
        0,
        0,
        0,
        0,
        0,
        0,
        0,
        0,
        0,
        0,
        0,
        0,
        0,
        0,
        0,
        0,
        0,
        0,
        0,
        0,
        0,
        0,
        0,
        0,
        0,
        0,
        0,
        0,
        0,
        0,
        0,
        0,
        0,
        0,
        0,
        0,
        0,
        0,
        0
      ]
    },
    {
      "command": "cargo",
      "mean": 0.4879074029,
      "stddev": 0.014130591300965504,
      "median": 0.48680211770000004,
      "user": 0.24126592,
      "system": 0.21556475000000003,
      "min": 0.4607644502,
      "max": 0.5948451592,
      "times": [
        0.49893428419999997,
        0.5037055342,
        0.4728012422,
        0.4975256592,
        0.5048879502,
        0.49646878419999996,
        0.4876845762,
        0.48543328420000004,
        0.5115237012,
        0.4942653682,
        0.4830925762,
        0.4815854502,
        0.4799791592,
        0.4854482012,
        0.4867204512,
        0.49759245120000006,
        0.4926984922,
        0.4846774922,
        0.4868837842,
        0.4815785342,
        0.4886196172,
        0.4906169092,
        0.4607644502,
        0.47882107620000003,
        0.5041277002,
        0.4935364092,
        0.4895542422,
        0.4924360762,
        0.48356774220000004,
        0.4902360342,
        0.4911662842,
        0.4806444502,
        0.4902321182,
        0.4796294092,
        0.4765998672,
        0.4746280342,
        0.4776570342,
        0.4809023262,
        0.4769481592,
        0.48835978420000004,
        0.47913978420000003,
        0.4806308252,
        0.49090740920000003,
        0.4809872012,
        0.4761524092,
        0.4860237002,
        0.5948451592,
        0.5034157842,
        0.4932337842,
        0.4857116172,
        0.49745278420000005,
        0.4931347432,
        0.4901588672,
        0.4933643682,
        0.4674399502,
        0.5081572842000001,
        0.4880785342,
        0.4838113672,
        0.4928066592,
        0.4970984922,
        0.4917257432,
        0.4814795342,
        0.4827499092,
        0.48614370020000003,
        0.4849026172,
        0.4815115752,
        0.48943320020000003,
        0.4807822842,
        0.4821626592,
        0.4676527842,
        0.4785410342,
        0.49478253419999996,
        0.4923515342,
        0.4849945342,
        0.48880636720000004,
        0.48301845120000003,
        0.4689572842,
        0.48300095120000003,
        0.4863571592,
        0.48319561720000004,
        0.4901897422,
        0.4805110342,
        0.4903210752,
        0.48541178420000003,
        0.4883367842,
        0.4879984922,
        0.4894282842,
        0.4908590342,
        0.4863807422,
        0.4881318262,
        0.4735598672,
        0.47878315920000003,
        0.4870244512,
        0.4980459092,
        0.4740917012,
        0.49945507619999996,
        0.4707072842,
        0.47485686720000003,
        0.5019618682,
        0.4970504092
      ],
      "exit_codes": [
        0,
        0,
        0,
        0,
        0,
        0,
        0,
        0,
        0,
        0,
        0,
        0,
        0,
        0,
        0,
        0,
        0,
        0,
        0,
        0,
        0,
        0,
        0,
        0,
        0,
        0,
        0,
        0,
        0,
        0,
        0,
        0,
        0,
        0,
        0,
        0,
        0,
        0,
        0,
        0,
        0,
        0,
        0,
        0,
        0,
        0,
        0,
        0,
        0,
        0,
        0,
        0,
        0,
        0,
        0,
        0,
        0,
        0,
        0,
        0,
        0,
        0,
        0,
        0,
        0,
        0,
        0,
        0,
        0,
        0,
        0,
        0,
        0,
        0,
        0,
        0,
        0,
        0,
        0,
        0,
        0,
        0,
        0,
        0,
        0,
        0,
        0,
        0,
        0,
        0,
        0,
        0,
        0,
        0,
        0,
        0,
        0,
        0,
        0,
        0
      ]
    }
  ]
}
