{
  "results": [
    {
      "command": "warp",
      "mean": 0.2852384507999999,
      "stddev": 0.041677498849159396,
      "median": 0.286256171,
      "user": 0.2981830499999998,
      "system": 0.031913479999999994,
      "min": 0.219881567,
      "max": 0.444651234,
      "times": [
        0.277818192,
        0.302757067,
        0.233193025,
        0.302662025,
        0.310360442,
        0.304002567,
        0.299346233,
        0.27974681700000004,
        0.28872944100000003,
        0.303204191,
        0.236854108,
        0.24412515,
        0.22077881600000002,
        0.225243942,
        0.289812191,
        0.28615998400000003,
        0.253665525,
        0.274337608,
        0.280778025,
        0.24221102500000002,
        0.29798877500000004,
        0.219881567,
        0.2930969,
        0.280937775,
        0.36206027500000004,
        0.33449490000000004,
        0.363566775,
        0.285052191,
        0.26466015000000004,
        0.24516744099999999,
        0.24448398300000002,
        0.35746256600000004,
        0.2247424,
        0.242328191,
        0.35208594200000004,
        0.284925941,
        0.33229715000000004,
        0.33513265000000003,
        0.222111775,
        0.35035740000000004,
        0.24617585800000003,
        0.355773442,
        0.314405566,
        0.344845192,
        0.250624566,
        0.245845358,
        0.29791327500000003,
        0.24682265000000003,
        0.31096665,
        0.282786525,
        0.329010442,
        0.2961129,
        0.24440690000000004,
        0.334935775,
        0.444651234,
        0.23169340000000002,
        0.221116109,
        0.28241540000000004,
        0.244245816,
        0.251677983,
        0.24551115,
        0.24747390000000002,
        0.244703108,
        0.324932442,
        0.302258859,
        0.34472640000000004,
        0.277274067,
        0.245744609,
        0.29406481700000003,
        0.299193608,
        0.23709815,
        0.247041691,
        0.297179067,
        0.241794692,
        0.304659983,
        0.302609067,
        0.28142065,
        0.360835734,
        0.303077317,
        0.30239315,
        0.30107669200000003,
        0.29710815,
        0.299975441,
        0.253942942,
        0.337561275,
        0.285846525,
        0.310632358,
        0.288716234,
        0.228204441,
        0.309733733,
        0.24644281700000004,
        0.25404244200000003,
        0.29911698400000003,
        0.300976525,
        0.284563566,
        0.24328606600000002,
        0.23054544100000002,
        0.28635235800000003,
        0.336434817,
        0.30024765000000003
      ],
      "exit_codes": [
        0,
        0,
        0,
        0,
        0,
        0,
        0,
        0,
        0,
        0,
        0,
        0,
        0,
        0,
        0,
        0,
        0,
        0,
        0,
        0,
        0,
        0,
        0,
        0,
        0,
        0,
        0,
        0,
        0,
        0,
        0,
        0,
        0,
        0,
        0,
        0,
        0,
        0,
        0,
        0,
        0,
        0,
        0,
        0,
        0,
        0,
        0,
        0,
        0,
        0,
        0,
        0,
        0,
        0,
        0,
        0,
        0,
        0,
        0,
        0,
        0,
        0,
        0,
        0,
        0,
        0,
        0,
        0,
        0,
        0,
        0,
        0,
        0,
        0,
        0,
        0,
        0,
        0,
        0,
        0,
        0,
        0,
        0,
        0,
        0,
        0,
        0,
        0,
        0,
        0,
        0,
        0,
        0,
        0,
        0,
        0,
        0,
        0,
        0,
        0
      ]
    },
    {
      "command": "cargo",
      "mean": 0.8053562007600001,
      "stddev": 0.03622637410758213,
      "median": 0.796081671,
      "user": 0.4638332800000001,
      "system": 0.8724508000000002,
      "min": 0.7584504410000001,
      "max": 0.9688058580000001,
      "times": [
        0.7762391500000001,
        0.7910028170000001,
        0.8057823580000001,
        0.8032321500000001,
        0.7834429830000001,
        0.7889476920000001,
        0.8032700250000001,
        0.803504316,
        0.797041858,
        0.785189066,
        0.7824593170000002,
        0.8187430670000001,
        0.7880328590000001,
        0.7899904000000001,
        0.7926298580000001,
        0.7917766500000001,
        0.7962482330000001,
        0.7926814000000001,
        0.7967687330000001,
        0.800007733,
        0.789126108,
        0.7922314830000001,
        0.7783477330000002,
        0.7858089000000001,
        0.9594636500000001,
        0.801966358,
        0.8155850670000001,
        0.7926810670000001,
        0.7787713580000001,
        0.7807512750000001,
        0.7891378580000001,
        0.7843513590000001,
        0.7827210660000001,
        0.9688058580000001,
        0.7983732330000001,
        0.9517388170000001,
        0.7758491920000001,
        0.7869079000000001,
        0.8374342330000001,
        0.7905606920000001,
        0.7962311920000001,
        0.7892699830000001,
        0.8007629830000002,
        0.7964158160000001,
        0.8088336500000001,
        0.7959321500000001,
        0.7861836080000001,
        0.7989618170000001,
        0.8607576080000001,
        0.8792009410000001,
        0.7879771090000001,
        0.794652525,
        0.8180720250000001,
        0.7849068580000002,
        0.8038055250000001,
        0.805887317,
        0.7923414830000001,
        0.7926444000000001,
        0.816965483,
        0.8383851080000001,
        0.8047241910000001,
        0.7999048590000001,
        0.8041669410000001,
        0.7927810670000001,
        0.8292424840000001,
        0.789112192,
        0.9414361080000001,
        0.8113294000000001,
        0.7584504410000001,
        0.8287179840000001,
        0.8328500670000001,
        0.8408008580000002,
        0.7896772750000001,
        0.7726920660000001,
        0.7988676500000002,
        0.7826449840000002,
        0.8153745670000001,
        0.7878669410000001,
        0.8361466080000001,
        0.8142732750000001,
        0.8124689410000001,
        0.7945072330000001,
        0.8004466500000001,
        0.7800433590000001,
        0.7873910660000001,
        0.7953921080000002,
        0.7993364000000001,
        0.7980357750000001,
        0.7962367330000001,
        0.798832775,
        0.7850650670000001,
        0.801550775,
        0.7832438580000001,
        0.7810197750000001,
        0.791463109,
        0.803692566,
        0.7820789830000001,
        0.7875940250000001,
        0.7901308170000001,
        0.8602386500000001
      ],
      "exit_codes": [
        0,
        0,
        0,
        0,
        0,
        0,
        0,
        0,
        0,
        0,
        0,
        0,
        0,
        0,
        0,
        0,
        0,
        0,
        0,
        0,
        0,
        0,
        0,
        0,
        0,
        0,
        0,
        0,
        0,
        0,
        0,
        0,
        0,
        0,
        0,
        0,
        0,
        0,
        0,
        0,
        0,
        0,
        0,
        0,
        0,
        0,
        0,
        0,
        0,
        0,
        0,
        0,
        0,
        0,
        0,
        0,
        0,
        0,
        0,
        0,
        0,
        0,
        0,
        0,
        0,
        0,
        0,
        0,
        0,
        0,
        0,
        0,
        0,
        0,
        0,
        0,
        0,
        0,
        0,
        0,
        0,
        0,
        0,
        0,
        0,
        0,
        0,
        0,
        0,
        0,
        0,
        0,
        0,
        0,
        0,
        0,
        0,
        0,
        0,
        0
      ]
    }
  ]
}
