{
  "results": [
    {
      "command": "warp",
      "mean": 0.20732345382000003,
      "stddev": 0.012047996573616281,
      "median": 0.20555416737999999,
      "user": 0.20582380999999994,
      "system": 0.029876979999999994,
      "min": 0.19502866688,
      "max": 0.29667950088,
      "times": [
        0.20345979188000002,
        0.20100916688,
        0.21215008488,
        0.20149179288,
        0.19777066788,
        0.20968079188,
        0.19968133388,
        0.20711158488,
        0.29667950088,
        0.19502866688,
        0.20471904188,
        0.20208395888,
        0.20601066788,
        0.20041850088000002,
        0.20054633388,
        0.20027970988000002,
        0.20001258488,
        0.19768787588,
        0.20839266788,
        0.20432883388,
        0.20495316688,
        0.19927504288,
        0.20590929188,
        0.20022004288,
        0.19871108388,
        0.21076412588000001,
        0.20328487588,
        0.20461229288000002,
        0.20516650088000002,
        0.20280620988,
        0.20493154288,
        0.20865191788,
        0.20696658388,
        0.20246762588,
        0.20568070888,
        0.20602508388000002,
        0.21363320988,
        0.20654245888,
        0.20718645888,
        0.22484562588,
        0.21311979288000002,
        0.20803775088,
        0.20652987588000002,
        0.20701204288,
        0.20483945888000002,
        0.20439812588,
        0.19837525088,
        0.19704966788,
        0.19704708488,
        0.20251291788,
        0.20283370888000002,
        0.20581000088,
        0.23893966788,
        0.19915025088000002,
        0.19914125088,
        0.20542762588,
        0.20184379188,
        0.20374779288,
        0.20959995888,
        0.20692220988,
        0.20086516688,
        0.20108029288,
        0.20024033388,
        0.20893100088,
        0.25005050088,
        0.20647020988,
        0.20839191788,
        0.20154695988000002,
        0.20718062588,
        0.21410541688,
        0.20193933388000002,
        0.21207579288,
        0.20637037588,
        0.19512416788,
        0.20314391788,
        0.20012975088,
        0.21233258488,
        0.21474575088,
        0.20953987588,
        0.20777737588,
        0.21691416688,
        0.20806216688,
        0.20873716788000002,
        0.21176404288,
        0.20750137588,
        0.20327329288,
        0.20760275088000002,
        0.20187816788000001,
        0.20478679188,
        0.20596491688000002,
        0.20127975088,
        0.20684583488,
        0.22772616788,
        0.20980225088,
        0.20786375088,
        0.19981187588000002,
        0.20430037588,
        0.21777266788000002,
        0.21467220888,
        0.22022866788
      ],
      "exit_codes": [
        0,
        0,
        0,
        0,
        0,
        0,
        0,
        0,
        0,
        0,
        0,
        0,
        0,
        0,
        0,
        0,
        0,
        0,
        0,
        0,
        0,
        0,
        0,
        0,
        0,
        0,
        0,
        0,
        0,
        0,
        0,
        0,
        0,
        0,
        0,
        0,
        0,
        0,
        0,
        0,
        0,
        0,
        0,
        0,
        0,
        0,
        0,
        0,
        0,
        0,
        0,
        0,
        0,
        0,
        0,
        0,
        0,
        0,
        0,
        0,
        0,
        0,
        0,
        0,
        0,
        0,
        0,
        0,
        0,
        0,
        0,
        0,
        0,
        0,
        0,
        0,
        0,
        0,
        0,
        0,
        0,
        0,
        0,
        0,
        0,
        0,
        0,
        0,
        0,
        0,
        0,
        0,
        0,
        0,
        0,
        0,
        0,
        0,
        0,
        0
      ]
    },
    {
      "command": "cargo",
      "mean": 1.7202919391600004,
      "stddev": 0.224698270574424,
      "median": 1.6524534593800002,
      "user": 0.60976529,
      "system": 0.8301700299999998,
      "min": 1.4798678758800001,
      "max": 2.91492437588,
      "times": [
        1.90145379188,
        1.6789987088800002,
        1.4798678758800001,
        1.56998141788,
        1.6252070008800001,
        1.61989450088,
        1.8730639168800003,
        1.6977600848800003,
        1.52140745988,
        1.6022044588800002,
        1.5680255838800001,
        2.1410316258799997,
        1.53394979288,
        1.5621138758800002,
        1.56316266688,
        1.5318065838800001,
        1.8937958758800002,
        1.7174176678800002,
        1.6069274588800002,
        1.6358721258800002,
        1.7154792088800002,
        1.6208693338800002,
        1.6068582098800002,
        1.80824645888,
        1.59875637588,
        2.0454157508799997,
        1.52111191688,
        1.6326077088800002,
        1.59398383388,
        1.7526186678800002,
        2.09317133388,
        1.6338912088800002,
        1.8324504588800001,
        1.6670292928800001,
        1.7887945848800002,
        1.70340600088,
        1.6462374588800002,
        1.5995418338800003,
        1.6510392098800002,
        1.9379955008800003,
        1.72012091788,
        1.6487388338800002,
        1.67668429288,
        1.6824240428800001,
        1.8595057508800001,
        1.63084166688,
        2.0528030838799998,
        1.50137037588,
        1.50194395888,
        1.72718700088,
        1.76061250088,
        1.94890137588,
        1.64559483488,
        1.6621361258800003,
        1.5843747088800002,
        1.5236983758800002,
        1.82930937588,
        2.03457987588,
        1.67487670888,
        1.5842946678800003,
        1.51726450088,
        1.63654104288,
        1.6543912088800001,
        2.12622529288,
        1.7033469598800002,
        2.91492437588,
        1.6538677088800002,
        1.61330266788,
        1.49614837588,
        1.6769930008800003,
        1.6166343348800003,
        2.05832520888,
        1.5367792088800003,
        1.5003690848800002,
        1.8862196258800001,
        1.61260658388,
        1.7542974588800002,
        1.56876175088,
        1.58041820888,
        2.1834170838799998,
        1.65783162588,
        1.90056695888,
        1.54606825088,
        1.58984075088,
        1.5445284588800001,
        1.6072267918800003,
        1.5398242508800002,
        1.63840512588,
        1.6831718338800001,
        1.5473061678800002,
        1.54508745888,
        1.9102587928800001,
        1.5665580008800002,
        2.03650100088,
        2.6339102088799997,
        1.8621552088800002,
        1.6751807088800001,
        1.7954183758800002,
        1.6953287088800002,
        1.7397462508800001
      ],
      "exit_codes": [
        0,
        0,
        0,
        0,
        0,
        0,
        0,
        0,
        0,
        0,
        0,
        0,
        0,
        0,
        0,
        0,
        0,
        0,
        0,
        0,
        0,
        0,
        0,
        0,
        0,
        0,
        0,
        0,
        0,
        0,
        0,
        0,
        0,
        0,
        0,
        0,
        0,
        0,
        0,
        0,
        0,
        0,
        0,
        0,
        0,
        0,
        0,
        0,
        0,
        0,
        0,
        0,
        0,
        0,
        0,
        0,
        0,
        0,
        0,
        0,
        0,
        0,
        0,
        0,
        0,
        0,
        0,
        0,
        0,
        0,
        0,
        0,
        0,
        0,
        0,
        0,
        0,
        0,
        0,
        0,
        0,
        0,
        0,
        0,
        0,
        0,
        0,
        0,
        0,
        0,
        0,
        0,
        0,
        0,
        0,
        0,
        0,
        0,
        0,
        0
      ]
    }
  ]
}
