{
  "results": [
    {
      "command": "warp",
      "mean": 0.3335405462300002,
      "stddev": 0.013578601233767033,
      "median": 0.33239517078,
      "user": 0.3376030799999999,
      "system": 0.03840993000000001,
      "min": 0.30926571278,
      "max": 0.38918400478000004,
      "times": [
        0.31286133678,
        0.31160521178,
        0.32585671278,
        0.31749750378,
        0.30926571278,
        0.32534571278,
        0.31598575478,
        0.31092696178,
        0.31024500478,
        0.31827258778,
        0.32611129578000003,
        0.32438983678,
        0.32888375378,
        0.32475362978,
        0.33655562878,
        0.33528600478000004,
        0.33413921278000003,
        0.31971179578000003,
        0.32018837978000003,
        0.32237267078,
        0.31826596178,
        0.34168771278,
        0.33901421278,
        0.33779087978,
        0.32102242078,
        0.32734917078000003,
        0.32736962878000003,
        0.32292733778,
        0.31818800478000003,
        0.32298700378,
        0.31294317078,
        0.32013758778,
        0.31688342078,
        0.32223192078,
        0.32511396178,
        0.32781821278,
        0.33078529578,
        0.33977892078,
        0.34210192078,
        0.33195654578,
        0.34783887878,
        0.34014937878,
        0.34713442078,
        0.34554708678,
        0.34871004578000003,
        0.33434454578,
        0.32117529578,
        0.31844346278,
        0.32729896178,
        0.32655712878,
        0.32248550378,
        0.33070367078,
        0.36105875478,
        0.35436675478,
        0.34436117078,
        0.35437008778,
        0.34720642078,
        0.33452108778,
        0.33533987878,
        0.32572646178000003,
        0.35026271178,
        0.32148362978,
        0.32138208678,
        0.33416017078,
        0.33948383778,
        0.33923854578,
        0.35108887878,
        0.33046950378,
        0.32333333778,
        0.32454192078,
        0.34018250378000003,
        0.34292012978,
        0.38918400478000004,
        0.36130129578000003,
        0.34811221278,
        0.33971258678,
        0.35075125378,
        0.36160996178,
        0.34323121278,
        0.33864287978,
        0.32811008778,
        0.33035696278,
        0.33972583778,
        0.33283379578,
        0.34050787978,
        0.33526758778,
        0.35426154578,
        0.33635967078,
        0.33811467078,
        0.33776504578,
        0.32569075378,
        0.34702237878000003,
        0.33782475478,
        0.33057429578,
        0.33139333678,
        0.33079196278,
        0.33402433778,
        0.35321367078,
        0.34095821278,
        0.35421817078
      ],
      "exit_codes": [
        0,
        0,
        0,
        0,
        0,
        0,
        0,
        0,
        0,
        0,
        0,
        0,
        0,
        0,
        0,
        0,
        0,
        0,
        0,
        0,
        0,
        0,
        0,
        0,
        0,
        0,
        0,
        0,
        0,
        0,
        0,
        0,
        0,
        0,
        0,
        0,
        0,
        0,
        0,
        0,
        0,
        0,
        0,
        0,
        0,
        0,
        0,
        0,
        0,
        0,
        0,
        0,
        0,
        0,
        0,
        0,
        0,
        0,
        0,
        0,
        0,
        0,
        0,
        0,
        0,
        0,
        0,
        0,
        0,
        0,
        0,
        0,
        0,
        0,
        0,
        0,
        0,
        0,
        0,
        0,
        0,
        0,
        0,
        0,
        0,
        0,
        0,
        0,
        0,
        0,
        0,
        0,
        0,
        0,
        0,
        0,
        0,
        0,
        0,
        0
      ]
    },
    {
      "command": "cargo",
      "mean": 1.6148691782200002,
      "stddev": 0.023446992917335905,
      "median": 1.6128959207800002,
      "user": 0.5779349599999997,
      "system": 0.77446013,
      "min": 1.5600700877800002,
      "max": 1.74709787878,
      "times": [
        1.74709787878,
        1.6041298787800002,
        1.6504105457800002,
        1.6203005457800002,
        1.61487637878,
        1.6148321287800003,
        1.6130431707800001,
        1.59964308678,
        1.6214975047800002,
        1.6311187117800001,
        1.60604300478,
        1.6316423367800001,
        1.6082895867800002,
        1.6135970457800002,
        1.6215263797800001,
        1.5893412537800002,
        1.6111455457800001,
        1.6030124617800001,
        1.6951878377800003,
        1.58502175378,
        1.5906717117800002,
        1.6150043367800002,
        1.5600700877800002,
        1.59027850378,
        1.6155867537800002,
        1.60771100478,
        1.5883944207800003,
        1.6294425457800001,
        1.6250267957800002,
        1.6057760877800002,
        1.6196224207800003,
        1.61302604578,
        1.6197329207800002,
        1.5958739207800001,
        1.6300610047800002,
        1.6107586287800002,
        1.6069225457800003,
        1.5931603787800002,
        1.6076167957800003,
        1.6181442547800002,
        1.58599900378,
        1.62297012878,
        1.61267912878,
        1.59799250378,
        1.61308275378,
        1.61659450378,
        1.6201070457800002,
        1.6200496707800003,
        1.6062087957800002,
        1.6291688787800003,
        1.7093794207800002,
        1.5986270877800002,
        1.6229269627800003,
        1.5862050037800002,
        1.6353105877800003,
        1.6271566707800003,
        1.63401008678,
        1.6047247127800002,
        1.6151448787800002,
        1.6106486287800001,
        1.5898874207800002,
        1.6172020877800002,
        1.6127657957800001,
        1.6225930457800002,
        1.62924425378,
        1.6306577957800001,
        1.59061079578,
        1.6258872127800001,
        1.6123254207800002,
        1.6138740457800003,
        1.61323158778,
        1.6178995037800001,
        1.6108845877800002,
        1.6137681297800002,
        1.6151116707800002,
        1.61077400378,
        1.6195614627800001,
        1.60632421178,
        1.6122933377800002,
        1.6073533367800001,
        1.6236771287800003,
        1.6061401707800003,
        1.6339423377800002,
        1.60045525378,
        1.6050099207800002,
        1.61120254578,
        1.64268483678,
        1.5999969207800002,
        1.6105954207800002,
        1.61092279578,
        1.5955911707800001,
        1.6241338787800002,
        1.6173905047800001,
        1.6105765877800002,
        1.59460179578,
        1.6084157127800003,
        1.6040808367800001,
        1.5954481707800001,
        1.58344967078,
        1.6427277957800002
      ],
      "exit_codes": [
        0,
        0,
        0,
        0,
        0,
        0,
        0,
        0,
        0,
        0,
        0,
        0,
        0,
        0,
        0,
        0,
        0,
        0,
        0,
        0,
        0,
        0,
        0,
        0,
        0,
        0,
        0,
        0,
        0,
        0,
        0,
        0,
        0,
        0,
        0,
        0,
        0,
        0,
        0,
        0,
        0,
        0,
        0,
        0,
        0,
        0,
        0,
        0,
        0,
        0,
        0,
        0,
        0,
        0,
        0,
        0,
        0,
        0,
        0,
        0,
        0,
        0,
        0,
        0,
        0,
        0,
        0,
        0,
        0,
        0,
        0,
        0,
        0,
        0,
        0,
        0,
        0,
        0,
        0,
        0,
        0,
        0,
        0,
        0,
        0,
        0,
        0,
        0,
        0,
        0,
        0,
        0,
        0,
        0,
        0,
        0,
        0,
        0,
        0,
        0
      ]
    }
  ]
}
