{
  "results": [
    {
      "command": "warp",
      "mean": 1.39757162791,
      "stddev": 0.48629698280052214,
      "median": 1.2789161917,
      "user": 1.61479839,
      "system": 0.17674769000000012,
      "min": 1.1979780247,
      "max": 5.2109506917,
      "times": [
        1.2979063576999998,
        1.3102931077,
        1.2097959006999999,
        1.2012488997,
        1.1979780247,
        1.2277889416999999,
        1.2180568996999999,
        1.7197695257,
        1.2163244837,
        1.3445033167,
        1.2074233997,
        1.2201791087,
        1.3454084827,
        1.3863457746999999,
        1.2033371497,
        1.2897914417,
        1.2116920246999998,
        1.2144199836999998,
        1.2326800667,
        1.2288734417,
        1.2112746917,
        1.3268661917,
        1.2260694417,
        1.2271521087,
        1.2338304837,
        1.3371909417,
        1.2470607337,
        1.2292044416999999,
        1.2253587337,
        1.2926684837,
        1.2317373587,
        1.2187899837,
        1.3517783587,
        1.3635026497,
        1.2276840247,
        1.2183454827,
        1.2220066497,
        1.3500173587,
        1.2519904417,
        1.2432364827,
        1.3675219007,
        1.2372427746999999,
        1.2308662327,
        1.2483793167,
        1.2903821496999999,
        1.2997723587,
        1.4243822747,
        1.2409644827,
        1.2664382746999998,
        1.3591595247,
        1.2485354007,
        1.2532962327,
        1.2503991087,
        1.2714654837,
        1.2699771087,
        1.2571756916999999,
        1.2904624827,
        1.3224946497,
        1.2458577757,
        1.9056444007,
        5.2109506917,
        2.8580521917,
        1.4031841507,
        1.3823713587,
        3.4082375667,
        1.3414067756999999,
        1.2622115246999999,
        1.2603182747,
        1.2617654417,
        1.2584787327,
        1.7515203167,
        1.2683523586999998,
        1.3275902336999998,
        1.2431531497,
        1.2618111507,
        1.2602998167,
        1.5348644827,
        1.3594320247,
        1.2735899837,
        1.2834189827,
        1.2608812747,
        1.3869766497,
        1.8328226087000001,
        1.2927734416999999,
        1.3863600667,
        1.2847567327,
        1.2906269417,
        1.2921946087,
        1.5756175666999999,
        1.2875936087,
        1.2857301087,
        1.4501292327,
        1.2794629417,
        1.3947467747,
        2.0074839837000003,
        1.5035817327,
        1.2783694417,
        1.5705148587,
        1.5950297747,
        1.2905022327
      ],
      "exit_codes": [
        0,
        0,
        0,
        0,
        0,
        0,
        0,
        0,
        0,
        0,
        0,
        0,
        0,
        0,
        0,
        0,
        0,
        0,
        0,
        0,
        0,
        0,
        0,
        0,
        0,
        0,
        0,
        0,
        0,
        0,
        0,
        0,
        0,
        0,
        0,
        0,
        0,
        0,
        0,
        0,
        0,
        0,
        0,
        0,
        0,
        0,
        0,
        0,
        0,
        0,
        0,
        0,
        0,
        0,
        0,
        0,
        0,
        0,
        0,
        0,
        0,
        0,
        0,
        0,
        0,
        0,
        0,
        0,
        0,
        0,
        0,
        0,
        0,
        0,
        0,
        0,
        0,
        0,
        0,
        0,
        0,
        0,
        0,
        0,
        0,
        0,
        0,
        0,
        0,
        0,
        0,
        0,
        0,
        0,
        0,
        0,
        0,
        0,
        0,
        0
      ]
    },
    {
      "command": "cargo",
      "mean": 1.4626317716800004,
      "stddev": 0.07971605565321374,
      "median": 1.4345989417,
      "user": 0.5773082099999998,
      "system": 0.7336771500000008,
      "min": 1.3360126087,
      "max": 1.8490225246999998,
      "times": [
        1.5198013167,
        1.3995149836999998,
        1.4254123996999999,
        1.4158243587,
        1.3997781497,
        1.3972256916999999,
        1.4309205247,
        1.5699849416999998,
        1.4084877747,
        1.5166964417,
        1.4055013167,
        1.5238828997,
        1.4244219837,
        1.4289678997,
        1.4208540257,
        1.4798726087,
        1.4255328587,
        1.5124621916999998,
        1.4041313577,
        1.5266745247,
        1.4149114417,
        1.5823518167,
        1.3416018167,
        1.5092845247,
        1.4480818576999999,
        1.4351716917,
        1.4807175666999999,
        1.4445428587,
        1.6166198166999999,
        1.4118404837,
        1.4169182756999998,
        1.4186092757,
        1.4568049837,
        1.4213976917,
        1.5018722747,
        1.6029093997,
        1.4373628587,
        1.4082613167,
        1.4217611087,
        1.4015650667,
        1.5171526507,
        1.6393418587,
        1.4677584417,
        1.4215460247,
        1.4966357746999999,
        1.4971965246999999,
        1.4239635247,
        1.4784429007,
        1.5431294416999999,
        1.5935877326999999,
        1.4070811087,
        1.5998087337,
        1.4193270247,
        1.4215696507,
        1.4136984417,
        1.4461468587,
        1.4755669417,
        1.5413796917,
        1.4117684826999999,
        1.4316559837,
        1.4010498997,
        1.4878857327,
        1.3877043587,
        1.4340261917,
        1.4100890247,
        1.4922328587,
        1.4404772337,
        1.5338619417,
        1.4295334837,
        1.4109097327,
        1.3817613167,
        1.4190023577,
        1.4825806507,
        1.4524721086999999,
        1.5803159837,
        1.4571781497,
        1.5306173996999999,
        1.7714756087,
        1.4472233167,
        1.3638889827,
        1.4382779417,
        1.3711580247,
        1.4590600667,
        1.4212977327,
        1.4063688167,
        1.3932136077,
        1.3360126087,
        1.4080485667,
        1.8490225246999998,
        1.4651786086999998,
        1.5255927327,
        1.4156252337,
        1.4593699006999998,
        1.5294440246999998,
        1.4979100247000001,
        1.3922193996999999,
        1.4088920246999999,
        1.4087084417,
        1.4941064416999998,
        1.4140919417
      ],
      "exit_codes": [
        0,
        0,
        0,
        0,
        0,
        0,
        0,
        0,
        0,
        0,
        0,
        0,
        0,
        0,
        0,
        0,
        0,
        0,
        0,
        0,
        0,
        0,
        0,
        0,
        0,
        0,
        0,
        0,
        0,
        0,
        0,
        0,
        0,
        0,
        0,
        0,
        0,
        0,
        0,
        0,
        0,
        0,
        0,
        0,
        0,
        0,
        0,
        0,
        0,
        0,
        0,
        0,
        0,
        0,
        0,
        0,
        0,
        0,
        0,
        0,
        0,
        0,
        0,
        0,
        0,
        0,
        0,
        0,
        0,
        0,
        0,
        0,
        0,
        0,
        0,
        0,
        0,
        0,
        0,
        0,
        0,
        0,
        0,
        0,
        0,
        0,
        0,
        0,
        0,
        0,
        0,
        0,
        0,
        0,
        0,
        0,
        0,
        0,
        0,
        0
      ]
    }
  ]
}
