{
  "results": [
    {
      "command": "warp",
      "mean": 0.20390637082,
      "stddev": 0.019518826239919195,
      "median": 0.20074785032000003,
      "user": 0.20226007000000001,
      "system": 0.029331699999999992,
      "min": 0.18897549732000002,
      "max": 0.35809299632,
      "times": [
        0.19407391332,
        0.19223257932,
        0.19667245432000002,
        0.19337620532000002,
        0.19692495532,
        0.19491541332000004,
        0.19312812132,
        0.20013783032000002,
        0.19167416332000003,
        0.20459370532,
        0.19472653832000003,
        0.19183687232000002,
        0.18897549732000002,
        0.19494545532000002,
        0.19412862132000003,
        0.20555303832000002,
        0.19758120532000004,
        0.19393437232000002,
        0.19642449632000003,
        0.20209057932000002,
        0.20009270532000004,
        0.19705591332000003,
        0.19212520432000002,
        0.20816616332000001,
        0.19361824632000002,
        0.21015078832000003,
        0.19579624632000003,
        0.19932316332000002,
        0.20334249732000004,
        0.19478808032000003,
        0.20033262132000001,
        0.20656528832,
        0.19174724632000004,
        0.19503932932000004,
        0.19906299732000002,
        0.20851795532000003,
        0.20727595432000004,
        0.19339537232000004,
        0.20063349632000002,
        0.20899782932000002,
        0.21372878832000003,
        0.19591749632000002,
        0.19990291332000001,
        0.19731066332000002,
        0.19680524732000002,
        0.19269720432000004,
        0.20667487132000004,
        0.20257308032000002,
        0.19596403832000003,
        0.19305953832000003,
        0.21113524632000003,
        0.19784249632000003,
        0.19459495532,
        0.20097628832000003,
        0.20982678832,
        0.21331107932,
        0.20284570532,
        0.20027232932000003,
        0.20311045532000002,
        0.19599933032000003,
        0.20724658032,
        0.20403583032000003,
        0.20050066332000002,
        0.20415441332000003,
        0.35809299632,
        0.20105095532000003,
        0.20233549632000003,
        0.20839774632000002,
        0.20552103832000002,
        0.20740649732000002,
        0.20086220432000002,
        0.20400803832000003,
        0.21102287232000003,
        0.20401628832000002,
        0.19966566332000002,
        0.20540070432000002,
        0.21204253832000003,
        0.29996053832,
        0.20014778832000002,
        0.21709983032000002,
        0.20877403832000002,
        0.19593612232000002,
        0.21503682932000004,
        0.20231720532000003,
        0.19177041332000003,
        0.19696408032,
        0.20383837132000002,
        0.20673508032000001,
        0.20544045432000002,
        0.20981753832000002,
        0.20391703832000002,
        0.20562107932000004,
        0.20685166332000002,
        0.20875416332000002,
        0.20581391332,
        0.20717478832000003,
        0.19965512232000002,
        0.19961258032000004,
        0.21641524732000003,
        0.19872103832000002
      ],
      "exit_codes": [
        0,
        0,
        0,
        0,
        0,
        0,
        0,
        0,
        0,
        0,
        0,
        0,
        0,
        0,
        0,
        0,
        0,
        0,
        0,
        0,
        0,
        0,
        0,
        0,
        0,
        0,
        0,
        0,
        0,
        0,
        0,
        0,
        0,
        0,
        0,
        0,
        0,
        0,
        0,
        0,
        0,
        0,
        0,
        0,
        0,
        0,
        0,
        0,
        0,
        0,
        0,
        0,
        0,
        0,
        0,
        0,
        0,
        0,
        0,
        0,
        0,
        0,
        0,
        0,
        0,
        0,
        0,
        0,
        0,
        0,
        0,
        0,
        0,
        0,
        0,
        0,
        0,
        0,
        0,
        0,
        0,
        0,
        0,
        0,
        0,
        0,
        0,
        0,
        0,
        0,
        0,
        0,
        0,
        0,
        0,
        0,
        0,
        0,
        0,
        0
      ]
    },
    {
      "command": "cargo",
      "mean": 1.0837590712300003,
      "stddev": 0.148396959356724,
      "median": 1.0249752678200001,
      "user": 0.60790553,
      "system": 0.8208014499999998,
      "min": 0.90680762132,
      "max": 1.60478949732,
      "times": [
        1.05313087132,
        1.2621583713200002,
        0.95805887132,
        1.4276009973200001,
        0.99005545532,
        0.99059095432,
        1.28544737132,
        0.9755260803200001,
        1.0238439963200001,
        0.99390195432,
        1.31576432932,
        0.9328251633200001,
        1.2004352043200002,
        1.0916460383200002,
        1.0243375383200002,
        1.0051103303200002,
        0.9776794133200001,
        0.97354920532,
        1.15174170432,
        1.00068978832,
        1.01302003832,
        1.53122262132,
        0.9844962473200001,
        1.1717889543200002,
        1.02598474632,
        1.3053134963200002,
        0.97589978832,
        1.0401109133200002,
        0.96849920532,
        1.16428649732,
        0.94044733032,
        1.01052791332,
        0.96906224632,
        1.38839328832,
        0.9120944133200001,
        0.99081949632,
        1.2136803713200002,
        1.10036349732,
        0.95439403832,
        0.96244770532,
        1.60478949732,
        1.07709753832,
        1.02034374632,
        1.24769653832,
        0.9856979973200001,
        1.00418949632,
        1.02983366332,
        1.4347484963200001,
        1.00042308032,
        0.9538081633200001,
        1.00930824632,
        0.9379940803200001,
        0.95168383032,
        0.97759303832,
        1.0408947883200002,
        1.26174270532,
        1.23236491332,
        0.90680762132,
        1.3561420383200002,
        1.01068470532,
        1.0829263293200002,
        1.0581029133200002,
        1.3376459973200001,
        0.9648971633200001,
        1.0233691633200002,
        1.0592839553200002,
        1.12094841332,
        0.96120070432,
        1.1369749553200001,
        1.2488639963200001,
        0.9600577463200001,
        0.91458383032,
        1.0580017883200001,
        1.49734053832,
        1.00456428832,
        0.97000628832,
        0.96641332932,
        1.02561299732,
        1.10738474732,
        1.0454025793200001,
        1.11015820432,
        1.1415410803200001,
        1.01077520532,
        0.99329378832,
        1.2398807043200002,
        1.08408678832,
        1.0284876633200002,
        1.0503398723200001,
        0.99084808032,
        1.09497691332,
        1.05098541332,
        1.28161870532,
        0.93437662132,
        0.96946349732,
        1.03789603832,
        1.2131251633200002,
        1.0105787883200001,
        1.01367374632,
        1.01495191332,
        1.2604765803200002
      ],