{
  "results": [
    {
      "command": "warp",
      "mean": 0.2510383796099999,
      "stddev": 0.03164769374669964,
      "median": 0.24232448186,
      "user": 0.26214766000000006,
      "system": 0.03175678,
      "min": 0.21007958586,
      "max": 0.37275562786000005,
      "times": [
        0.24923700186,
        0.25458883586000003,
        0.26208883586000004,
        0.24179446086,
        0.37275562786000005,
        0.32277862786000006,
        0.22783108586,
        0.23689312686,
        0.27587596086000005,
        0.22521537786,
        0.25064500286,
        0.24724258586,
        0.25144008586000005,
        0.24955287786,
        0.34488000286000003,
        0.26755025186000003,
        0.22571441986000002,
        0.26168312686000006,
        0.22827029486,
        0.23672237786,
        0.23131400286,
        0.24402162686000003,
        0.24033512686,
        0.23611629386000002,
        0.32666621086000003,
        0.22090004386,
        0.22095633586000002,
        0.23267046086,
        0.23407425286,
        0.22077975286,
        0.24132071086,
        0.28639412786,
        0.22018783586000001,
        0.28319125286,
        0.23185425286,
        0.23197179386,
        0.24865212686000002,
        0.25448404386000006,
        0.28480754386,
        0.25206591986000004,
        0.23571258586000002,
        0.22990641886000002,
        0.23016112686,
        0.21007958586,
        0.23938971086000002,
        0.24285450286000002,
        0.26525716986000003,
        0.24976946086,
        0.25271250186000005,
        0.25098850286,
        0.25296308586000005,
        0.30613646086,
        0.22927012786,
        0.23687450186,
        0.24096916886,
        0.22629512686,
        0.22338029486,
        0.30662571086000007,
        0.27814550186000003,
        0.23345329386000002,
        0.21063662786,
        0.25420896086000005,
        0.34961462686000006,
        0.23481954386,
        0.22941146086,
        0.29635966986000006,
        0.23449441886,
        0.21226691986000001,
        0.29513850186,
        0.24041166886,
        0.23185512786,
        0.21750175286,
        0.23477246086,
        0.29139796086,
        0.21825275286,
        0.21750616986000001,
        0.22740937786,
        0.24510187786,
        0.29470446086,
        0.24718266885999998,
        0.26816050286000004,
        0.23797679386,
        0.24326479386,
        0.24763562786,
        0.24157679386,
        0.24569779385999999,
        0.23887941986,
        0.22767566886,
        0.26448100286000004,
        0.22477112786,
        0.24157300286,
        0.25575025286,
        0.23407137786,
        0.33840800186000003,
        0.24690762786,
        0.28358737686,
        0.21422187786000002,
        0.24929458586,
        0.24833425186,
        0.25205454486000006
      ],
      "exit_codes": [
        0,
        0,
        0,
        0,
        0,
        0,
        0,
        0,
        0,
        0,
        0,
        0,
        0,
        0,
        0,
        0,
        0,
        0,
        0,
        0,
        0,
        0,
        0,
        0,
        0,
        0,
        0,
        0,
        0,
        0,
        0,
        0,
        0,
        0,
        0,
        0,
        0,
        0,
        0,
        0,
        0,
        0,
        0,
        0,
        0,
        0,
        0,
        0,
        0,
        0,
        0,
        0,
        0,
        0,
        0,
        0,
        0,
        0,
        0,
        0,
        0,
        0,
        0,
        0,
        0,
        0,
        0,
        0,
        0,
        0,
        0,
        0,
        0,
        0,
        0,
        0,
        0,
        0,
        0,
        0,
        0,
        0,
        0,
        0,
        0,
        0,
        0,
        0,
        0,
        0,
        0,
        0,
        0,
        0,
        0,
        0,
        0,
        0,
        0,
        0
      ]
    },
    {
      "command": "cargo",
      "mean": 0.49063722378999997,
      "stddev": 0.014521503864680567,
      "median": 0.48727414836000005,
      "user": 0.24217024000000006,
      "system": 0.21200459999999985,
      "min": 0.45456516986000006,
      "max": 0.56027837786,
      "times": [
        0.51735283586,
        0.48310471086000006,
        0.48208837686000006,
        0.48210608586000003,
        0.47675325186000006,
        0.46916854386000006,
        0.46830158586000004,
        0.48134812786000003,
        0.49539208586000005,
        0.4871957108600001,
        0.48003175286000005,
        0.48669416886000005,
        0.4887393768600001,
        0.47266791886000004,
        0.48262250286,
        0.49238625286000004,
        0.48933129386000007,
        0.5021654188600001,
        0.48812787786000006,
        0.48280150286000006,
        0.48275854386000006,
        0.47324487686000005,
        0.48298762786000005,
        0.49666133586000005,
        0.4867312528600001,
        0.49050933586000006,
        0.4859014608600001,
        0.4814149608600001,
        0.48403037786,
        0.49695950286,
        0.4980517108600001,
        0.49427562786,
        0.49468112786000007,
        0.49221925186000004,
        0.49487721086,
        0.5028095018600001,
        0.4972158778600001,
        0.49523133586,
        0.5050068358600001,
        0.50980783586,
        0.5050780018600001,
        0.5002289188600001,
        0.49915937686,
        0.5279705448600001,
        0.50080471086,
        0.5023877938600001,
        0.47847487686000006,
        0.50131879386,
        0.5157670028600001,
        0.56027837786,
        0.5153457528600001,
        0.5130345858600001,
        0.50119229486,
        0.48265675286000004,
        0.47818191986,
        0.48242287786000004,
        0.48471046086,
        0.4846055858600001,
        0.48882979486000006,
        0.47502237786000007,
        0.4873525858600001,
        0.48328129386000007,
        0.49997450286,
        0.49098712686000007,
        0.48647308586000004,
        0.5438660028600001,
        0.48948229386000003,
        0.47564233586000004,
        0.48225408586000007,
        0.49482183586000006,
        0.49103400286000004,
        0.48616133586000004,
        0.48424591886000007,
        0.48285029386000006,
        0.48002071086000003,
        0.47984362786000007,
        0.49992158586,
        0.45456516986000006,
        0.4847575028600001,
        0.49571058586000005,
        0.46646516886000006,
        0.48362675186000004,
        0.4868531688600001,
        0.50400766986,
        0.48568733586000007,
        0.48709950286000003,
        0.48559475286000003,
        0.49183004386000007,
        0.4987590028600001,
        0.49497375286,
        0.49308946086000005,
        0.48539762786000007,
        0.4906804188600001,
        0.47883129386000006,
        0.48320241886000004,
        0.48401687786,
        0.49151346086000003,
        0.49569900286,
        0.47429825286000005,
        0.47762475286000006
      ],