{
  "results": [
    {
      "command": "warp",
      "mean": 0.45847437077000003,
      "stddev": 0.0043424643713121415,
      "median": 0.45836096894,
      "user": 0.47224548000000005,
      "system": 0.044532359999999986,
      "min": 0.44422165594,
      "max": 0.47711498994,
      "times": [
        0.45467253194,
        0.46349548994,
        0.45856244894000003,
        0.45362078194,
        0.45388115694000003,
        0.45307353094,
        0.46462203094000004,
        0.45169657394,
        0.45541565694,
        0.45617011494000004,
        0.45454994794000003,
        0.45242357294,
        0.46153323994,
        0.45769873994000004,
        0.45594294894000004,
        0.45846944894,
        0.45709382294,
        0.46274786494000003,
        0.45951590594,
        0.45716798994,
        0.45961298994,
        0.44992215694000004,
        0.45659194794,
        0.46054007294000004,
        0.45616761494,
        0.46027628194000003,
        0.45755594794000004,
        0.46002490694000003,
        0.46444911494,
        0.45911198994,
        0.45432569794,
        0.45463903194,
        0.46004907294,
        0.45371053094,
        0.46048540694,
        0.45302611494,
        0.45969690694000004,
        0.45121111494000005,
        0.45549998994,
        0.45914528194000004,
        0.45747319894000005,
        0.45558898994,
        0.46432940694,
        0.45828123994000003,
        0.45675557294,
        0.44422165594,
        0.46229448994,
        0.45948932294,
        0.45969369794000003,
        0.45796994794,
        0.45751194794,
        0.45844069794000003,
        0.46420186494000004,
        0.45908690694000004,
        0.45888890594000004,
        0.47711498994,
        0.46150486494000004,
        0.46977044794,
        0.45451190694000004,
        0.45788736494000004,
        0.45079878194,
        0.46184928194,
        0.45536173994,
        0.45859173994,
        0.46254198994,
        0.45821853094000004,
        0.46494353194000004,
        0.45580786494000003,
        0.46186594794,
        0.45688244794000005,
        0.46226178194,
        0.45868373994,
        0.45986357294,
        0.45503603194000003,
        0.45577786494,
        0.45880682294,
        0.45626707294,
        0.45595061494,
        0.46191482294,
        0.45731594894,
        0.46354644794,
        0.45867369894000004,
        0.45845057294,
        0.45617253194,
        0.45900732394000004,
        0.45452836494000004,
        0.45782107294,
        0.46426744894,
        0.45686328194000003,
        0.46145128094000004,
        0.45796344794000005,
        0.46665490694,
        0.45730557394000004,
        0.45614861494000003,
        0.45577873994,
        0.46030273994000004,
        0.46064348994000004,
        0.46458169794000004,
        0.46421757294000005,
        0.46090473994000003
      ],
      "exit_codes": [
        0,
        0,
        0,
        0,
        0,
        0,
        0,
        0,
        0,
        0,
        0,
        0,
        0,
        0,
        0,
        0,
        0,
        0,
        0,
        0,
        0,
        0,
        0,
        0,
        0,
        0,
        0,
        0,
        0,
        0,
        0,
        0,
        0,
        0,
        0,
        0,
        0,
        0,
        0,
        0,
        0,
        0,
        0,
        0,
        0,
        0,
        0,
        0,
        0,
        0,
        0,
        0,
        0,
        0,
        0,
        0,
        0,
        0,
        0,
        0,
        0,
        0,
        0,
        0,
        0,
        0,
        0,
        0,
        0,
        0,
        0,
        0,
        0,
        0,
        0,
        0,
        0,
        0,
        0,
        0,
        0,
        0,
        0,
        0,
        0,
        0,
        0,
        0,
        0,
        0,
        0,
        0,
        0,
        0,
        0,
        0,
        0,
        0,
        0,
        0
      ]
    },
    {
      "command": "cargo",
      "mean": 1.5398071865499994,
      "stddev": 0.30146029967508253,
      "median": 1.42122959394,
      "user": 0.33811511999999994,
      "system": 0.21026464000000009,
      "min": 1.2320394479399999,
      "max": 2.45682028194,
      "times": [
        1.38300419894,
        1.54572698994,
        1.38323228094,
        1.31402390694,
        1.34452307294,
        2.22787269794,
        1.38606961494,
        1.44208590694,
        1.3504482819399999,
        1.23873457294,
        1.33848153094,
        2.45177144794,
        2.08072290594,
        1.4753424069399999,
        1.41815232294,
        1.3368165319399998,
        1.38383523994,
        1.32463803194,
        2.45682028194,
        1.4924014479399998,
        1.78891128194,
        1.4294604899399999,
        1.75694719794,
        1.42159765694,
        1.90355603194,
        1.45943636494,
        1.3499939479399998,
        1.48248690594,
        1.72014565694,
        1.32923236494,
        1.41007940694,
        1.34153269794,
        1.40045365594,
        1.36213865694,
        1.5648039059399999,
        1.37576761494,
        1.34246282294,
        1.7781300739399999,
        1.43261644894,
        2.40702240694,
        1.91406365694,
        1.43568523994,
        1.44400453194,
        1.28779994894,
        1.43315853094,
        2.17736132294,
        1.7628485729399999,
        1.4436299479399999,
        1.4233604899399999,
        1.56137461494,
        1.83735582294,
        1.45435490694,
        2.35571182294,
        1.36836540694,
        1.32817823994,
        1.42086153094,
        1.51633890594,
        1.2363500729399999,
        1.44677207394,
        1.3468447399399999,
        1.2320394479399999,
        1.3316281559399998,
        1.30864365694,
        1.48211969894,
        1.24304744794,
        1.43722315694,
        1.34955944794,
        1.39831836494,
        2.07994490694,
        2.29319419794,
        1.8624615739400001,
        1.35453003094,
        1.37307311494,
        1.48877836494,
        1.78378128194,
        1.36061703194,
        1.33797023994,
        1.36057573994,
        1.46713411494,
        1.41805207294,
        2.01915753194,
        1.36117282294,
        1.59015178194,
        1.55212644794,
        2.35844065594,
        1.36050144794,
        1.38836461494,
        1.34812569794,
        1.4112944059399999,
        1.3910320729399999,
        1.37463403194,
        1.3895320309399999,
        1.76375640594,
        1.37965744894,
        1.42379119794,
        1.35881673994,
        1.24041711494,
        1.41179682294,
        1.8301186569399999,
        1.43923903094
      ],
      "exit_codes": [
        0,
        0,
        0,
        0,
        0,
        0,
        0,
        0,
        0,
        0,
        0,
        0,
        0,
        0,
        0,
        0,
        0,
        0,
        0,
        0,
        0,
        0,
        0,
        0,
        0,
        0,
        0,
        0,
        0,
        0,
        0,
        0,
        0,
        0,
        0,
        0,
        0,
        0,
        0,
        0,
        0,
        0,
        0,
        0,
        0,
        0,
        0,
        0,
        0,
        0,
        0,
        0,
        0,
        0,
        0,
        0,
        0,
        0,
        0,
        0,
        0,
        0,
        0,
        0,
        0,
        0,
        0,
        0,
        0,
        0,
        0,
        0,
        0,
        0,
        0,
        0,
        0,
        0,
        0,
        0,
        0,
        0,
        0,
        0,
        0,
        0,
        0,
        0,
        0,
        0,
        0,
        0,
        0,
        0,
        0,
        0,
        0,
        0,
        0,
        0
      ]
    }
  ]
}
