{
  "results": [
    {
      "command": "warp",
      "mean": 0.19179235258000005,
      "stddev": 0.01604577562639318,
      "median": 0.18921112388,
      "user": 0.20812841999999981,
      "system": 0.026623830000000005,
      "min": 0.17195766438,
      "max": 0.28144441538000003,
      "times": [
        0.19058829038,
        0.17573312338,
        0.19216554038,
        0.18913020738,
        0.17195766438,
        0.19593808138,
        0.18631116538,
        0.18444233238,
        0.28144441538000003,
        0.18254658138,
        0.18079166438,
        0.18992108138,
        0.18596274838000001,
        0.18031662338,
        0.19795387338,
        0.19936683138,
        0.18073808238,
        0.18791687338,
        0.18514662338,
        0.17814049838,
        0.18678145638,
        0.19485978938,
        0.18286845638,
        0.18391766538,
        0.17380920638,
        0.18364149838,
        0.18505108238,
        0.18441612338,
        0.18954924838,
        0.18837595738000001,
        0.19463466538,
        0.19707545638,
        0.17961379038,
        0.18256079038,
        0.17962145738,
        0.18969058138,
        0.18724287338,
        0.18385037338,
        0.19095033238,
        0.19147983138,
        0.18609495738,
        0.20181491538000002,
        0.19632112338,
        0.19447608138,
        0.18910166538,
        0.21951658138,
        0.20267504038,
        0.22556370638,
        0.18663878938,
        0.20707983138,
        0.19578424838,
        0.19140683238,
        0.19704599838,
        0.18929204038,
        0.20039849838,
        0.19103016438,
        0.21638733238,
        0.19234616438,
        0.19389041538000001,
        0.19803253938,
        0.21851820738,
        0.18438374838,
        0.19462812338,
        0.18815295638,
        0.19467628938,
        0.20105491538,
        0.18759687338,
        0.18982691438,
        0.17774883138,
        0.17757474838,
        0.18729958138,
        0.18197341538,
        0.17982762338,
        0.18974654038,
        0.17807083238,
        0.17537324838,
        0.18006837338,
        0.27798003938000004,
        0.17919870638,
        0.19066416538,
        0.17777770738,
        0.19794441538,
        0.18134229038,
        0.19864254038,
        0.17943533138,
        0.18677529038000001,
        0.17362895638,
        0.19458316538,
        0.19853941538,
        0.18201274838,
        0.19653949838,
        0.19864508138,
        0.19119724838,
        0.20555124838,
        0.18539908138,
        0.20072349838,
        0.19837612338,
        0.18771383238,
        0.20383895638,
        0.18480483238
      ],
      "exit_codes": [
        0,
        0,
        0,
        0,
        0,
        0,
        0,
        0,
        0,
        0,
        0,
        0,
        0,
        0,
        0,
        0,
        0,
        0,
        0,
        0,
        0,
        0,
        0,
        0,
        0,
        0,
        0,
        0,
        0,
        0,
        0,
        0,
        0,
        0,
        0,
        0,
        0,
        0,
        0,
        0,
        0,
        0,
        0,
        0,
        0,
        0,
        0,
        0,
        0,
        0,
        0,
        0,
        0,
        0,
        0,
        0,
        0,
        0,
        0,
        0,
        0,
        0,
        0,
        0,
        0,
        0,
        0,
        0,
        0,
        0,
        0,
        0,
        0,
        0,
        0,
        0,
        0,
        0,
        0,
        0,
        0,
        0,
        0,
        0,
        0,
        0,
        0,
        0,
        0,
        0,
        0,
        0,
        0,
        0,
        0,
        0,
        0,
        0,
        0,
        0
      ]
    },
    {
      "command": "cargo",
      "mean": 0.4837089738,
      "stddev": 0.014056709723605468,
      "median": 0.4830676648800001,
      "user": 0.2400285199999999,
      "system": 0.21300336,
      "min": 0.45067841538000003,
      "max": 0.56909879038,
      "times": [
        0.47140170738000003,
        0.50096733138,
        0.48038233238000005,
        0.47435166538000006,
        0.48592783238000004,
        0.48745308138000004,
        0.48897133138000004,
        0.47507474838,
        0.47692924838000006,
        0.49837670638000003,
        0.48031799838000006,
        0.48754958138000004,
        0.48773087338000004,
        0.49845524838000005,
        0.49505983138000004,
        0.48319199838000004,
        0.47676324838000006,
        0.48425683138000003,
        0.48391962338000005,
        0.48380908138000006,
        0.48675487338000006,
        0.47609545638000006,
        0.45618058138000006,
        0.48069995738000004,
        0.52469466538,
        0.4972413313800001,
        0.48866070738000006,
        0.48506054038000007,
        0.46603666438,
        0.48770512338000005,
        0.49158649838000007,
        0.49604774838000004,
        0.49953862338000005,
        0.47484474838000007,
        0.48584524838000004,
        0.49250804038000007,
        0.48320949838000005,
        0.47749333138000005,
        0.48220908238000004,
        0.48551829038000005,
        0.47938633138000003,
        0.49000966538000007,
        0.49163512338000004,
        0.4963110813800001,
        0.47909720638000003,
        0.48185733238000006,
        0.48568124838000004,
        0.50154641538,
        0.56909879038,
        0.46738587338000004,
        0.48598166438000007,
        0.46777729038000004,
        0.4956538323800001,
        0.45974541538,
        0.49414178938000003,
        0.49871316538000005,
        0.46850128938,
        0.48742137338,
        0.48429941538000004,
        0.47759520638,
        0.47339599838000007,
        0.46705145638000006,
        0.47662374838000005,
        0.45067841538000003,
        0.51753516538,
        0.47840683138000006,
        0.48716624838000006,
        0.48258112338000003,
        0.47948028938000004,
        0.48081266538000006,
        0.47439924838,
        0.48459187338000004,
        0.47765045638000003,
        0.48021416438000003,
        0.47683183138000007,
        0.47803416538000004,
        0.47355749838000005,
        0.47789603938,
        0.48506433138000005,
        0.48114862338000003,
        0.47896279038000006,
        0.47275958138000007,
        0.4829172063800001,
        0.48857366538,
        0.47132795738000005,
        0.4700137903800001,
        0.48431379038000005,
        0.47099399838000006,
        0.47757854038,
        0.48577628938000006,
        0.48001879038000006,
        0.48294333138000006,
        0.47607287338000004,
        0.48557549838,
        0.48525504038000006,
        0.48743391538,
        0.45957399838000007,
        0.49435628938000004,
        0.49279662338,
        0.47987241538000003
      ],
      "exit_codes": [
        0,
        0,
        0,
        0,
        0,
        0,
        0,
        0,
        0,
        0,
        0,
        0,
        0,
        0,
        0,
        0,
        0,
        0,
        0,
        0,
        0,
        0,
        0,
        0,
        0,
        0,
        0,
        0,
        0,
        0,
        0,
        0,
        0,
        0,
        0,
        0,
        0,
        0,
        0,
        0,
        0,
        0,
        0,
        0,
        0,
        0,
        0,
        0,
        0,
        0,
        0,
        0,
        0,
        0,
        0,
        0,
        0,
        0,
        0,
        0,
        0,
        0,
        0,
        0,
        0,
        0,
        0,
        0,
        0,
        0,
        0,
        0,
        0,
        0,
        0,
        0,
        0,
        0,
        0,
        0,
        0,
        0,
        0,
        0,
        0,
        0,
        0,
        0,
        0,
        0,
        0,
        0,
        0,
        0,
        0,
        0,
        0,
        0,
        0,
        0
      ]
    }
  ]
}
