{
  "results": [
    {
      "command": "warp",
      "mean": 0.2780166282600001,
      "stddev": 0.04076037399114084,
      "median": 0.27984148596,
      "user": 0.29468162000000003,
      "system": 0.034099550000000006,
      "min": 0.22209725696000002,
      "max": 0.39047875696,
      "times": [
        0.29105700696000003,
        0.22711946496000002,
        0.25214342296000003,
        0.33312583996,
        0.29849858996,
        0.35740342396,
        0.29931413196,
        0.22511863096,
        0.28978208996,
        0.24705154796,
        0.24844800596,
        0.24422183996000002,
        0.32803083996,
        0.29625879796,
        0.24586221496,
        0.28584250596,
        0.28934888096,
        0.24999950696,
        0.24554133996,
        0.30280525696,
        0.28840446496,
        0.24894900696,
        0.30691829796000003,
        0.29318750696,
        0.23017350696,
        0.24842571496,
        0.30364592296000004,
        0.23088742296,
        0.30644183996,
        0.28483258996,
        0.26342846496,
        0.22435200696000002,
        0.25542583996,
        0.28098717296000003,
        0.29773825596000003,
        0.24869950695999998,
        0.31448713196,
        0.22974479796,
        0.29728150696,
        0.29036733996,
        0.24519004796,
        0.22834183996000001,
        0.30832342396,
        0.30318946496,
        0.23965275696000002,
        0.22903250696000002,
        0.23792958996000002,
        0.25061588096,
        0.28542842396,
        0.23165771496,
        0.27869579896,
        0.32053888096,
        0.30868313096,
        0.22399817396000002,
        0.25041600596,
        0.22874383996,
        0.28710917296,
        0.34956321496000003,
        0.35264771496,
        0.24957213196,
        0.30873221496000003,
        0.32223496496000004,
        0.24224071496000002,
        0.36300792296,
        0.31348767296,
        0.30310342396,
        0.33194704796,
        0.35267379796000004,
        0.30699483996,
        0.34345471496,
        0.25482746496,
        0.22209725696000002,
        0.22994750696000002,
        0.30254154796,
        0.30022542296,
        0.23203850696,
        0.22654117296,
        0.27753771496,
        0.29741900596000004,
        0.34040592296,
        0.26117992396,
        0.31396792396,
        0.39047875696,
        0.23171671496000001,
        0.35284121496000004,
        0.26336788196,
        0.30386125696,
        0.22904792296,
        0.25106771496,
        0.25394763196000003,
        0.25556479796000003,
        0.33548663096000003,
        0.29693383996,
        0.24564583996,
        0.25374525596,
        0.25466483996,
        0.22594358996,
        0.22972588096000002,
        0.23299213196000002,
        0.33734288096000004
      ],
      "exit_codes": [
        0,
        0,
        0,
        0,
        0,
        0,
        0,
        0,
        0,
        0,
        0,
        0,
        0,
        0,
        0,
        0,
        0,
        0,
        0,
        0,
        0,
        0,
        0,
        0,
        0,
        0,
        0,
        0,
        0,
        0,
        0,
        0,
        0,
        0,
        0,
        0,
        0,
        0,
        0,
        0,
        0,
        0,
        0,
        0,
        0,
        0,
        0,
        0,
        0,
        0,
        0,
        0,
        0,
        0,
        0,
        0,
        0,
        0,
        0,
        0,
        0,
        0,
        0,
        0,
        0,
        0,
        0,
        0,
        0,
        0,
        0,
        0,
        0,
        0,
        0,
        0,
        0,
        0,
        0,
        0,
        0,
        0,
        0,
        0,
        0,
        0,
        0,
        0,
        0,
        0,
        0,
        0,
        0,
        0,
        0,
        0,
        0,
        0,
        0,
        0
      ]
    },
    {
      "command": "cargo",
      "mean": 0.48668075042999986,
      "stddev": 0.014995297386650414,
      "median": 0.48397875696000003,
      "user": 0.24093503999999993,
      "system": 0.2151243100000001,
      "min": 0.45616088196000004,
      "max": 0.55805725596,
      "times": [
        0.48412417396,
        0.49038808996000005,
        0.48791413196,
        0.48065738196,
        0.48119317396,
        0.48232813196,
        0.48848546496,
        0.48094917296,
        0.49233583996,
        0.47770921496,
        0.47588604796,
        0.48351708996000003,
        0.48782100596,
        0.48695413096,
        0.49028275696,
        0.47810496496000005,
        0.47349679796000005,
        0.52293579796,
        0.48688788196000005,
        0.50276721496,
        0.49903742396000006,
        0.49198954896,
        0.51123588196,
        0.48833017296000003,
        0.49894663196,
        0.50687025696,
        0.48669300696,
        0.47416921496000003,
        0.48371283996000003,
        0.47455779896,
        0.48802196496,
        0.46008746496,
        0.47747967396,
        0.49660738096,
        0.53803317396,
        0.48837204796,
        0.48252779896000003,
        0.48301604796000003,
        0.46457446496000004,
        0.47399471496,
        0.50254800696,
        0.47637658996000004,
        0.48735117296,
        0.48369542296,
        0.50073071496,
        0.49801271496,
        0.49408321496000007,
        0.49253304796,
        0.48189183996,
        0.48091146496000003,
        0.55805725596,
        0.49071475696,
        0.48210233996,
        0.48456408996,
        0.48724504796,
        0.48205338196,
        0.48289517396000003,
        0.48451146496,
        0.49408942296,
        0.48358492296,
        0.49028788196,
        0.50917308996,
        0.5112097559600001,
        0.48495975596,
        0.5180776729600001,
        0.48894646496000005,
        0.48229542396,
        0.50091171496,
        0.49284625696,
        0.48918667396000004,
        0.48352929796000005,
        0.47844204796,
        0.5088488399600001,
        0.47826167396,
        0.46983921496000003,
        0.47141000596000004,
        0.47735367396,
        0.47467704896,
        0.47621838096,
        0.5007398819600001,
        0.47360629796000003,
        0.45616088196000004,
        0.48383333996,
        0.47348333996,
        0.46811092296,
        0.47539725596000004,
        0.46887338196,
        0.46882604796000005,
        0.47350296496,
        0.49393029896000007,
        0.48596508996000004,
        0.47578154796,
        0.47070975696,
        0.46908929896,
        0.47740971496,
        0.47652692296000004,
        0.48424054896,
        0.50815488196,
        0.48734354896000004,
        0.47896621496
      ],
      "exit_codes": [
        0,
        0,
        0,
        0,
        0,
        0,
        0,
        0,
        0,
        0,
        0,
        0,
        0,
        0,
        0,
        0,
        0,
        0,
        0,
        0,
        0,
        0,
        0,
        0,
        0,
        0,
        0,
        0,
        0,
        0,
        0,
        0,
        0,
        0,
        0,
        0,
        0,
        0,
        0,
        0,
        0,
        0,
        0,
        0,
        0,
        0,
        0,
        0,
        0,
        0,
        0,
        0,
        0,
        0,
        0,
        0,
        0,
        0,
        0,
        0,
        0,
        0,
        0,
        0,
        0,
        0,
        0,
        0,
        0,
        0,
        0,
        0,
        0,
        0,
        0,
        0,
        0,
        0,
        0,
        0,
        0,
        0,
        0,
        0,
        0,
        0,
        0,
        0,
        0,
        0,
        0,
        0,
        0,
        0,
        0,
        0,
        0,
        0,
        0,
        0
      ]
    }
  ]
}
