{
  "results": [
    {
      "command": "warp",
      "mean": 0.46203848124,
      "stddev": 0.0068286197139030645,
      "median": 0.46117013415999997,
      "user": 0.4811219499999999,
      "system": 0.04059370000000001,
      "min": 0.44804573866,
      "max": 0.48036127966000003,
      "times": [
        0.45754644666,
        0.46380402966,
        0.46112107166,
        0.46978315466000004,
        0.45458252966,
        0.44992215566,
        0.45350707166000004,
        0.45836123766000003,
        0.46077669666000004,
        0.46312082166,
        0.46025169666,
        0.46543294666,
        0.45481107166,
        0.47823123766000003,
        0.45691190466000003,
        0.46298669666000003,
        0.45369982166,
        0.45343007166,
        0.46590132166000003,
        0.45611977966,
        0.46934094666000004,
        0.44882977966000004,
        0.45990936366,
        0.46268327966,
        0.46729582166,
        0.45671494666,
        0.45220257166,
        0.45927152966,
        0.47228103066,
        0.46669040566000003,
        0.46112048866,
        0.46130327966,
        0.45492557166,
        0.45492569666,
        0.45862794666,
        0.45430511266,
        0.47073936366,
        0.46062144666,
        0.46800352966000003,
        0.46483807166,
        0.44804573866,
        0.46271886366000003,
        0.45957873866,
        0.45448919666000004,
        0.45918665466,
        0.45958619666,
        0.46061832166,
        0.45450382166000003,
        0.45569902966000003,
        0.45991207166000003,
        0.47954273766,
        0.45552711266,
        0.47670786366,
        0.46121919666,
        0.45473661366,
        0.45536428066,
        0.45835990566,
        0.45515465466,
        0.46014536266,
        0.46168894666,
        0.46223911366000003,
        0.46195882166,
        0.45743982166,
        0.45702773866,
        0.46198173866000003,
        0.46461519666,
        0.45432594666000004,
        0.46060836366,
        0.46084278066,
        0.46671653066,
        0.46847311266,
        0.47887419666000003,
        0.46569052966,
        0.48036127966000003,
        0.46343819666,
        0.46711269666,
        0.46075407166,
        0.46355098866,
        0.46631657166,
        0.46255932166,
        0.46339898866,
        0.46245236366000003,
        0.46637252966000003,
        0.45992648866,
        0.45984723866,
        0.46106832166,
        0.45856636366000003,
        0.47218044666000003,
        0.47888727966,
        0.46179336366,
        0.46262957166,
        0.46172715466,
        0.46387798866,
        0.45412253066,
        0.46701632166,
        0.46903265466,
        0.47627952966000003,
        0.47317611266000004,
        0.46356186366,
        0.46532673766
      ],
      "exit_codes": [
        0,
        0,
        0,
        0,
        0,
        0,
        0,
        0,
        0,
        0,
        0,
        0,
        0,
        0,
        0,
        0,
        0,
        0,
        0,
        0,
        0,
        0,
        0,
        0,
        0,
        0,
        0,
        0,
        0,
        0,
        0,
        0,
        0,
        0,
        0,
        0,
        0,
        0,
        0,
        0,
        0,
        0,
        0,
        0,
        0,
        0,
        0,
        0,
        0,
        0,
        0,
        0,
        0,
        0,
        0,
        0,
        0,
        0,
        0,
        0,
        0,
        0,
        0,
        0,
        0,
        0,
        0,
        0,
        0,
        0,
        0,
        0,
        0,
        0,
        0,
        0,
        0,
        0,
        0,
        0,
        0,
        0,
        0,
        0,
        0,
        0,
        0,
        0,
        0,
        0,
        0,
        0,
        0,
        0,
        0,
        0,
        0,
        0,
        0,
        0
      ]
    },
    {
      "command": "cargo",
      "mean": 0.5155650737299998,
      "stddev": 0.045720141309518,
      "median": 0.5041522796600001,
      "user": 0.2569742,
      "system": 0.20614350999999995,
      "min": 0.45654586366,
      "max": 0.74659590466,
      "times": [
        0.5692481556600001,
        0.5405729466600001,
        0.49653307166,
        0.49118148866,
        0.5009602386600001,
        0.49723732166000006,
        0.49354007165999997,
        0.5040978216600001,
        0.5067832376600001,
        0.48895019666,
        0.49405427966,
        0.5073233636600001,
        0.51324532166,
        0.5059637796600001,
        0.51153011266,
        0.49798257166,
        0.73923919666,
        0.49002332166,
        0.48380261266,
        0.5140069876600001,
        0.5234353636600001,
        0.49601757166,
        0.50610936366,
        0.5180330296600001,
        0.5224259466600001,
        0.5158651136600001,
        0.5259535716600001,
        0.49516832165999997,
        0.5100662386600001,
        0.5208669466600001,
        0.49077015466,
        0.5042067376600001,
        0.50311173866,
        0.6252467796600001,
        0.5212880296600001,
        0.5044721966600001,
        0.48464465466,
        0.47390577966,
        0.48559290466,
        0.47033607166,
        0.51085207166,
        0.50100698866,
        0.5002952796600001,
        0.5299319466600001,
        0.5023567806600001,
        0.52077519666,
        0.5392063636600001,
        0.48073215566,
        0.5362501136600001,
        0.5097392806600001,
        0.5843343216600001,
        0.6672400716600001,
        0.5125105306600001,
        0.5070190296600001,
        0.49719998866,
        0.5129712796600001,
        0.49075086266,
        0.49431073866,
        0.49959544666000005,
        0.50216132166,
        0.48129457166,
        0.48183452966,
        0.5277429046600001,
        0.5087842386600001,
        0.5010999056600001,
        0.55100119666,
        0.48724748866,
        0.53201577966,
        0.6796981966600001,
        0.54103482166,
        0.5021210716600001,
        0.5133616136600001,
        0.5281614886600001,
        0.49940773866000004,
        0.49782540465999997,
        0.45654586366,
        0.49235215466000004,
        0.51506994666,
        0.5044312386600001,
        0.5126981136600001,
        0.5115281136600001,
        0.50626465466,
        0.49905082166,
        0.49779453066000007,
        0.49389061366000003,
        0.74659590466,
        0.5247519046600001,
        0.5060031126600001,
        0.49801982166,
        0.50359990466,
        0.49896073766,
        0.5014865296600001,
        0.50566998766,
        0.49683919666000004,
        0.5019162796600001,
        0.5141216966600001,
        0.49572827966000005,
        0.49431669666000005,
        0.5027316966600001,
        0.50047623866
      ],
      "exit_codes": [
        0,
        0,
        0,
        0,
        0,
        0,
        0,
        0,
        0,
        0,
        0,
        0,
        0,
        0,
        0,
        0,
        0,
        0,
        0,
        0,
        0,
        0,
        0,
        0,
        0,
        0,
        0,
        0,
        0,
        0,
        0,
        0,
        0,
        0,
        0,
        0,
        0,
        0,
        0,
        0,
        0,
        0,
        0,
        0,
        0,
        0,
        0,
        0,
        0,
        0,
        0,
        0,
        0,
        0,
        0,
        0,
        0,
        0,
        0,
        0,
        0,
        0,
        0,
        0,
        0,
        0,
        0,
        0,
        0,
        0,
        0,
        0,
        0,
        0,
        0,
        0,
        0,
        0,
        0,
        0,
        0,
        0,
        0,
        0,
        0,
        0,
        0,
        0,
        0,
        0,
        0,
        0,
        0,
        0,
        0,
        0,
        0,
        0,
        0,
        0
      ]
    }
  ]
}
