{
  "results": [
    {
      "command": "warp",
      "mean": 0.33819221714000003,
      "stddev": 0.006632150650123734,
      "median": 0.33796207586000004,
      "user": 0.35011126000000004,
      "system": 0.034094360000000004,
      "min": 0.32133272136,
      "max": 0.35608030536,
      "times": [
        0.33370334636,
        0.32989168036,
        0.33507672136,
        0.34242063836000003,
        0.33787651336,
        0.33075013836,
        0.33214543036,
        0.34487442936,
        0.33410463836,
        0.33823068036000004,
        0.33261534736000004,
        0.33644351336,
        0.33292176336,
        0.34589851336,
        0.33035326336000004,
        0.33611592936,
        0.33094101336000004,
        0.33206834736,
        0.33542347236000003,
        0.32706313836,
        0.33451355536,
        0.33037393036,
        0.33088051336,
        0.32133272136,
        0.34510372136,
        0.33202543036,
        0.32911413836000003,
        0.33889655536,
        0.33113509636,
        0.34167601336000003,
        0.33475347136,
        0.32773288836000003,
        0.33465543036,
        0.32849605536,
        0.33007655536,
        0.33233255536,
        0.33804763836,
        0.32768684636,
        0.33775563836,
        0.33539459636,
        0.33230793036,
        0.33316451336,
        0.33877784636,
        0.33440463836,
        0.33043088836,
        0.33427988836,
        0.33728713836,
        0.33620997136,
        0.33744622236,
        0.33601588836,
        0.33917430536,
        0.35237342936,
        0.33765701336000004,
        0.34401472236,
        0.33256176336,
        0.33841563836,
        0.33878472236,
        0.34115130536,
        0.33610693036,
        0.34238255536,
        0.34448326336,
        0.34178105536000003,
        0.34102384636,
        0.33922101336,
        0.33959047136000003,
        0.34895493036,
        0.33855997136,
        0.33595093036,
        0.35010305436,
        0.34112538836,
        0.33346251336,
        0.33299909736,
        0.34132326336,
        0.33871209736,
        0.33994413836000004,
        0.34708713836,
        0.33896909636,
        0.33812563836000004,
        0.33765930536,
        0.34615351336,
        0.34550672136,
        0.33996326336,
        0.35600542936,
        0.34628413836,
        0.33720551336,
        0.34768309736,
        0.35342417936000003,
        0.34222222136,
        0.35608030536,
        0.34155255436000004,
        0.34023301336,
        0.34149934636,
        0.34993455536,
        0.34098584636,
        0.35319363836,
        0.33266547136,
        0.33871922236,
        0.34002042936,
        0.34396643036,
        0.34299743036
      ],
      "exit_codes": [
        0,
        0,
        0,
        0,
        0,
        0,
        0,
        0,
        0,
        0,
        0,
        0,
        0,
        0,
        0,
        0,
        0,
        0,
        0,
        0,
        0,
        0,
        0,
        0,
        0,
        0,
        0,
        0,
        0,
        0,
        0,
        0,
        0,
        0,
        0,
        0,
        0,
        0,
        0,
        0,
        0,
        0,
        0,
        0,
        0,
        0,
        0,
        0,
        0,
        0,
        0,
        0,
        0,
        0,
        0,
        0,
        0,
        0,
        0,
        0,
        0,
        0,
        0,
        0,
        0,
        0,
        0,
        0,
        0,
        0,
        0,
        0,
        0,
        0,
        0,
        0,
        0,
        0,
        0,
        0,
        0,
        0,
        0,
        0,
        0,
        0,
        0,
        0,
        0,
        0,
        0,
        0,
        0,
        0,
        0,
        0,
        0,
        0,
        0,
        0
      ]
    },
    {
      "command": "cargo",
      "mean": 0.9382242929400003,
      "stddev": 0.11125898046311924,
      "median": 0.9430591378600002,
      "user": 0.5012133699999999,
      "system": 0.8884283899999998,
      "min": 0.7818315963600001,
      "max": 1.36285797236,
      "times": [
        0.9644425553600001,
        1.2272774293600002,
        0.8564555963600001,
        0.9243975133600001,
        0.8448725133600001,
        0.9246385543600001,
        0.9577313883600002,
        1.03450130536,
        1.02144518036,
        1.05390751336,
        0.8593697213600001,
        0.9936094723600001,
        0.84833976336,
        0.8191002633600001,
        0.7989554713600001,
        0.9995880553600001,
        0.9737293883600001,
        0.8087739713600001,
        0.81475851336,
        0.9413906793600001,
        0.9364025973600001,
        1.0162341803600001,
        0.8285527223600001,
        1.00769963836,
        0.9447275963600001,
        1.0171992223600002,
        0.81773484636,
        0.8220129713600001,
        0.9689496803600001,
        0.9271840963600001,
        1.3502113043600001,
        0.9410283053600002,
        0.9536220133600001,
        0.9248485553600001,
        0.8250641803600001,
        0.9507490973600001,
        0.9618528463600001,
        0.8393677213600002,
        0.8247061383600001,
        0.9580935553600001,
        1.12615313836,
        0.9285049723600001,
        0.9136135553600001,
        0.8229068883600001,
        0.9482353883600001,
        0.9564506803600001,
        0.78694776336,
        0.8669568883600001,
        0.9600251383600001,
        1.36285797236,
        0.82451397136,
        0.9495763043600001,
        0.9021090963600001,
        0.8286053053600001,
        0.9323632633600001,
        0.9904054293600001,
        1.04434442936,
        0.9997062213600001,
        0.8793237213600001,
        0.9941424303600002,
        0.8549231803600001,
        0.9813560553600001,
        1.0023359303600001,
        0.9268451383600002,
        0.8167318463600001,
        0.9450329713600001,
        0.9585649713600001,
        1.03814547136,
        0.8084633883600001,
        0.8435958463600001,
        0.9522643883600002,
        1.04965388836,
        0.89446868036,
        0.8237868043600001,
        0.9824157223600001,
        0.9580815553600001,
        0.8300293043600001,
        0.7818315963600001,
        1.20332672136,
        0.8886763473600001,
        0.9781135973600001,
        0.8969342213600001,
        0.8313818053600001,
        0.99470622136,
        0.9468203053600001,
        0.8190580543600001,
        0.8102661803600001,
        0.9669168883600001,
        1.2690946383600001,
        0.9013335543600001,
        0.9653739303600001,
        0.90139122136,
        0.8323500133600001,
        0.9876273463600002,
        1.04556793036,
        0.9921800553600001,
        0.9782427633600002,
        0.8416872633600001,
        0.7935782223600001,
        1.02800659636
      ],
      "exit_codes": [
        0,
        0,
        0,
        0,
        0,
        0,
        0,
        0,
        0,
        0,
        0,
        0,
        0,
        0,
        0,
        0,
        0,
        0,
        0,
        0,
        0,
        0,
        0,
        0,
        0,
        0,
        0,
        0,
        0,
        0,
        0,
        0,
        0,
        0,
        0,
        0,
        0,
        0,
        0,
        0,
        0,
        0,
        0,
        0,
        0,
        0,
        0,
        0,
        0,
        0,
        0,
        0,
        0,
        0,
        0,
        0,
        0,
        0,
        0,
        0,
        0,
        0,
        0,
        0,
        0,
        0,
        0,
        0,
        0,
        0,
        0,
        0,
        0,
        0,
        0,
        0,
        0,
        0,
        0,
        0,
        0,
        0,
        0,
        0,
        0,
        0,
        0,
        0,
        0,
        0,
        0,
        0,
        0,
        0,
        0,
        0,
        0,
        0,
        0,
        0
      ]
    }
  ]
}
