{
  "results": [
    {
      "command": "warp",
      "mean": 0.33103776827,
      "stddev": 0.019533947368387032,
      "median": 0.32888273558000003,
      "user": 0.33346838999999995,
      "system": 0.03718570999999999,
      "min": 0.31201502708,
      "max": 0.48247219408,
      "times": [
        0.33034990208000004,
        0.32224473508,
        0.31645131908,
        0.32323702708,
        0.31821665208000005,
        0.32084761108000004,
        0.32744344408000003,
        0.31940098608000006,
        0.33310998608000003,
        0.31619565208000006,
        0.31549627808,
        0.31520156908,
        0.32965106908,
        0.32223144408000004,
        0.31994061108000005,
        0.32176523608,
        0.32395656908000003,
        0.32546244408,
        0.32173948608,
        0.31695065208000006,
        0.32692198608000006,
        0.32784377808000004,
        0.32087673608000006,
        0.32632056908,
        0.33060661008000003,
        0.32682836108,
        0.32700465208,
        0.33025148508,
        0.48247219408,
        0.33933044408,
        0.32570527708,
        0.32199886108000003,
        0.31958161108000005,
        0.32229427708,
        0.31965998608,
        0.33275052708,
        0.32184536108000006,
        0.32891002708000006,
        0.32885544408000006,
        0.32702777708,
        0.32682061108000005,
        0.33025519408000004,
        0.31201502708,
        0.32147690308000004,
        0.33565315308000004,
        0.32527094408,
        0.33522169408,
        0.32876706908000003,
        0.33625836108,
        0.33013515208000005,
        0.33597352808000003,
        0.32221740308,
        0.33027286108000004,
        0.33395506908000006,
        0.33641890208,
        0.42787781908000005,
        0.31999448608000003,
        0.31605861008,
        0.32456006908,
        0.32221990208,
        0.33011786108,
        0.32710031908000003,
        0.33194302708,
        0.33142106908,
        0.32363173608,
        0.33401827708000004,
        0.33574311008,
        0.33346927708,
        0.32254090208,
        0.32980361108000006,
        0.33678881908,
        0.33081519408000004,
        0.33375677808000004,
        0.33754819408000003,
        0.32861819408000004,
        0.34227127808,
        0.32774456908000005,
        0.32985961108000006,
        0.32499698608000005,
        0.33838927708000005,
        0.33522494408000003,
        0.33217681908,
        0.32715494408,
        0.33748377708000005,
        0.33070352708000006,
        0.33389456908000004,
        0.34514556908000005,
        0.33140706908000006,
        0.32815677808000004,
        0.33607436008,
        0.32496227708000003,
        0.33190415208,
        0.33802219408000006,
        0.33074756908,
        0.33150061108000006,
        0.33715502708000006,
        0.34292186108000006,
        0.33981073608,
        0.34017444408,
        0.34017611108
      ],
      "exit_codes": [
        0,
        0,
        0,
        0,
        0,
        0,
        0,
        0,
        0,
        0,
        0,
        0,
        0,
        0,
        0,
        0,
        0,
        0,
        0,
        0,
        0,
        0,
        0,
        0,
        0,
        0,
        0,
        0,
        0,
        0,
        0,
        0,
        0,
        0,
        0,
        0,
        0,
        0,
        0,
        0,
        0,
        0,
        0,
        0,
        0,
        0,
        0,
        0,
        0,
        0,
        0,
        0,
        0,
        0,
        0,
        0,
        0,
        0,
        0,
        0,
        0,
        0,
        0,
        0,
        0,
        0,
        0,
        0,
        0,
        0,
        0,
        0,
        0,
        0,
        0,
        0,
        0,
        0,
        0,
        0,
        0,
        0,
        0,
        0,
        0,
        0,
        0,
        0,
        0,
        0,
        0,
        0,
        0,
        0,
        0,
        0,
        0,
        0,
        0,
        0
      ]
    },
    {
      "command": "cargo",
      "mean": 1.6983170236299991,
      "stddev": 0.22004968865654922,
      "median": 1.6600239860800001,
      "user": 0.6065668799999998,
      "system": 0.8169050299999996,
      "min": 1.46422631908,
      "max": 3.19153544408,
      "times": [
        1.46422631908,
        1.56313844408,
        1.68812927708,
        1.66341998608,
        2.0476765690799996,
        1.53012773608,
        1.51903202708,
        1.6154228190800002,
        1.62848227708,
        2.19004223508,
        1.73066711108,
        1.73723377708,
        1.78891073608,
        1.61406186108,
        1.80275090308,
        1.50835065208,
        1.73784627708,
        1.74426781908,
        1.61002802708,
        1.75290715208,
        1.73358823608,
        1.5974856940800002,
        1.79639673608,
        1.84035173608,
        1.54050077808,
        1.74379286008,
        2.09331561108,
        1.69814423608,
        1.54848119408,
        1.66880656908,
        1.7025910690800001,
        1.58696027708,
        1.75089123508,
        1.65662798608,
        1.71020398508,
        1.62814248508,
        1.55676094408,
        1.5369929850800002,
        1.76941615208,
        1.70655915308,
        1.97611119408,
        1.79934011008,
        1.70604194408,
        1.5601654440800001,
        1.65291740308,
        1.52600119408,
        1.77925536008,
        1.69194802708,
        1.57713052708,
        1.8244136940800002,
        1.5751202770800001,
        1.53160956908,
        1.60825440308,
        1.50929311008,
        1.49515998608,
        1.69112444408,
        1.62964323508,
        1.60788381908,
        1.66890048608,
        1.53955727808,
        1.60959977708,
        1.6481394440800001,
        1.6428716110800001,
        1.56037981908,
        1.8239674860800001,
        1.70412681908,
        1.71296906908,
        1.74630969408,
        1.5332258600800002,
        1.5581369850800002,
        1.5793480270800002,
        1.68002744408,
        1.47428577708,
        1.53756648508,
        1.73677986108,
        1.68565202708,
        1.46648911108,
        1.51647027708,
        1.74286561108,
        1.61120352708,
        1.6216788610800001,
        1.86074111108,
        3.19153544408,
        2.15381240208,
        1.69206015208,
        1.71044286108,
        1.63270556908,
        1.62737561008,
        1.5703120270800002,
        1.54133252808,
        2.41109381908,
        1.63442365308,
        1.6705644860800002,
        1.58945673608,
        1.7963044440800002,
        1.5106947350800002,
        1.80919090308,
        1.8138440690800002,
        1.6101062780800002,
        2.06100852708
      ],
      "exit_codes": [
        0,
        0,
        0,
        0,
        0,
        0,
        0,
        0,
        0,
        0,
        0,
        0,
        0,
        0,
        0,
        0,
        0,
        0,
        0,
        0,
        0,
        0,
        0,
        0,
        0,
        0,
        0,
        0,
        0,
        0,
        0,
        0,
        0,
        0,
        0,
        0,
        0,
        0,
        0,
        0,
        0,
        0,
        0,
        0,
        0,
        0,
        0,
        0,
        0,
        0,
        0,
        0,
        0,
        0,
        0,
        0,
        0,
        0,
        0,
        0,
        0,
        0,
        0,
        0,
        0,
        0,
        0,
        0,
        0,
        0,
        0,
        0,
        0,
        0,
        0,
        0,
        0,
        0,
        0,
        0,
        0,
        0,
        0,
        0,
        0,
        0,
        0,
        0,
        0,
        0,
        0,
        0,
        0,
        0,
        0,
        0,
        0,
        0,
        0,
        0
      ]
    }
  ]
}
