{
  "results": [
    {
      "command": "warp",
      "mean": 0.5507171321100004,
      "stddev": 0.008143509306737821,
      "median": 0.5497605353600001,
      "user": 0.57110081,
      "system": 0.0459737,
      "min": 0.5324981388600001,
      "max": 0.59081318086,
      "times": [
        0.53935693086,
        0.54314613986,
        0.54207630586,
        0.54781797286,
        0.54439101386,
        0.5405113058600001,
        0.5437742228600001,
        0.55053147286,
        0.55073759686,
        0.54417330586,
        0.5324981388600001,
        0.5513470138600001,
        0.5567522218600001,
        0.54758288986,
        0.5456915558600001,
        0.54741451486,
        0.54303672286,
        0.5488836808600001,
        0.5512054308600001,
        0.54456255586,
        0.55958209786,
        0.54128843086,
        0.5460947218600001,
        0.5543164728600001,
        0.55240380586,
        0.5447818478600001,
        0.5427857638600001,
        0.5482210968600001,
        0.54809809686,
        0.5631672228600001,
        0.55622288886,
        0.5490883898600001,
        0.5601445968600001,
        0.54458038886,
        0.54560455586,
        0.54811863886,
        0.5454661808600001,
        0.54199359786,
        0.5512632228600001,
        0.55117363886,
        0.5446485978600001,
        0.5526594728600001,
        0.56347018086,
        0.5445688888600001,
        0.54757176486,
        0.5414162638600001,
        0.5466522648600001,
        0.56207559786,
        0.5451687218600001,
        0.5474060968600001,
        0.55577434786,
        0.55057584686,
        0.5448163058600001,
        0.5626762218600001,
        0.5430087638600001,
        0.5552958478600001,
        0.55325397286,
        0.54461113886,
        0.54413043086,
        0.53834788986,
        0.5568530138600001,
        0.5521710968600001,
        0.53785234786,
        0.55619209786,
        0.54958805586,
        0.5758158468600001,
        0.5583070978600001,
        0.5496752648600001,
        0.54275822186,
        0.5521448898600001,
        0.55372497286,
        0.5437223478600001,
        0.5476490968600001,
        0.5512052228600001,
        0.56337397286,
        0.5523233888600001,
        0.54851697286,
        0.5555232638600001,
        0.5491026398600001,
        0.5483008058600001,
        0.54993701386,
        0.5575038468600001,
        0.5581219728600001,
        0.59081318086,
        0.56160530586,
        0.57177868086,
        0.5587794728600001,
        0.55112159786,
        0.55518822286,
        0.5488285148600001,
        0.55059926386,
        0.5517548478600001,
        0.55086776386,
        0.54838738886,
        0.5523334308600001,
        0.5498458058600001,
        0.55681776386,
        0.5519167638600001,
        0.55635530586,
        0.5563411808600001
      ],
      "exit_codes": [
        0,
        0,
        0,
        0,
        0,
        0,
        0,
        0,
        0,
        0,
        0,
        0,
        0,
        0,
        0,
        0,
        0,
        0,
        0,
        0,
        0,
        0,
        0,
        0,
        0,
        0,
        0,
        0,
        0,
        0,
        0,
        0,
        0,
        0,
        0,
        0,
        0,
        0,
        0,
        0,
        0,
        0,
        0,
        0,
        0,
        0,
        0,
        0,
        0,
        0,
        0,
        0,
        0,
        0,
        0,
        0,
        0,
        0,
        0,
        0,
        0,
        0,
        0,
        0,
        0,
        0,
        0,
        0,
        0,
        0,
        0,
        0,
        0,
        0,
        0,
        0,
        0,
        0,
        0,
        0,
        0,
        0,
        0,
        0,
        0,
        0,
        0,
        0,
        0,
        0,
        0,
        0,
        0,
        0,
        0,
        0,
        0,
        0,
        0,
        0
      ]
    },
    {
      "command": "cargo",
      "mean": 0.9340169071100003,
      "stddev": 0.12451188273317083,
      "median": 0.9144883893600001,
      "user": 0.5105993499999999,
      "system": 0.8846873799999991,
      "min": 0.7831325558600001,
      "max": 1.45859538986,
      "times": [
        1.04562480586,
        0.88565972286,
        0.82341838986,
        0.9890721398600001,
        0.96078793086,
        0.8215117228600001,
        0.81949688886,
        1.29305122286,
        0.8157167648600001,
        0.9286794728600001,
        0.8914570558600001,
        0.82717718086,
        0.9625675558600001,
        0.9498481808600001,
        0.81965868086,
        0.84808988886,
        0.9603208888600001,
        1.22618263886,
        0.85745593086,
        0.88955676386,
        0.84688222286,
        0.9800210138600001,
        0.9408748478600001,
        0.8292133888600001,
        0.8148820978600001,
        0.9387165138600001,
        0.8944736388600001,
        1.19633138886,
        0.92552238986,
        0.81153047186,
        1.01036647286,
        0.9745290978600001,
        0.94668851486,
        0.8551664308600001,
        0.8146767638600001,
        0.84307780586,
        0.83004230586,
        1.1068735968599999,
        0.88407547186,
        0.9669300978600001,
        0.8257770148600001,
        0.7831325558600001,
        1.00594538986,
        0.8862614308600001,
        0.86720326386,
        1.09806059686,
        1.45859538986,
        0.9189953888600001,
        1.00433618086,
        0.8939594728600001,
        1.0388721808599999,
        0.79563534786,
        0.9137342638600001,
        1.0225935148599998,
        0.83342730586,
        1.07054047186,
        0.8051502638600001,
        0.9421160978600001,
        0.91704330586,
        0.81035443086,
        0.95787713886,
        0.9946569718600001,
        1.00295251386,
        0.8424750968600001,
        0.88138451486,
        1.2488895138599998,
        0.82846405586,
        0.93193030586,
        0.9030745148600001,
        0.8233363478600001,
        0.9859703888600001,
        0.94513905586,
        0.83802697286,
        0.8130826388600001,
        0.9494789308600001,
        1.16915401486,
        0.91658126386,
        0.88214247186,
        0.8316993058600001,
        0.9693502648600001,
        0.9782798888600001,
        0.80473955586,
        0.8237496808600001,
        0.93798438886,
        1.2552556398599999,
        0.8449019308600001,
        0.8941249308600001,
        0.8232669718600001,
        0.97964201386,
        1.0262528468599998,
        0.9736360558600001,
        0.8259790558600001,
        0.82041480586,
        0.9604185138600001,
        1.2644273478599999,
        0.9152425148600001,
        0.9593776808600001,
        0.9131144308600001,
        0.8563809308600001,
        0.9108930138600001
      ],
      "exit_codes": [
        0,
        0,
        0,
        0,
        0,
        0,
        0,
        0,
        0,
        0,
        0,
        0,
        0,
        0,
        0,
        0,
        0,
        0,
        0,
        0,
        0,
        0,
        0,
        0,
        0,
        0,
        0,
        0,
        0,
        0,
        0,
        0,
        0,
        0,
        0,
        0,
        0,
        0,
        0,
        0,
        0,
        0,
        0,
        0,
        0,
        0,
        0,
        0,
        0,
        0,
        0,
        0,
        0,
        0,
        0,
        0,
        0,
        0,
        0,
        0,
        0,
        0,
        0,
        0,
        0,
        0,
        0,
        0,
        0,
        0,
        0,
        0,
        0,
        0,
        0,
        0,
        0,
        0,
        0,
        0,
        0,
        0,
        0,
        0,
        0,
        0,
        0,
        0,
        0,
        0,
        0,
        0,
        0,
        0,
        0,
        0,
        0,
        0,
        0,
        0
      ]
    }
  ]
}
