{
  "results": [
    {
      "command": "warp",
      "mean": 0.18932884667000008,
      "stddev": 0.01984183462576583,
      "median": 0.18584918524000002,
      "user": 0.20589184000000002,
      "system": 0.026468200000000008,
      "min": 0.17255276774000003,
      "max": 0.28348114374000005,
      "times": [
        0.18682039374000003,
        0.18522710174000004,
        0.17781714274000002,
        0.19131330974000002,
        0.18701589274000002,
        0.18144955974000002,
        0.19616697674000003,
        0.18806314274000002,
        0.18583518574000002,
        0.19896401874000003,
        0.18772947674,
        0.17841176774000003,
        0.18754635174000003,
        0.17810414374000003,
        0.19649310174000004,
        0.18122710174000004,
        0.18988035174000004,
        0.18760601774000002,
        0.18364347674000003,
        0.18218197674000003,
        0.18695260174000003,
        0.18721443574000002,
        0.20677826774000002,
        0.17255276774000003,
        0.19884014274000003,
        0.18406339274000003,
        0.18654456074000003,
        0.17946910174000003,
        0.18206710174000001,
        0.19174464374000003,
        0.18664910174000002,
        0.18169005974000002,
        0.18492230974,
        0.18061914374000002,
        0.19900597674000003,
        0.18721443474000002,
        0.17826385174000003,
        0.17634139374000002,
        0.18532497674000004,
        0.18529580974,
        0.18705610174000004,
        0.18749339374000001,
        0.18302076874000003,
        0.18175339374000002,
        0.18047847674000003,
        0.19150106074000003,
        0.18593105974000002,
        0.19362572674000003,
        0.18682118474000003,
        0.18825372674000002,
        0.19751405974000003,
        0.18389635174000002,
        0.18634722674000004,
        0.19224451874000004,
        0.19105660174000003,
        0.18880501874000002,
        0.18624005974000002,
        0.18676464374,
        0.18441939374000002,
        0.17346326874000004,
        0.17971793474000003,
        0.28208926874,
        0.28037268474000004,
        0.28348114374000005,
        0.19095526774000002,
        0.18544205974000003,
        0.17842180974000002,
        0.19220730974000003,
        0.19607630974000004,
        0.17965943474,
        0.18627289274000003,
        0.18744705974000003,
        0.18912555974000003,
        0.19269060174000002,
        0.17952926774000003,
        0.18444297674000001,
        0.18601997674000004,
        0.18511864274000003,
        0.18363447674000002,
        0.18692830974000002,
        0.18653335174000002,
        0.18523701774000004,
        0.18125918474000002,
        0.18374185174000002,
        0.27959980974000004,
        0.17454685174000004,
        0.18121101874000003,
        0.17681814274000002,
        0.18501026874000004,
        0.17832501874000004,
        0.17534051874000003,
        0.18127606074000002,
        0.18586318474000002,
        0.19549501774000003,
        0.17624922674000001,
        0.18249564374000002,
        0.18379272674000002,
        0.18408531074000004,
        0.17508506074000002,
        0.18154980974
      ],
      "exit_codes": [
        0,
        0,
        0,
        0,
        0,
        0,
        0,
        0,
        0,
        0,
        0,
        0,
        0,
        0,
        0,
        0,
        0,
        0,
        0,
        0,
        0,
        0,
        0,
        0,
        0,
        0,
        0,
        0,
        0,
        0,
        0,
        0,
        0,
        0,
        0,
        0,
        0,
        0,
        0,
        0,
        0,
        0,
        0,
        0,
        0,
        0,
        0,
        0,
        0,
        0,
        0,
        0,
        0,
        0,
        0,
        0,
        0,
        0,
        0,
        0,
        0,
        0,
        0,
        0,
        0,
        0,
        0,
        0,
        0,
        0,
        0,
        0,
        0,
        0,
        0,
        0,
        0,
        0,
        0,
        0,
        0,
        0,
        0,
        0,
        0,
        0,
        0,
        0,
        0,
        0,
        0,
        0,
        0,
        0,
        0,
        0,
        0,
        0,
        0,
        0
      ]
    },
    {
      "command": "cargo",
      "mean": 0.48697693799999997,
      "stddev": 0.011337914879272454,
      "median": 0.48620051874000003,
      "user": 0.24080150999999997,
      "system": 0.21508524999999998,
      "min": 0.46023501874000006,
      "max": 0.52879485174,
      "times": [
        0.49228997674,
        0.49981843474000004,
        0.49737830974,
        0.51484755974,
        0.49854926874,
        0.4984873517400001,
        0.47843976874000005,
        0.48612722674000003,
        0.47922880974000004,
        0.49759464374,
        0.4966228927400001,
        0.46585405974000005,
        0.50047551874,
        0.48539385174000005,
        0.47851147674000005,
        0.48306776874000007,
        0.49305439274000007,
        0.48702272674,
        0.49070185174000003,
        0.49260035174000005,
        0.47679360174,
        0.48696318474000005,
        0.48349918574000006,
        0.48172793474000003,
        0.48536651774000006,
        0.46023501874000006,
        0.46597685174000003,
        0.50438035174,
        0.50345110174,
        0.48504572674,
        0.47830581074000006,
        0.48272105974000007,
        0.49021910174000005,
        0.49078676874000005,
        0.49244560174000007,
        0.49078489274000003,
        0.48551618474,
        0.47261160174000005,
        0.48460943474000007,
        0.49771176874000006,
        0.49116268574000005,
        0.49330001774000004,
        0.50056980974,
        0.49209839374000003,
        0.48264060174000006,
        0.46735497674000004,
        0.47259097674000006,
        0.49455880974000005,
        0.49487622674000004,
        0.47988214374000004,
        0.52192010174,
        0.48138481074000006,
        0.49130676874000007,
        0.49824476874000007,
        0.48772647674,
        0.48483389274000005,
        0.49252068474000005,
        0.48855676874000004,
        0.48627381074000003,
        0.49173230974000004,
        0.49160610174,
        0.48374226874000004,
        0.48649389374,
        0.49308697674000007,
        0.48697997674000004,
        0.47409260174000006,
        0.48672764374000005,
        0.48868989274,
        0.48567131074000003,
        0.49057572674000005,
        0.49134564374000006,
        0.47067897674000003,
        0.47187235174000003,
        0.5191986427399999,
        0.47923151874000003,
        0.48195818474,
        0.49142501874000005,
        0.48541060174000006,
        0.48533343474000007,
        0.48548864274000003,
        0.47972068574000004,
        0.48642918474,
        0.48417306074000005,
        0.48307918474000006,
        0.47224347674000006,
        0.48199047674000006,
        0.48458864374000005,
        0.48775564374,
        0.47960176874000005,
        0.48422580974000007,
        0.47190989274000006,
        0.48295885174000003,
        0.47644701774000003,
        0.46269064374,
        0.49024126874000007,
        0.47851985174000006,
        0.48223164374000005,
        0.52879485174,
        0.47121706074,
        0.49051239374000005
      ],