{
  "results": [
    {
      "command": "warp",
      "mean": 0.29580435955999995,
      "stddev": 0.0439876039352009,
      "median": 0.30003513985999997,
      "user": 0.3084765699999999,
      "system": 0.03322416999999999,
      "min": 0.22430466086,
      "max": 0.41804141086,
      "times": [
        0.36550653586000004,
        0.36483053586,
        0.25668399386,
        0.25717678586,
        0.38406674386,
        0.26054749386,
        0.26207974386,
        0.25838853586,
        0.23380366086,
        0.31533607786,
        0.31518795186,
        0.32147103586000003,
        0.29683103586,
        0.33149832786,
        0.32972278586000003,
        0.31458899386,
        0.28430224386,
        0.34242432786,
        0.23462241086,
        0.33199091086,
        0.28673728586,
        0.32062699486,
        0.29728657786,
        0.31571353586,
        0.30658820286,
        0.23179203586,
        0.30156641086,
        0.36150749386000003,
        0.30755707686,
        0.22996670186,
        0.23054603586,
        0.30659020186,
        0.23520711986,
        0.30891745186,
        0.22779007686,
        0.36883078586,
        0.38215016086000003,
        0.22842761986000001,
        0.36052053586,
        0.25649007786,
        0.32544132686,
        0.32290470186000003,
        0.31342299386,
        0.25284282786,
        0.30365386886,
        0.31724928586,
        0.30674470186,
        0.25324186886,
        0.31557907786,
        0.25942207686,
        0.29024466086,
        0.29343449386,
        0.25621941086,
        0.22430466086,
        0.31694774486,
        0.23467291086,
        0.25283695286,
        0.31166261986,
        0.29076245186,
        0.34825049486,
        0.31406670286,
        0.41804141086,
        0.22711820286,
        0.29430124386,
        0.31931866086,
        0.30785611886,
        0.28827949386,
        0.22993982786,
        0.26189153586,
        0.31642374386,
        0.23536953586,
        0.25361128586,
        0.30980649486,
        0.36577432786,
        0.31754899486,
        0.30101566086,
        0.37109161886,
        0.24752974385999998,
        0.32283961886,
        0.28731178586,
        0.29169774386,
        0.25728799486,
        0.30886595186,
        0.25955686886,
        0.27560741086,
        0.36647507686,
        0.38589311986,
        0.29905461886,
        0.32362116086000003,
        0.31113682786,
        0.24309161886,
        0.25771878586,
        0.23349699386,
        0.25931261886,
        0.31518249386,
        0.29691228586,
        0.29084091086,
        0.35012436986,
        0.29078891086,
        0.25892253586
      ],
      "exit_codes": [
        0,
        0,
        0,
        0,
        0,
        0,
        0,
        0,
        0,
        0,
        0,
        0,
        0,
        0,
        0,
        0,
        0,
        0,
        0,
        0,
        0,
        0,
        0,
        0,
        0,
        0,
        0,
        0,
        0,
        0,
        0,
        0,
        0,
        0,
        0,
        0,
        0,
        0,
        0,
        0,
        0,
        0,
        0,
        0,
        0,
        0,
        0,
        0,
        0,
        0,
        0,
        0,
        0,
        0,
        0,
        0,
        0,
        0,
        0,
        0,
        0,
        0,
        0,
        0,
        0,
        0,
        0,
        0,
        0,
        0,
        0,
        0,
        0,
        0,
        0,
        0,
        0,
        0,
        0,
        0,
        0,
        0,
        0,
        0,
        0,
        0,
        0,
        0,
        0,
        0,
        0,
        0,
        0,
        0,
        0,
        0,
        0,
        0,
        0,
        0
      ]
    },
    {
      "command": "cargo",
      "mean": 0.8078344654599996,
      "stddev": 0.04852260222257721,
      "median": 0.79591011936,
      "user": 0.46427805,
      "system": 0.8652049299999998,
      "min": 0.7520644938600001,
      "max": 1.01965399386,
      "times": [
        0.78815416086,
        0.78602236886,
        0.79534757786,
        0.8097749108600001,
        0.8047431608600001,
        0.99757111886,
        0.8086981198600001,
        0.78230236886,
        0.77341582686,
        0.79416366086,
        0.75512636986,
        0.7775962028600001,
        0.77979028586,
        0.7649752858600001,
        0.80782228586,
        0.85566678586,
        0.7995103278600001,
        0.78169820186,
        0.79303095286,
        0.78863911986,
        0.79002878586,
        0.77907207686,
        0.7995273698600001,
        0.76929195186,
        0.8421359528600001,
        0.8066928278600001,
        0.8016109528600001,
        0.7606512858600001,
        0.77547311886,
        0.77929966086,
        0.78081224386,
        0.78021457786,
        0.7797199528600001,
        0.8264742018600001,
        0.8065120358600001,
        0.76989345286,
        0.76806528586,
        0.77726078586,
        0.76551903586,
        0.7712487438600001,
        0.77574945186,
        0.77190911986,
        0.7520644938600001,
        0.8016732858600001,
        0.8248566188600001,
        0.82551086986,
        0.79253595186,
        0.76940828586,
        0.7753777858600001,
        1.01965399386,
        0.76358611886,
        0.78894774386,
        0.80786582786,
        0.81355699486,
        0.8603363698600001,
        0.77175620186,
        0.80548857786,
        0.79541682786,
        0.8117051188600001,
        0.8115912858600001,
        0.94512145286,
        0.79470216086,
        0.78690124386,
        0.86844028586,
        0.8363388688600001,
        0.82475982786,
        0.80071732786,
        0.9679795358600001,
        0.79314628586,
        0.80441128586,
        0.7958749108600001,
        0.79650657786,
        0.79438316086,
        0.77999145286,
        0.78593116086,
        0.80222403586,
        0.78075786886,
        0.8114037028600001,
        0.80661741086,
        0.86150545286,
        0.78415653586,
        0.8012001188600001,
        0.79594532786,
        0.7973439518600001,
        0.7781214108600001,
        0.80838724386,
        0.8479897858600001,
        0.81784441086,
        0.80671866086,
        0.8181204938600001,
        0.76778999386,
        0.84034249386,
        0.95351382786,
        0.82607949486,
        0.7836017028600001,
        0.9407214528600001,
        0.79630841086,
        0.78692641086,
        0.81141657786,
        0.87065991086
      ],
      "exit_codes": [
        0,
        0,
        0,
        0,
        0,
        0,
        0,
        0,
        0,
        0,
        0,
        0,
        0,
        0,
        0,
        0,
        0,
        0,
        0,
        0,
        0,
        0,
        0,
        0,
        0,
        0,
        0,
        0,
        0,
        0,
        0,
        0,
        0,
        0,
        0,
        0,
        0,
        0,
        0,
        0,
        0,
        0,
        0,
        0,
        0,
        0,
        0,
        0,
        0,
        0,
        0,
        0,
        0,
        0,
        0,
        0,
        0,
        0,
        0,
        0,
        0,
        0,
        0,
        0,
        0,
        0,
        0,
        0,
        0,
        0,
        0,
        0,
        0,
        0,
        0,
        0,
        0,
        0,
        0,
        0,
        0,
        0,
        0,
        0,
        0,
        0,
        0,
        0,
        0,
        0,
        0,
        0,
        0,
        0,
        0,
        0,
        0,
        0,
        0,
        0
      ]
    }
  ]
}
